[
    {
        "fields": {
            "datatype": 8, 
            "rule": "^[ACGTacgt]*$", 
            "ruletype": "regexp"
        }, 
        "model": "metadata.basicconstraint", 
        "pk": 6
    }, 
    {
        "fields": {
            "datatype": 9, 
            "rule": "^[ACGUacgu]*$", 
            "ruletype": "regexp"
        }, 
        "model": "metadata.basicconstraint", 
        "pk": 7
    }, 
    {
        "fields": {
            "blankable": false, 
            "column_idx": 1, 
            "column_name": "label", 
            "compounddatatype": 5, 
            "datatype": 1
        }, 
        "model": "metadata.compounddatatypemember", 
        "pk": 7
    }, 
    {
        "fields": {
            "blankable": false, 
            "column_idx": 2, 
            "column_name": "integer", 
            "compounddatatype": 5, 
            "datatype": 4
        }, 
        "model": "metadata.compounddatatypemember", 
        "pk": 8
    }, 
    {
        "fields": {
            "blankable": false, 
            "column_idx": 3, 
            "column_name": "float", 
            "compounddatatype": 5, 
            "datatype": 3
        }, 
        "model": "metadata.compounddatatypemember", 
        "pk": 9
    }, 
    {
        "fields": {
            "blankable": false, 
            "column_idx": 4, 
            "column_name": "bool", 
            "compounddatatype": 5, 
            "datatype": 2
        }, 
        "model": "metadata.compounddatatypemember", 
        "pk": 10
    }, 
    {
        "fields": {
            "blankable": false, 
            "column_idx": 5, 
            "column_name": "rna", 
            "compounddatatype": 5, 
            "datatype": 9
        }, 
        "model": "metadata.compounddatatypemember", 
        "pk": 11
    }, 
    {
        "fields": {
            "blankable": false, 
            "column_idx": 1, 
            "column_name": "label", 
            "compounddatatype": 6, 
            "datatype": 1
        }, 
        "model": "metadata.compounddatatypemember", 
        "pk": 12
    }, 
    {
        "fields": {
            "blankable": false, 
            "column_idx": 2, 
            "column_name": "PBMCseq", 
            "compounddatatype": 6, 
            "datatype": 8
        }, 
        "model": "metadata.compounddatatypemember", 
        "pk": 13
    }, 
    {
        "fields": {
            "blankable": false, 
            "column_idx": 3, 
            "column_name": "PLAseq", 
            "compounddatatype": 6, 
            "datatype": 9
        }, 
        "model": "metadata.compounddatatypemember", 
        "pk": 14
    }, 
    {
        "fields": {
            "blankable": false, 
            "column_idx": 1, 
            "column_name": "SeqToComplement", 
            "compounddatatype": 7, 
            "datatype": 8
        }, 
        "model": "metadata.compounddatatypemember", 
        "pk": 15
    }, 
    {
        "fields": {
            "blankable": false, 
            "column_idx": 1, 
            "column_name": "ComplementedSeq", 
            "compounddatatype": 8, 
            "datatype": 8
        }, 
        "model": "metadata.compounddatatypemember", 
        "pk": 16
    }, 
    {
        "fields": {
            "blankable": false, 
            "column_idx": 1, 
            "column_name": "SeqToComplement", 
            "compounddatatype": 9, 
            "datatype": 9
        }, 
        "model": "metadata.compounddatatypemember", 
        "pk": 17
    }, 
    {
        "fields": {
            "blankable": false, 
            "column_idx": 1, 
            "column_name": "ComplementedSeq", 
            "compounddatatype": 10, 
            "datatype": 9
        }, 
        "model": "metadata.compounddatatypemember", 
        "pk": 18
    }, 
    {
        "fields": {
            "blankable": false, 
            "column_idx": 1, 
            "column_name": "x", 
            "compounddatatype": 11, 
            "datatype": 1
        }, 
        "model": "metadata.compounddatatypemember", 
        "pk": 19
    }, 
    {
        "fields": {
            "blankable": false, 
            "column_idx": 2, 
            "column_name": "y", 
            "compounddatatype": 11, 
            "datatype": 1
        }, 
        "model": "metadata.compounddatatypemember", 
        "pk": 20
    }, 
    {
        "fields": {
            "blankable": false, 
            "column_idx": 1, 
            "column_name": "k", 
            "compounddatatype": 12, 
            "datatype": 1
        }, 
        "model": "metadata.compounddatatypemember", 
        "pk": 21
    }, 
    {
        "fields": {
            "blankable": false, 
            "column_idx": 1, 
            "column_name": "a", 
            "compounddatatype": 13, 
            "datatype": 1
        }, 
        "model": "metadata.compounddatatypemember", 
        "pk": 22
    }, 
    {
        "fields": {
            "blankable": false, 
            "column_idx": 2, 
            "column_name": "b", 
            "compounddatatype": 13, 
            "datatype": 1
        }, 
        "model": "metadata.compounddatatypemember", 
        "pk": 23
    }, 
    {
        "fields": {
            "blankable": false, 
            "column_idx": 3, 
            "column_name": "c", 
            "compounddatatype": 13, 
            "datatype": 1
        }, 
        "model": "metadata.compounddatatypemember", 
        "pk": 24
    }, 
    {
        "fields": {
            "blankable": false, 
            "column_idx": 1, 
            "column_name": "a^2", 
            "compounddatatype": 14, 
            "datatype": 1
        }, 
        "model": "metadata.compounddatatypemember", 
        "pk": 25
    }, 
    {
        "fields": {
            "blankable": false, 
            "column_idx": 2, 
            "column_name": "b^2", 
            "compounddatatype": 14, 
            "datatype": 1
        }, 
        "model": "metadata.compounddatatypemember", 
        "pk": 26
    }, 
    {
        "fields": {
            "blankable": false, 
            "column_idx": 3, 
            "column_name": "c^2", 
            "compounddatatype": 14, 
            "datatype": 1
        }, 
        "model": "metadata.compounddatatypemember", 
        "pk": 27
    }, 
    {
        "fields": {
            "blankable": false, 
            "column_idx": 1, 
            "column_name": "StrCol1", 
            "compounddatatype": 15, 
            "datatype": 1
        }, 
        "model": "metadata.compounddatatypemember", 
        "pk": 28
    }, 
    {
        "fields": {
            "blankable": false, 
            "column_idx": 2, 
            "column_name": "DNACol2", 
            "compounddatatype": 15, 
            "datatype": 8
        }, 
        "model": "metadata.compounddatatypemember", 
        "pk": 29
    }, 
    {
        "fields": {
            "blankable": false, 
            "column_idx": 3, 
            "column_name": "StrCol3", 
            "compounddatatype": 15, 
            "datatype": 1
        }, 
        "model": "metadata.compounddatatypemember", 
        "pk": 30
    }, 
    {
        "fields": {
            "blankable": false, 
            "column_idx": 1, 
            "column_name": "x", 
            "compounddatatype": 16, 
            "datatype": 1
        }, 
        "model": "metadata.compounddatatypemember", 
        "pk": 31
    }, 
    {
        "fields": {
            "blankable": false, 
            "column_idx": 2, 
            "column_name": "y", 
            "compounddatatype": 16, 
            "datatype": 1
        }, 
        "model": "metadata.compounddatatypemember", 
        "pk": 32
    }, 
    {
        "fields": {
            "blankable": false, 
            "column_idx": 1, 
            "column_name": "a", 
            "compounddatatype": 17, 
            "datatype": 8
        }, 
        "model": "metadata.compounddatatypemember", 
        "pk": 33
    }, 
    {
        "fields": {
            "blankable": false, 
            "column_idx": 2, 
            "column_name": "b", 
            "compounddatatype": 17, 
            "datatype": 8
        }, 
        "model": "metadata.compounddatatypemember", 
        "pk": 34
    }, 
    {
        "fields": {
            "blankable": false, 
            "column_idx": 3, 
            "column_name": "c", 
            "compounddatatype": 17, 
            "datatype": 8
        }, 
        "model": "metadata.compounddatatypemember", 
        "pk": 35
    }, 
    {
        "fields": {
            "blankable": false, 
            "column_idx": 1, 
            "column_name": "x", 
            "compounddatatype": 18, 
            "datatype": 8
        }, 
        "model": "metadata.compounddatatypemember", 
        "pk": 36
    }, 
    {
        "fields": {
            "blankable": false, 
            "column_idx": 2, 
            "column_name": "y", 
            "compounddatatype": 18, 
            "datatype": 8
        }, 
        "model": "metadata.compounddatatypemember", 
        "pk": 37
    }, 
    {
        "fields": {
            "blankable": false, 
            "column_idx": 1, 
            "column_name": "word", 
            "compounddatatype": 19, 
            "datatype": 10
        }, 
        "model": "metadata.compounddatatypemember", 
        "pk": 38
    }, 
    {
        "fields": {
            "_complete": false, 
            "_redacted": false, 
            "_successful": true, 
            "end_time": null, 
            "execrecord": 1, 
            "is_cancelled": false, 
            "reused": false, 
            "start_time": null
        }, 
        "model": "archive.runcomponent", 
        "pk": 1
    }, 
    {
        "fields": {
            "_complete": false, 
            "_redacted": false, 
            "_successful": false, 
            "end_time": null, 
            "execrecord": 2, 
            "is_cancelled": false, 
            "reused": false, 
            "start_time": null
        }, 
        "model": "archive.runcomponent", 
        "pk": 2
    }, 
    {
        "fields": {
            "_complete": false, 
            "_redacted": false, 
            "_successful": true, 
            "end_time": null, 
            "execrecord": 3, 
            "is_cancelled": false, 
            "reused": false, 
            "start_time": null
        }, 
        "model": "archive.runcomponent", 
        "pk": 3
    }, 
    {
        "fields": {
            "pipelinestep": 1, 
            "run": 3
        }, 
        "model": "archive.runstep", 
        "pk": 1
    }, 
    {
        "fields": {
            "pipelinestep": 2, 
            "run": 4
        }, 
        "model": "archive.runstep", 
        "pk": 2
    }, 
    {
        "fields": {
            "pipelinestep": 4, 
            "run": 5
        }, 
        "model": "archive.runstep", 
        "pk": 3
    }, 
    {
        "fields": {
            "created_by": null, 
            "dataset_file": "Datasets/fixtures/step_0_triplet.csv", 
            "date_created": "2015-07-17T23:11:03.383Z", 
            "date_modified": "2015-07-17T23:11:03.383Z", 
            "description": "lol", 
            "name": "triplet", 
            "symbolicdataset": 1
        }, 
        "model": "archive.dataset", 
        "pk": 1
    }, 
    {
        "fields": {
            "created_by": null, 
            "dataset_file": "Datasets/fixtures/doublet_cdt.csv", 
            "date_created": "2015-07-17T23:11:03.446Z", 
            "date_modified": "2015-07-17T23:11:03.446Z", 
            "description": "lol", 
            "name": "doublet", 
            "symbolicdataset": 2
        }, 
        "model": "archive.dataset", 
        "pk": 2
    }, 
    {
        "fields": {
            "created_by": null, 
            "dataset_file": "Datasets/fixtures/singlet_cdt_large.csv", 
            "date_created": "2015-07-17T23:11:03.490Z", 
            "date_modified": "2015-07-17T23:11:03.490Z", 
            "description": "lol", 
            "name": "singlet", 
            "symbolicdataset": 3
        }, 
        "model": "archive.dataset", 
        "pk": 3
    }, 
    {
        "fields": {
            "created_by": null, 
            "dataset_file": "Datasets/fixtures/step_0_singlet.csv", 
            "date_created": "2015-07-17T23:11:03.534Z", 
            "date_modified": "2015-07-17T23:11:03.534Z", 
            "description": "lol", 
            "name": "singlet", 
            "symbolicdataset": 4
        }, 
        "model": "archive.dataset", 
        "pk": 4
    }, 
    {
        "fields": {
            "created_by": null, 
            "dataset_file": "Datasets/fixtures/step_0_raw.fasta", 
            "date_created": "2015-07-17T23:11:03.547Z", 
            "date_modified": "2015-07-17T23:11:03.547Z", 
            "description": "lol", 
            "name": "raw_DS", 
            "symbolicdataset": 5
        }, 
        "model": "archive.dataset", 
        "pk": 5
    }, 
    {
        "fields": {
            "created_by": null, 
            "dataset_file": "Datasets/fixtures/C1_in_triplet.csv", 
            "date_created": "2015-07-17T23:11:03.687Z", 
            "date_modified": "2015-07-17T23:11:03.687Z", 
            "description": "triplet 3 rows", 
            "name": "C1_in_triplet", 
            "symbolicdataset": 7
        }, 
        "model": "archive.dataset", 
        "pk": 6
    }, 
    {
        "fields": {
            "created_by": null, 
            "dataset_file": "Datasets/fixtures/E11_32_output.csv", 
            "date_created": "2015-07-17T23:11:03.805Z", 
            "date_modified": "2015-07-17T23:11:03.805Z", 
            "description": "result of E11_32 fed by doublet_cdt.csv", 
            "name": "E11_32 output doublet", 
            "symbolicdataset": 9
        }, 
        "model": "archive.dataset", 
        "pk": 7
    }, 
    {
        "fields": {
            "created_by": null, 
            "dataset_file": "Datasets/fixtures/step_0_singlet_D0gyOuy.csv", 
            "date_created": "2015-07-17T23:11:03.848Z", 
            "date_modified": "2015-07-17T23:11:03.848Z", 
            "description": "lol", 
            "name": "raw", 
            "symbolicdataset": 10
        }, 
        "model": "archive.dataset", 
        "pk": 8
    }, 
    {
        "fields": {
            "created_by": null, 
            "dataset_file": "Datasets/fixtures/step_0_raw_1oSNQpd.fasta", 
            "date_created": "2015-07-17T23:11:03.862Z", 
            "date_modified": "2015-07-17T23:11:03.862Z", 
            "description": "lol", 
            "name": "C2_out", 
            "symbolicdataset": 11
        }, 
        "model": "archive.dataset", 
        "pk": 9
    }, 
    {
        "fields": {
            "created_by": null, 
            "dataset_file": "Datasets/fixtures/step_0_raw_PhrfHjq.fasta", 
            "date_created": "2015-07-17T23:11:03.870Z", 
            "date_modified": "2015-07-17T23:11:03.870Z", 
            "description": "lol", 
            "name": "C3_out", 
            "symbolicdataset": 12
        }, 
        "model": "archive.dataset", 
        "pk": 10
    }, 
    {
        "fields": {
            "created_by": null, 
            "dataset_file": "Datasets/fixtures/step_0_triplet_3_rows.csv", 
            "date_created": "2015-07-17T23:11:03.956Z", 
            "date_modified": "2015-07-17T23:11:03.956Z", 
            "description": "lol", 
            "name": "triplet", 
            "symbolicdataset": 13
        }, 
        "model": "archive.dataset", 
        "pk": 11
    }, 
    {
        "fields": {
            "created_by": null, 
            "dataset_file": "Datasets/fixtures/doublet_remuxed_from_t3r.csv", 
            "date_created": "2015-07-17T23:11:04.016Z", 
            "date_modified": "2015-07-17T23:11:04.016Z", 
            "description": "doublet remuxed from triplet", 
            "name": "E1_out", 
            "symbolicdataset": 14
        }, 
        "model": "archive.dataset", 
        "pk": 12
    }, 
    {
        "fields": {
            "created_by": null, 
            "dataset_file": "Datasets/fixtures/DNA_triplet.csv", 
            "date_created": "2015-07-17T23:11:04.203Z", 
            "date_modified": "2015-07-17T23:11:04.203Z", 
            "description": "DNA triplet data", 
            "name": "DNA_triplet", 
            "symbolicdataset": 15
        }, 
        "model": "archive.dataset", 
        "pk": 13
    }, 
    {
        "fields": {
            "created_by": null, 
            "dataset_file": "Datasets/fixtures/E01_21_DNA_doublet.csv", 
            "date_created": "2015-07-17T23:11:04.334Z", 
            "date_modified": "2015-07-17T23:11:04.334Z", 
            "description": "DNA doublet data coming from DNA_triplet.csv but remultiplexed according to cable E01_21", 
            "name": "E01_21_DNA_doublet", 
            "symbolicdataset": 16
        }, 
        "model": "archive.dataset", 
        "pk": 14
    }, 
    {
        "fields": {
            "created_by": null, 
            "dataset_file": "Datasets/fixtures/E21_41_DNA_doublet.csv", 
            "date_created": "2015-07-17T23:11:04.466Z", 
            "date_modified": "2015-07-17T23:11:04.466Z", 
            "description": "DNA doublet data coming from DNA_triplet.csv but remultiplexed according to cable E21_41", 
            "name": "E21_41_DNA_doublet", 
            "symbolicdataset": 17
        }, 
        "model": "archive.dataset", 
        "pk": 15
    }, 
    {
        "fields": {
            "end_time": null, 
            "invoking_record": 1, 
            "record": 1, 
            "start_time": null
        }, 
        "model": "archive.execlog", 
        "pk": 1
    }, 
    {
        "fields": {
            "end_time": null, 
            "invoking_record": 2, 
            "record": 2, 
            "start_time": null
        }, 
        "model": "archive.execlog", 
        "pk": 2
    }, 
    {
        "fields": {
            "end_time": null, 
            "invoking_record": 3, 
            "record": 3, 
            "start_time": null
        }, 
        "model": "archive.execlog", 
        "pk": 3
    }, 
    {
        "fields": {
            "code_redacted": false, 
            "error_log": "", 
            "error_redacted": false, 
            "execlog": 1, 
            "output_log": "", 
            "output_redacted": false, 
            "return_code": 0
        }, 
        "model": "archive.methodoutput", 
        "pk": 1
    }, 
    {
        "fields": {
            "code_redacted": false, 
            "error_log": "", 
            "error_redacted": false, 
            "execlog": 2, 
            "output_log": "", 
            "output_redacted": false, 
            "return_code": 1
        }, 
        "model": "archive.methodoutput", 
        "pk": 2
    }, 
    {
        "fields": {
            "code_redacted": false, 
            "error_log": "", 
            "error_redacted": false, 
            "execlog": 3, 
            "output_log": "", 
            "output_redacted": false, 
            "return_code": 0
        }, 
        "model": "archive.methodoutput", 
        "pk": 3
    }, 
    {
        "fields": {
            "compounddatatype": 13, 
            "num_rows": 10, 
            "symbolicdataset": 1
        }, 
        "model": "librarian.datasetstructure", 
        "pk": 1
    }, 
    {
        "fields": {
            "compounddatatype": 16, 
            "num_rows": 3, 
            "symbolicdataset": 2
        }, 
        "model": "librarian.datasetstructure", 
        "pk": 2
    }, 
    {
        "fields": {
            "compounddatatype": 12, 
            "num_rows": 13, 
            "symbolicdataset": 3
        }, 
        "model": "librarian.datasetstructure", 
        "pk": 3
    }, 
    {
        "fields": {
            "compounddatatype": 12, 
            "num_rows": 3, 
            "symbolicdataset": 4
        }, 
        "model": "librarian.datasetstructure", 
        "pk": 4
    }, 
    {
        "fields": {
            "compounddatatype": 16, 
            "num_rows": 10, 
            "symbolicdataset": 6
        }, 
        "model": "librarian.datasetstructure", 
        "pk": 5
    }, 
    {
        "fields": {
            "compounddatatype": 13, 
            "num_rows": 3, 
            "symbolicdataset": 7
        }, 
        "model": "librarian.datasetstructure", 
        "pk": 6
    }, 
    {
        "fields": {
            "compounddatatype": 16, 
            "num_rows": 3, 
            "symbolicdataset": 8
        }, 
        "model": "librarian.datasetstructure", 
        "pk": 7
    }, 
    {
        "fields": {
            "compounddatatype": 16, 
            "num_rows": 3, 
            "symbolicdataset": 9
        }, 
        "model": "librarian.datasetstructure", 
        "pk": 8
    }, 
    {
        "fields": {
            "compounddatatype": 12, 
            "num_rows": 3, 
            "symbolicdataset": 10
        }, 
        "model": "librarian.datasetstructure", 
        "pk": 9
    }, 
    {
        "fields": {
            "compounddatatype": 13, 
            "num_rows": 3, 
            "symbolicdataset": 13
        }, 
        "model": "librarian.datasetstructure", 
        "pk": 10
    }, 
    {
        "fields": {
            "compounddatatype": 16, 
            "num_rows": 3, 
            "symbolicdataset": 14
        }, 
        "model": "librarian.datasetstructure", 
        "pk": 11
    }, 
    {
        "fields": {
            "compounddatatype": 17, 
            "num_rows": 3, 
            "symbolicdataset": 15
        }, 
        "model": "librarian.datasetstructure", 
        "pk": 12
    }, 
    {
        "fields": {
            "compounddatatype": 18, 
            "num_rows": 3, 
            "symbolicdataset": 16
        }, 
        "model": "librarian.datasetstructure", 
        "pk": 13
    }, 
    {
        "fields": {
            "compounddatatype": 18, 
            "num_rows": 3, 
            "symbolicdataset": 17
        }, 
        "model": "librarian.datasetstructure", 
        "pk": 14
    }, 
    {
        "fields": {
            "generator": 1
        }, 
        "model": "librarian.execrecord", 
        "pk": 1
    }, 
    {
        "fields": {
            "generator": 2
        }, 
        "model": "librarian.execrecord", 
        "pk": 2
    }, 
    {
        "fields": {
            "generator": 3
        }, 
        "model": "librarian.execrecord", 
        "pk": 3
    }, 
    {
        "fields": {
            "execrecord": 1, 
            "generic_input": 4, 
            "symbolicdataset": 3
        }, 
        "model": "librarian.execrecordin", 
        "pk": 1
    }, 
    {
        "fields": {
            "execrecord": 1, 
            "generic_input": 3, 
            "symbolicdataset": 2
        }, 
        "model": "librarian.execrecordin", 
        "pk": 2
    }, 
    {
        "fields": {
            "execrecord": 2, 
            "generic_input": 1, 
            "symbolicdataset": 5
        }, 
        "model": "librarian.execrecordin", 
        "pk": 3
    }, 
    {
        "fields": {
            "execrecord": 3, 
            "generic_input": 7, 
            "symbolicdataset": 2
        }, 
        "model": "librarian.execrecordin", 
        "pk": 4
    }, 
    {
        "fields": {
            "execrecord": 3, 
            "generic_input": 6, 
            "symbolicdataset": 1
        }, 
        "model": "librarian.execrecordin", 
        "pk": 5
    }, 
    {
        "fields": {
            "fill_colour": "", 
            "name": "", 
            "outputs_to_delete": [], 
            "pipeline": 4, 
            "step_num": 1, 
            "transformation": 2, 
            "x": 0.0, 
            "y": 0.0
        }, 
        "model": "pipeline.pipelinestep", 
        "pk": 1
    }, 
    {
        "fields": {
            "fill_colour": "", 
            "name": "", 
            "outputs_to_delete": [], 
            "pipeline": 5, 
            "step_num": 1, 
            "transformation": 1, 
            "x": 0.0, 
            "y": 0.0
        }, 
        "model": "pipeline.pipelinestep", 
        "pk": 2
    }, 
    {
        "fields": {
            "fill_colour": "", 
            "name": "", 
            "outputs_to_delete": [], 
            "pipeline": 5, 
            "step_num": 2, 
            "transformation": 4, 
            "x": 0.0, 
            "y": 0.0
        }, 
        "model": "pipeline.pipelinestep", 
        "pk": 3
    }, 
    {
        "fields": {
            "fill_colour": "", 
            "name": "", 
            "outputs_to_delete": [], 
            "pipeline": 5, 
            "step_num": 3, 
            "transformation": 3, 
            "x": 0.0, 
            "y": 0.0
        }, 
        "model": "pipeline.pipelinestep", 
        "pk": 4
    }, 
    {
        "fields": {}, 
        "model": "pipeline.pipelinecable", 
        "pk": 1
    }, 
    {
        "fields": {}, 
        "model": "pipeline.pipelinecable", 
        "pk": 2
    }, 
    {
        "fields": {}, 
        "model": "pipeline.pipelinecable", 
        "pk": 3
    }, 
    {
        "fields": {}, 
        "model": "pipeline.pipelinecable", 
        "pk": 4
    }, 
    {
        "fields": {}, 
        "model": "pipeline.pipelinecable", 
        "pk": 5
    }, 
    {
        "fields": {}, 
        "model": "pipeline.pipelinecable", 
        "pk": 6
    }, 
    {
        "fields": {}, 
        "model": "pipeline.pipelinecable", 
        "pk": 7
    }, 
    {
        "fields": {}, 
        "model": "pipeline.pipelinecable", 
        "pk": 8
    }, 
    {
        "fields": {}, 
        "model": "pipeline.pipelinecable", 
        "pk": 9
    }, 
    {
        "fields": {}, 
        "model": "pipeline.pipelinecable", 
        "pk": 10
    }, 
    {
        "fields": {}, 
        "model": "pipeline.pipelinecable", 
        "pk": 11
    }, 
    {
        "fields": {
            "dest": 3, 
            "keep_output": false, 
            "pipelinestep": 1, 
            "source": 11, 
            "source_step": 0
        }, 
        "model": "pipeline.pipelinestepinputcable", 
        "pk": 1
    }, 
    {
        "fields": {
            "dest": 4, 
            "keep_output": false, 
            "pipelinestep": 1, 
            "source": 12, 
            "source_step": 0
        }, 
        "model": "pipeline.pipelinestepinputcable", 
        "pk": 2
    }, 
    {
        "fields": {
            "dest": 1, 
            "keep_output": false, 
            "pipelinestep": 2, 
            "source": 15, 
            "source_step": 0
        }, 
        "model": "pipeline.pipelinestepinputcable", 
        "pk": 4
    }, 
    {
        "fields": {
            "dest": 11, 
            "keep_output": false, 
            "pipelinestep": 3, 
            "source": 13, 
            "source_step": 0
        }, 
        "model": "pipeline.pipelinestepinputcable", 
        "pk": 5
    }, 
    {
        "fields": {
            "dest": 12, 
            "keep_output": false, 
            "pipelinestep": 3, 
            "source": 14, 
            "source_step": 0
        }, 
        "model": "pipeline.pipelinestepinputcable", 
        "pk": 6
    }, 
    {
        "fields": {
            "dest": 7, 
            "keep_output": false, 
            "pipelinestep": 4, 
            "source": 2, 
            "source_step": 1
        }, 
        "model": "pipeline.pipelinestepinputcable", 
        "pk": 7
    }, 
    {
        "fields": {
            "dest": 6, 
            "keep_output": false, 
            "pipelinestep": 4, 
            "source": 16, 
            "source_step": 2
        }, 
        "model": "pipeline.pipelinestepinputcable", 
        "pk": 8
    }, 
    {
        "fields": {
            "cable": 5, 
            "dest_pin": 32, 
            "source_pin": 22
        }, 
        "model": "pipeline.customcablewire", 
        "pk": 1
    }, 
    {
        "fields": {
            "cable": 5, 
            "dest_pin": 31, 
            "source_pin": 24
        }, 
        "model": "pipeline.customcablewire", 
        "pk": 2
    }, 
    {
        "fields": {
            "cable": 7, 
            "dest_pin": 32, 
            "source_pin": 31
        }, 
        "model": "pipeline.customcablewire", 
        "pk": 3
    }, 
    {
        "fields": {
            "cable": 7, 
            "dest_pin": 31, 
            "source_pin": 32
        }, 
        "model": "pipeline.customcablewire", 
        "pk": 4
    }, 
    {
        "fields": {
            "cable": 9, 
            "dest_pin": 32, 
            "source_pin": 23
        }, 
        "model": "pipeline.customcablewire", 
        "pk": 5
    }, 
    {
        "fields": {
            "cable": 9, 
            "dest_pin": 31, 
            "source_pin": 24
        }, 
        "model": "pipeline.customcablewire", 
        "pk": 6
    }, 
    {
        "fields": {
            "output_cdt": 13, 
            "output_idx": 1, 
            "output_name": "D1_out", 
            "pipeline": 4, 
            "source": 5, 
            "source_step": 1
        }, 
        "model": "pipeline.pipelineoutputcable", 
        "pk": 3
    }, 
    {
        "fields": {
            "output_cdt": 16, 
            "output_idx": 1, 
            "output_name": "E1_out", 
            "pipeline": 5, 
            "source": 16, 
            "source_step": 2
        }, 
        "model": "pipeline.pipelineoutputcable", 
        "pk": 9
    }, 
    {
        "fields": {
            "output_cdt": 12, 
            "output_idx": 2, 
            "output_name": "E2_out", 
            "pipeline": 5, 
            "source": 8, 
            "source_step": 3
        }, 
        "model": "pipeline.pipelineoutputcable", 
        "pk": 10
    }, 
    {
        "fields": {
            "output_cdt": null, 
            "output_idx": 3, 
            "output_name": "E3_rawout", 
            "pipeline": 5, 
            "source": 10, 
            "source_step": 3
        }, 
        "model": "pipeline.pipelineoutputcable", 
        "pk": 11
    }, 
    {
        "fields": {
            "x": 0.0, 
            "y": 0.0
        }, 
        "model": "transformation.transformationxput", 
        "pk": 1
    }, 
    {
        "fields": {
            "x": 0.0, 
            "y": 0.0
        }, 
        "model": "transformation.transformationxput", 
        "pk": 2
    }, 
    {
        "fields": {
            "x": 0.0, 
            "y": 0.0
        }, 
        "model": "transformation.transformationxput", 
        "pk": 3
    }, 
    {
        "fields": {
            "x": 0.0, 
            "y": 0.0
        }, 
        "model": "transformation.transformationxput", 
        "pk": 4
    }, 
    {
        "fields": {
            "x": 0.0, 
            "y": 0.0
        }, 
        "model": "transformation.transformationxput", 
        "pk": 5
    }, 
    {
        "fields": {
            "x": 0.0, 
            "y": 0.0
        }, 
        "model": "transformation.transformationxput", 
        "pk": 6
    }, 
    {
        "fields": {
            "x": 0.0, 
            "y": 0.0
        }, 
        "model": "transformation.transformationxput", 
        "pk": 7
    }, 
    {
        "fields": {
            "x": 0.0, 
            "y": 0.0
        }, 
        "model": "transformation.transformationxput", 
        "pk": 8
    }, 
    {
        "fields": {
            "x": 0.0, 
            "y": 0.0
        }, 
        "model": "transformation.transformationxput", 
        "pk": 9
    }, 
    {
        "fields": {
            "x": 0.0, 
            "y": 0.0
        }, 
        "model": "transformation.transformationxput", 
        "pk": 10
    }, 
    {
        "fields": {
            "x": 0.0, 
            "y": 0.0
        }, 
        "model": "transformation.transformationxput", 
        "pk": 11
    }, 
    {
        "fields": {
            "x": 0.0, 
            "y": 0.0
        }, 
        "model": "transformation.transformationxput", 
        "pk": 12
    }, 
    {
        "fields": {
            "x": 0.0, 
            "y": 0.0
        }, 
        "model": "transformation.transformationxput", 
        "pk": 13
    }, 
    {
        "fields": {
            "x": 0.0, 
            "y": 0.0
        }, 
        "model": "transformation.transformationxput", 
        "pk": 14
    }, 
    {
        "fields": {
            "x": 0.0, 
            "y": 0.0
        }, 
        "model": "transformation.transformationxput", 
        "pk": 15
    }, 
    {
        "fields": {
            "x": 0.0, 
            "y": 0.0
        }, 
        "model": "transformation.transformationxput", 
        "pk": 16
    }, 
    {
        "fields": {
            "x": 0.0, 
            "y": 0.0
        }, 
        "model": "transformation.transformationxput", 
        "pk": 17
    }, 
    {
        "fields": {
            "x": 0.0, 
            "y": 0.0
        }, 
        "model": "transformation.transformationxput", 
        "pk": 18
    }, 
    {
        "fields": {
            "x": 0.0, 
            "y": 0.0
        }, 
        "model": "transformation.transformationxput", 
        "pk": 19
    }, 
    {
        "fields": {
            "x": 0.0, 
            "y": 0.0
        }, 
        "model": "transformation.transformationxput", 
        "pk": 20
    }, 
    {
        "fields": {
            "x": 0.0, 
            "y": 0.0
        }, 
        "model": "transformation.transformationxput", 
        "pk": 21
    }, 
    {
        "fields": {
            "x": 0.0, 
            "y": 0.0
        }, 
        "model": "transformation.transformationxput", 
        "pk": 22
    }, 
    {
        "fields": {
            "x": 0.0, 
            "y": 0.0
        }, 
        "model": "transformation.transformationxput", 
        "pk": 23
    }, 
    {
        "fields": {
            "x": 0.0, 
            "y": 0.0
        }, 
        "model": "transformation.transformationxput", 
        "pk": 24
    }, 
    {
        "fields": {
            "x": 0.0, 
            "y": 0.0
        }, 
        "model": "transformation.transformationxput", 
        "pk": 25
    }, 
    {
        "fields": {
            "compounddatatype": 16, 
            "max_row": null, 
            "min_row": null, 
            "transf_xput": 2
        }, 
        "model": "transformation.xputstructure", 
        "pk": 1
    }, 
    {
        "fields": {
            "compounddatatype": 16, 
            "max_row": null, 
            "min_row": null, 
            "transf_xput": 3
        }, 
        "model": "transformation.xputstructure", 
        "pk": 2
    }, 
    {
        "fields": {
            "compounddatatype": 12, 
            "max_row": null, 
            "min_row": null, 
            "transf_xput": 4
        }, 
        "model": "transformation.xputstructure", 
        "pk": 3
    }, 
    {
        "fields": {
            "compounddatatype": 13, 
            "max_row": 5, 
            "min_row": null, 
            "transf_xput": 5
        }, 
        "model": "transformation.xputstructure", 
        "pk": 4
    }, 
    {
        "fields": {
            "compounddatatype": 13, 
            "max_row": null, 
            "min_row": null, 
            "transf_xput": 6
        }, 
        "model": "transformation.xputstructure", 
        "pk": 5
    }, 
    {
        "fields": {
            "compounddatatype": 16, 
            "max_row": null, 
            "min_row": null, 
            "transf_xput": 7
        }, 
        "model": "transformation.xputstructure", 
        "pk": 6
    }, 
    {
        "fields": {
            "compounddatatype": 12, 
            "max_row": null, 
            "min_row": null, 
            "transf_xput": 8
        }, 
        "model": "transformation.xputstructure", 
        "pk": 7
    }, 
    {
        "fields": {
            "compounddatatype": 16, 
            "max_row": null, 
            "min_row": null, 
            "transf_xput": 11
        }, 
        "model": "transformation.xputstructure", 
        "pk": 8
    }, 
    {
        "fields": {
            "compounddatatype": 12, 
            "max_row": null, 
            "min_row": null, 
            "transf_xput": 12
        }, 
        "model": "transformation.xputstructure", 
        "pk": 9
    }, 
    {
        "fields": {
            "compounddatatype": 13, 
            "max_row": null, 
            "min_row": null, 
            "transf_xput": 13
        }, 
        "model": "transformation.xputstructure", 
        "pk": 10
    }, 
    {
        "fields": {
            "compounddatatype": 12, 
            "max_row": null, 
            "min_row": 10, 
            "transf_xput": 14
        }, 
        "model": "transformation.xputstructure", 
        "pk": 11
    }, 
    {
        "fields": {
            "compounddatatype": 13, 
            "max_row": 5, 
            "min_row": null, 
            "transf_xput": 16
        }, 
        "model": "transformation.xputstructure", 
        "pk": 12
    }, 
    {
        "fields": {
            "compounddatatype": 16, 
            "max_row": 5, 
            "min_row": null, 
            "transf_xput": 17
        }, 
        "model": "transformation.xputstructure", 
        "pk": 13
    }, 
    {
        "fields": {
            "compounddatatype": 12, 
            "max_row": null, 
            "min_row": null, 
            "transf_xput": 18
        }, 
        "model": "transformation.xputstructure", 
        "pk": 14
    }, 
    {
        "fields": {
            "compounddatatype": 19, 
            "max_row": null, 
            "min_row": null, 
            "transf_xput": 20
        }, 
        "model": "transformation.xputstructure", 
        "pk": 15
    }, 
    {
        "fields": {
            "compounddatatype": 19, 
            "max_row": null, 
            "min_row": null, 
            "transf_xput": 21
        }, 
        "model": "transformation.xputstructure", 
        "pk": 16
    }, 
    {
        "fields": {
            "compounddatatype": 19, 
            "max_row": null, 
            "min_row": null, 
            "transf_xput": 22
        }, 
        "model": "transformation.xputstructure", 
        "pk": 17
    }, 
    {
        "fields": {
            "compounddatatype": 19, 
            "max_row": null, 
            "min_row": null, 
            "transf_xput": 23
        }, 
        "model": "transformation.xputstructure", 
        "pk": 18
    }, 
    {
        "fields": {
            "dataset_idx": 1, 
            "dataset_name": "A1_rawin", 
            "transformation": 1
        }, 
        "model": "transformation.transformationinput", 
        "pk": 1
    }, 
    {
        "fields": {
            "dataset_idx": 1, 
            "dataset_name": "B1_in", 
            "transformation": 2
        }, 
        "model": "transformation.transformationinput", 
        "pk": 3
    }, 
    {
        "fields": {
            "dataset_idx": 2, 
            "dataset_name": "B2_in", 
            "transformation": 2
        }, 
        "model": "transformation.transformationinput", 
        "pk": 4
    }, 
    {
        "fields": {
            "dataset_idx": 1, 
            "dataset_name": "C1_in", 
            "transformation": 3
        }, 
        "model": "transformation.transformationinput", 
        "pk": 6
    }, 
    {
        "fields": {
            "dataset_idx": 2, 
            "dataset_name": "C2_in", 
            "transformation": 3
        }, 
        "model": "transformation.transformationinput", 
        "pk": 7
    }, 
    {
        "fields": {
            "dataset_idx": 1, 
            "dataset_name": "D1_in", 
            "transformation": 4
        }, 
        "model": "transformation.transformationinput", 
        "pk": 11
    }, 
    {
        "fields": {
            "dataset_idx": 2, 
            "dataset_name": "D2_in", 
            "transformation": 4
        }, 
        "model": "transformation.transformationinput", 
        "pk": 12
    }, 
    {
        "fields": {
            "dataset_idx": 1, 
            "dataset_name": "E1_in", 
            "transformation": 5
        }, 
        "model": "transformation.transformationinput", 
        "pk": 13
    }, 
    {
        "fields": {
            "dataset_idx": 2, 
            "dataset_name": "E2_in", 
            "transformation": 5
        }, 
        "model": "transformation.transformationinput", 
        "pk": 14
    }, 
    {
        "fields": {
            "dataset_idx": 3, 
            "dataset_name": "E3_rawin", 
            "transformation": 5
        }, 
        "model": "transformation.transformationinput", 
        "pk": 15
    }, 
    {
        "fields": {
            "dataset_idx": 1, 
            "dataset_name": "strings", 
            "transformation": 6
        }, 
        "model": "transformation.transformationinput", 
        "pk": 20
    }, 
    {
        "fields": {
            "dataset_idx": 1, 
            "dataset_name": "strings", 
            "transformation": 7
        }, 
        "model": "transformation.transformationinput", 
        "pk": 22
    }, 
    {
        "fields": {
            "dataset_idx": 1, 
            "dataset_name": "raw", 
            "transformation": 8
        }, 
        "model": "transformation.transformationinput", 
        "pk": 24
    }, 
    {
        "fields": {
            "dataset_idx": 1, 
            "dataset_name": "A1_out", 
            "transformation": 1
        }, 
        "model": "transformation.transformationoutput", 
        "pk": 2
    }, 
    {
        "fields": {
            "dataset_idx": 1, 
            "dataset_name": "B1_out", 
            "transformation": 2
        }, 
        "model": "transformation.transformationoutput", 
        "pk": 5
    }, 
    {
        "fields": {
            "dataset_idx": 1, 
            "dataset_name": "C1_out", 
            "transformation": 3
        }, 
        "model": "transformation.transformationoutput", 
        "pk": 8
    }, 
    {
        "fields": {
            "dataset_idx": 2, 
            "dataset_name": "C2_rawout", 
            "transformation": 3
        }, 
        "model": "transformation.transformationoutput", 
        "pk": 9
    }, 
    {
        "fields": {
            "dataset_idx": 3, 
            "dataset_name": "C3_rawout", 
            "transformation": 3
        }, 
        "model": "transformation.transformationoutput", 
        "pk": 10
    }, 
    {
        "fields": {
            "dataset_idx": 1, 
            "dataset_name": "D1_out", 
            "transformation": 4
        }, 
        "model": "transformation.transformationoutput", 
        "pk": 16
    }, 
    {
        "fields": {
            "dataset_idx": 1, 
            "dataset_name": "E1_out", 
            "transformation": 5
        }, 
        "model": "transformation.transformationoutput", 
        "pk": 17
    }, 
    {
        "fields": {
            "dataset_idx": 2, 
            "dataset_name": "E2_out", 
            "transformation": 5
        }, 
        "model": "transformation.transformationoutput", 
        "pk": 18
    }, 
    {
        "fields": {
            "dataset_idx": 3, 
            "dataset_name": "E3_rawout", 
            "transformation": 5
        }, 
        "model": "transformation.transformationoutput", 
        "pk": 19
    }, 
    {
        "fields": {
            "dataset_idx": 1, 
            "dataset_name": "same_strings", 
            "transformation": 6
        }, 
        "model": "transformation.transformationoutput", 
        "pk": 21
    }, 
    {
        "fields": {
            "dataset_idx": 1, 
            "dataset_name": "untouched_strings", 
            "transformation": 7
        }, 
        "model": "transformation.transformationoutput", 
        "pk": 23
    }, 
    {
        "fields": {
            "dataset_idx": 1, 
            "dataset_name": "same_raw", 
            "transformation": 8
        }, 
        "model": "transformation.transformationoutput", 
        "pk": 25
    }, 
    {
        "fields": {
            "date_joined": "2015-07-17T23:11:02.167Z", 
            "email": "lennon@thebeatles.com", 
            "first_name": "", 
            "groups": [
                1
            ], 
            "is_active": true, 
            "is_staff": false, 
            "is_superuser": false, 
            "last_login": "2015-07-17T23:11:02.167Z", 
            "last_name": "", 
            "password": "pbkdf2_sha256$15000$pBKCTiiEuegO$M9Qmm5SmRE8OMy017yqI+woiVJpON9kNnJyQlT4H5Hw=", 
            "user_permissions": [], 
            "username": "john"
        }, 
        "model": "auth.user", 
        "pk": 2
    }, 
    {
        "fields": {
            "date_joined": "2015-07-17T23:11:04.688Z", 
            "email": "bob@talabs.com", 
            "first_name": "", 
            "groups": [
                1
            ], 
            "is_active": true, 
            "is_staff": false, 
            "is_superuser": false, 
            "last_login": "2015-07-17T23:11:04.688Z", 
            "last_name": "", 
            "password": "pbkdf2_sha256$15000$ngWKwCMeXKb1$Xo/TaqseOM4uN2k5iNoiZK/G6y4Zrl8jxdp4cg8jDxM=", 
            "user_permissions": [], 
            "username": "bob"
        }, 
        "model": "auth.user", 
        "pk": 3
    }, 
    {
        "fields": {
            "date_created": "2015-07-17T23:11:02.285Z", 
            "description": "String consisting of ACGTacgt", 
            "groups_allowed": [
                1
            ], 
            "name": "DNANucSeq", 
            "prototype": null, 
            "restricts": [
                1
            ], 
            "user": 2, 
            "users_allowed": []
        }, 
        "model": "metadata.datatype", 
        "pk": 8
    }, 
    {
        "fields": {
            "date_created": "2015-07-17T23:11:02.295Z", 
            "description": "String consisting of ACGUacgu", 
            "groups_allowed": [
                1
            ], 
            "name": "RNANucSeq", 
            "prototype": null, 
            "restricts": [
                1
            ], 
            "user": 2, 
            "users_allowed": []
        }, 
        "model": "metadata.datatype", 
        "pk": 9
    }, 
    {
        "fields": {
            "date_created": "2015-07-17T23:11:04.801Z", 
            "description": "sequences of ASCII characters", 
            "groups_allowed": [
                1
            ], 
            "name": "my_string", 
            "prototype": null, 
            "restricts": [
                1
            ], 
            "user": 3, 
            "users_allowed": []
        }, 
        "model": "metadata.datatype", 
        "pk": 10
    }, 
    {
        "fields": {
            "groups_allowed": [
                1
            ], 
            "user": 2, 
            "users_allowed": []
        }, 
        "model": "metadata.compounddatatype", 
        "pk": 5
    }, 
    {
        "fields": {
            "groups_allowed": [
                1
            ], 
            "user": 2, 
            "users_allowed": []
        }, 
        "model": "metadata.compounddatatype", 
        "pk": 6
    }, 
    {
        "fields": {
            "groups_allowed": [
                1
            ], 
            "user": 2, 
            "users_allowed": []
        }, 
        "model": "metadata.compounddatatype", 
        "pk": 7
    }, 
    {
        "fields": {
            "groups_allowed": [
                1
            ], 
            "user": 2, 
            "users_allowed": []
        }, 
        "model": "metadata.compounddatatype", 
        "pk": 8
    }, 
    {
        "fields": {
            "groups_allowed": [
                1
            ], 
            "user": 2, 
            "users_allowed": []
        }, 
        "model": "metadata.compounddatatype", 
        "pk": 9
    }, 
    {
        "fields": {
            "groups_allowed": [
                1
            ], 
            "user": 2, 
            "users_allowed": []
        }, 
        "model": "metadata.compounddatatype", 
        "pk": 10
    }, 
    {
        "fields": {
            "groups_allowed": [
                1
            ], 
            "user": 2, 
            "users_allowed": []
        }, 
        "model": "metadata.compounddatatype", 
        "pk": 11
    }, 
    {
        "fields": {
            "groups_allowed": [
                1
            ], 
            "user": 2, 
            "users_allowed": []
        }, 
        "model": "metadata.compounddatatype", 
        "pk": 12
    }, 
    {
        "fields": {
            "groups_allowed": [
                1
            ], 
            "user": 2, 
            "users_allowed": []
        }, 
        "model": "metadata.compounddatatype", 
        "pk": 13
    }, 
    {
        "fields": {
            "groups_allowed": [
                1
            ], 
            "user": 2, 
            "users_allowed": []
        }, 
        "model": "metadata.compounddatatype", 
        "pk": 14
    }, 
    {
        "fields": {
            "groups_allowed": [
                1
            ], 
            "user": 2, 
            "users_allowed": []
        }, 
        "model": "metadata.compounddatatype", 
        "pk": 15
    }, 
    {
        "fields": {
            "groups_allowed": [
                1
            ], 
            "user": 2, 
            "users_allowed": []
        }, 
        "model": "metadata.compounddatatype", 
        "pk": 16
    }, 
    {
        "fields": {
            "groups_allowed": [
                1
            ], 
            "user": 2, 
            "users_allowed": []
        }, 
        "model": "metadata.compounddatatype", 
        "pk": 17
    }, 
    {
        "fields": {
            "groups_allowed": [
                1
            ], 
            "user": 2, 
            "users_allowed": []
        }, 
        "model": "metadata.compounddatatype", 
        "pk": 18
    }, 
    {
        "fields": {
            "groups_allowed": [
                1
            ], 
            "user": 3, 
            "users_allowed": []
        }, 
        "model": "metadata.compounddatatype", 
        "pk": 19
    }, 
    {
        "fields": {
            "description": "", 
            "end_time": null, 
            "groups_allowed": [
                1
            ], 
            "name": "", 
            "parent_runstep": null, 
            "pipeline": 4, 
            "start_time": null, 
            "user": 2, 
            "users_allowed": []
        }, 
        "model": "archive.run", 
        "pk": 1
    }, 
    {
        "fields": {
            "description": "", 
            "end_time": null, 
            "groups_allowed": [
                1
            ], 
            "name": "pE_run", 
            "parent_runstep": null, 
            "pipeline": 5, 
            "start_time": null, 
            "user": 2, 
            "users_allowed": []
        }, 
        "model": "archive.run", 
        "pk": 2
    }, 
    {
        "fields": {
            "description": "", 
            "end_time": null, 
            "groups_allowed": [], 
            "name": "", 
            "parent_runstep": null, 
            "pipeline": 4, 
            "start_time": null, 
            "user": 2, 
            "users_allowed": []
        }, 
        "model": "archive.run", 
        "pk": 3
    }, 
    {
        "fields": {
            "description": "", 
            "end_time": null, 
            "groups_allowed": [], 
            "name": "", 
            "parent_runstep": null, 
            "pipeline": 5, 
            "start_time": null, 
            "user": 2, 
            "users_allowed": []
        }, 
        "model": "archive.run", 
        "pk": 4
    }, 
    {
        "fields": {
            "description": "", 
            "end_time": null, 
            "groups_allowed": [], 
            "name": "", 
            "parent_runstep": null, 
            "pipeline": 5, 
            "start_time": null, 
            "user": 2, 
            "users_allowed": []
        }, 
        "model": "archive.run", 
        "pk": 5
    }, 
    {
        "fields": {
            "description": "", 
            "end_time": null, 
            "groups_allowed": [
                1
            ], 
            "name": "", 
            "parent_runstep": null, 
            "pipeline": 5, 
            "start_time": null, 
            "user": 2, 
            "users_allowed": []
        }, 
        "model": "archive.run", 
        "pk": 6
    }, 
    {
        "fields": {
            "MD5_checksum": "ab7afe2f453d27fd168641a1f9271f26", 
            "_redacted": false, 
            "groups_allowed": [
                1
            ], 
            "user": 2, 
            "users_allowed": []
        }, 
        "model": "librarian.symbolicdataset", 
        "pk": 1
    }, 
    {
        "fields": {
            "MD5_checksum": "02d5b66858d003b81ae3dc712b74e85c", 
            "_redacted": false, 
            "groups_allowed": [
                1
            ], 
            "user": 2, 
            "users_allowed": []
        }, 
        "model": "librarian.symbolicdataset", 
        "pk": 2
    }, 
    {
        "fields": {
            "MD5_checksum": "29feb269edcac613d6eea432c14640bd", 
            "_redacted": false, 
            "groups_allowed": [
                1
            ], 
            "user": 2, 
            "users_allowed": []
        }, 
        "model": "librarian.symbolicdataset", 
        "pk": 3
    }, 
    {
        "fields": {
            "MD5_checksum": "00fd50bfe7ac63e2165a442f4101e05c", 
            "_redacted": false, 
            "groups_allowed": [
                1
            ], 
            "user": 2, 
            "users_allowed": []
        }, 
        "model": "librarian.symbolicdataset", 
        "pk": 4
    }, 
    {
        "fields": {
            "MD5_checksum": "7dc85e11b5c02e434af5bd3b3da9938e", 
            "_redacted": false, 
            "groups_allowed": [
                1
            ], 
            "user": 2, 
            "users_allowed": []
        }, 
        "model": "librarian.symbolicdataset", 
        "pk": 5
    }, 
    {
        "fields": {
            "MD5_checksum": "542676b23e121d16db8d41ccdae65fd1", 
            "_redacted": false, 
            "groups_allowed": [
                1
            ], 
            "user": 2, 
            "users_allowed": []
        }, 
        "model": "librarian.symbolicdataset", 
        "pk": 6
    }, 
    {
        "fields": {
            "MD5_checksum": "56f9e5585b9d699829e2fda931d944f8", 
            "_redacted": false, 
            "groups_allowed": [
                1
            ], 
            "user": 2, 
            "users_allowed": []
        }, 
        "model": "librarian.symbolicdataset", 
        "pk": 7
    }, 
    {
        "fields": {
            "MD5_checksum": "10a4bd15d1300fcaf5a3bdad54ef1d28", 
            "_redacted": false, 
            "groups_allowed": [
                1
            ], 
            "user": 2, 
            "users_allowed": []
        }, 
        "model": "librarian.symbolicdataset", 
        "pk": 8
    }, 
    {
        "fields": {
            "MD5_checksum": "10a4bd15d1300fcaf5a3bdad54ef1d28", 
            "_redacted": false, 
            "groups_allowed": [
                1
            ], 
            "user": 2, 
            "users_allowed": []
        }, 
        "model": "librarian.symbolicdataset", 
        "pk": 9
    }, 
    {
        "fields": {
            "MD5_checksum": "00fd50bfe7ac63e2165a442f4101e05c", 
            "_redacted": false, 
            "groups_allowed": [
                1
            ], 
            "user": 2, 
            "users_allowed": []
        }, 
        "model": "librarian.symbolicdataset", 
        "pk": 10
    }, 
    {
        "fields": {
            "MD5_checksum": "7dc85e11b5c02e434af5bd3b3da9938e", 
            "_redacted": false, 
            "groups_allowed": [
                1
            ], 
            "user": 2, 
            "users_allowed": []
        }, 
        "model": "librarian.symbolicdataset", 
        "pk": 11
    }, 
    {
        "fields": {
            "MD5_checksum": "7dc85e11b5c02e434af5bd3b3da9938e", 
            "_redacted": false, 
            "groups_allowed": [
                1
            ], 
            "user": 2, 
            "users_allowed": []
        }, 
        "model": "librarian.symbolicdataset", 
        "pk": 12
    }, 
    {
        "fields": {
            "MD5_checksum": "56f9e5585b9d699829e2fda931d944f8", 
            "_redacted": false, 
            "groups_allowed": [
                1
            ], 
            "user": 2, 
            "users_allowed": []
        }, 
        "model": "librarian.symbolicdataset", 
        "pk": 13
    }, 
    {
        "fields": {
            "MD5_checksum": "83957f8aea1c75da9f7fbf9bc90da979", 
            "_redacted": false, 
            "groups_allowed": [
                1
            ], 
            "user": 2, 
            "users_allowed": []
        }, 
        "model": "librarian.symbolicdataset", 
        "pk": 14
    }, 
    {
        "fields": {
            "MD5_checksum": "d83866e4c23cd9503aa2f9fc565502b5", 
            "_redacted": false, 
            "groups_allowed": [
                1
            ], 
            "user": 2, 
            "users_allowed": []
        }, 
        "model": "librarian.symbolicdataset", 
        "pk": 15
    }, 
    {
        "fields": {
            "MD5_checksum": "9eab0dfed5fcc89bd581f61995816ef0", 
            "_redacted": false, 
            "groups_allowed": [
                1
            ], 
            "user": 2, 
            "users_allowed": []
        }, 
        "model": "librarian.symbolicdataset", 
        "pk": 16
    }, 
    {
        "fields": {
            "MD5_checksum": "9b55b9431da6dba74ea61edf8e2ac044", 
            "_redacted": false, 
            "groups_allowed": [
                1
            ], 
            "user": 2, 
            "users_allowed": []
        }, 
        "model": "librarian.symbolicdataset", 
        "pk": 17
    }, 
    {
        "fields": {
            "description": "Just a CR", 
            "filename": "generic_script.py", 
            "groups_allowed": [
                1
            ], 
            "name": "genericCR", 
            "user": 2, 
            "users_allowed": []
        }, 
        "model": "method.coderesource", 
        "pk": 1
    }, 
    {
        "fields": {
            "description": "a script to do nothing", 
            "filename": "noop.sh", 
            "groups_allowed": [
                1
            ], 
            "name": "noop", 
            "user": 3, 
            "users_allowed": []
        }, 
        "model": "method.coderesource", 
        "pk": 2
    }, 
    {
        "fields": {
            "MD5_checksum": "", 
            "coderesource": 1, 
            "content_file": "CodeResources/generic_script.py", 
            "groups_allowed": [
                1
            ], 
            "revision_DateTime": "2015-07-17T23:11:02.559Z", 
            "revision_desc": "desc", 
            "revision_name": "v1", 
            "revision_number": 1, 
            "revision_parent": null, 
            "user": 2, 
            "users_allowed": []
        }, 
        "model": "method.coderesourcerevision", 
        "pk": 1
    }, 
    {
        "fields": {
            "MD5_checksum": "", 
            "coderesource": 2, 
            "content_file": "CodeResources/fdopen", 
            "groups_allowed": [
                1
            ], 
            "revision_DateTime": "2015-07-17T23:11:04.821Z", 
            "revision_desc": "first version", 
            "revision_name": "1", 
            "revision_number": 1, 
            "revision_parent": null, 
            "user": 3, 
            "users_allowed": []
        }, 
        "model": "method.coderesourcerevision", 
        "pk": 2
    }, 
    {
        "fields": {
            "driver": 1, 
            "family": 1, 
            "groups_allowed": [
                1
            ], 
            "reusable": 1, 
            "revision_number": 1, 
            "revision_parent": null, 
            "tainted": false, 
            "threads": 1, 
            "users_allowed": []
        }, 
        "model": "method.method", 
        "pk": 1
    }, 
    {
        "fields": {
            "driver": 1, 
            "family": 1, 
            "groups_allowed": [
                1
            ], 
            "reusable": 1, 
            "revision_number": 2, 
            "revision_parent": null, 
            "tainted": false, 
            "threads": 1, 
            "users_allowed": []
        }, 
        "model": "method.method", 
        "pk": 2
    }, 
    {
        "fields": {
            "driver": 1, 
            "family": 1, 
            "groups_allowed": [
                1
            ], 
            "reusable": 1, 
            "revision_number": 3, 
            "revision_parent": null, 
            "tainted": false, 
            "threads": 1, 
            "users_allowed": []
        }, 
        "model": "method.method", 
        "pk": 3
    }, 
    {
        "fields": {
            "driver": 2, 
            "family": 2, 
            "groups_allowed": [
                1
            ], 
            "reusable": 1, 
            "revision_number": 1, 
            "revision_parent": null, 
            "tainted": false, 
            "threads": 1, 
            "users_allowed": []
        }, 
        "model": "method.method", 
        "pk": 6
    }, 
    {
        "fields": {
            "driver": 2, 
            "family": 3, 
            "groups_allowed": [
                1
            ], 
            "reusable": 1, 
            "revision_number": 1, 
            "revision_parent": null, 
            "tainted": false, 
            "threads": 1, 
            "users_allowed": []
        }, 
        "model": "method.method", 
        "pk": 7
    }, 
    {
        "fields": {
            "driver": 2, 
            "family": 4, 
            "groups_allowed": [
                1
            ], 
            "reusable": 1, 
            "revision_number": 1, 
            "revision_parent": null, 
            "tainted": false, 
            "threads": 1, 
            "users_allowed": []
        }, 
        "model": "method.method", 
        "pk": 8
    }, 
    {
        "fields": {
            "description": "Holds methods A/B/C", 
            "groups_allowed": [
                1
            ], 
            "name": "method_family", 
            "user": 2, 
            "users_allowed": []
        }, 
        "model": "method.methodfamily", 
        "pk": 1
    }, 
    {
        "fields": {
            "description": "a method to do nothing to strings", 
            "groups_allowed": [
                1
            ], 
            "name": "string noop", 
            "user": 3, 
            "users_allowed": []
        }, 
        "model": "method.methodfamily", 
        "pk": 2
    }, 
    {
        "fields": {
            "description": "a TOTALLY DIFFERENT method that TOTALLY does SOMETHING to strings by leaving them alone", 
            "groups_allowed": [
                1
            ], 
            "name": "string trivial", 
            "user": 3, 
            "users_allowed": []
        }, 
        "model": "method.methodfamily", 
        "pk": 3
    }, 
    {
        "fields": {
            "description": "do nothing to raw data", 
            "groups_allowed": [
                1
            ], 
            "name": "raw noop", 
            "user": 3, 
            "users_allowed": []
        }, 
        "model": "method.methodfamily", 
        "pk": 4
    }, 
    {
        "fields": {
            "description": "PF desc", 
            "groups_allowed": [
                1
            ], 
            "name": "Pipeline_family", 
            "user": 2, 
            "users_allowed": []
        }, 
        "model": "pipeline.pipelinefamily", 
        "pk": 1
    }, 
    {
        "fields": {
            "family": 1, 
            "groups_allowed": [
                1
            ], 
            "revision_number": 1, 
            "revision_parent": null, 
            "users_allowed": []
        }, 
        "model": "pipeline.pipeline", 
        "pk": 4
    }, 
    {
        "fields": {
            "family": 1, 
            "groups_allowed": [
                1
            ], 
            "revision_number": 2, 
            "revision_parent": null, 
            "users_allowed": []
        }, 
        "model": "pipeline.pipeline", 
        "pk": 5
    }, 
    {
        "fields": {
            "groups_allowed": [
                1
            ], 
            "revision_DateTime": "2015-07-17T23:11:02.575Z", 
            "revision_desc": "A_desc", 
            "revision_name": "mA_name", 
            "user": 2, 
            "users_allowed": []
        }, 
        "model": "transformation.transformation", 
        "pk": 1
    }, 
    {
        "fields": {
            "groups_allowed": [
                1
            ], 
            "revision_DateTime": "2015-07-17T23:11:02.637Z", 
            "revision_desc": "B_desc", 
            "revision_name": "mB_name", 
            "user": 2, 
            "users_allowed": []
        }, 
        "model": "transformation.transformation", 
        "pk": 2
    }, 
    {
        "fields": {
            "groups_allowed": [
                1
            ], 
            "revision_DateTime": "2015-07-17T23:11:02.707Z", 
            "revision_desc": "C_desc", 
            "revision_name": "mC_name", 
            "user": 2, 
            "users_allowed": []
        }, 
        "model": "transformation.transformation", 
        "pk": 3
    }, 
    {
        "fields": {
            "groups_allowed": [
                1
            ], 
            "revision_DateTime": "2015-07-17T23:11:02.793Z", 
            "revision_desc": "D", 
            "revision_name": "pD_name", 
            "user": 2, 
            "users_allowed": []
        }, 
        "model": "transformation.transformation", 
        "pk": 4
    }, 
    {
        "fields": {
            "groups_allowed": [
                1
            ], 
            "revision_DateTime": "2015-07-17T23:11:02.840Z", 
            "revision_desc": "E", 
            "revision_name": "pE_name", 
            "user": 2, 
            "users_allowed": []
        }, 
        "model": "transformation.transformation", 
        "pk": 5
    }, 
    {
        "fields": {
            "groups_allowed": [
                1
            ], 
            "revision_DateTime": "2015-07-17T23:11:04.851Z", 
            "revision_desc": "first version", 
            "revision_name": "v1", 
            "user": 3, 
            "users_allowed": []
        }, 
        "model": "transformation.transformation", 
        "pk": 6
    }, 
    {
        "fields": {
            "groups_allowed": [
                1
            ], 
            "revision_DateTime": "2015-07-17T23:11:04.963Z", 
            "revision_desc": "first version", 
            "revision_name": "v1", 
            "user": 3, 
            "users_allowed": []
        }, 
        "model": "transformation.transformation", 
        "pk": 7
    }, 
    {
        "fields": {
            "groups_allowed": [
                1
            ], 
            "revision_DateTime": "2015-07-17T23:11:05.075Z", 
            "revision_desc": "first version", 
            "revision_name": "v1", 
            "user": 3, 
            "users_allowed": []
        }, 
        "model": "transformation.transformation", 
        "pk": 8
    }, 
    {
        "fields": {
            "end_time": "2015-07-17T23:11:03.378Z", 
            "execlog": null, 
            "start_time": "2015-07-17T23:11:03.322Z", 
            "symbolicdataset": 1, 
            "user": 2
        }, 
        "model": "datachecking.contentchecklog", 
        "pk": 1
    }, 
    {
        "fields": {
            "end_time": "2015-07-17T23:11:03.441Z", 
            "execlog": null, 
            "start_time": "2015-07-17T23:11:03.406Z", 
            "symbolicdataset": 2, 
            "user": 2
        }, 
        "model": "datachecking.contentchecklog", 
        "pk": 2
    }, 
    {
        "fields": {
            "end_time": "2015-07-17T23:11:03.486Z", 
            "execlog": null, 
            "start_time": "2015-07-17T23:11:03.466Z", 
            "symbolicdataset": 3, 
            "user": 2
        }, 
        "model": "datachecking.contentchecklog", 
        "pk": 3
    }, 
    {
        "fields": {
            "end_time": "2015-07-17T23:11:03.530Z", 
            "execlog": null, 
            "start_time": "2015-07-17T23:11:03.510Z", 
            "symbolicdataset": 4, 
            "user": 2
        }, 
        "model": "datachecking.contentchecklog", 
        "pk": 4
    }, 
    {
        "fields": {
            "end_time": "2015-07-17T23:11:03.608Z", 
            "execlog": null, 
            "start_time": "2015-07-17T23:11:03.572Z", 
            "symbolicdataset": 6, 
            "user": 2
        }, 
        "model": "datachecking.contentchecklog", 
        "pk": 5
    }, 
    {
        "fields": {
            "end_time": "2015-07-17T23:11:03.683Z", 
            "execlog": null, 
            "start_time": "2015-07-17T23:11:03.629Z", 
            "symbolicdataset": 7, 
            "user": 2
        }, 
        "model": "datachecking.contentchecklog", 
        "pk": 6
    }, 
    {
        "fields": {
            "end_time": "2015-07-17T23:11:03.744Z", 
            "execlog": null, 
            "start_time": "2015-07-17T23:11:03.708Z", 
            "symbolicdataset": 8, 
            "user": 2
        }, 
        "model": "datachecking.contentchecklog", 
        "pk": 7
    }, 
    {
        "fields": {
            "end_time": "2015-07-17T23:11:03.800Z", 
            "execlog": null, 
            "start_time": "2015-07-17T23:11:03.763Z", 
            "symbolicdataset": 9, 
            "user": 2
        }, 
        "model": "datachecking.contentchecklog", 
        "pk": 8
    }, 
    {
        "fields": {
            "end_time": "2015-07-17T23:11:03.844Z", 
            "execlog": null, 
            "start_time": "2015-07-17T23:11:03.824Z", 
            "symbolicdataset": 10, 
            "user": 2
        }, 
        "model": "datachecking.contentchecklog", 
        "pk": 9
    }, 
    {
        "fields": {
            "end_time": "2015-07-17T23:11:03.951Z", 
            "execlog": null, 
            "start_time": "2015-07-17T23:11:03.896Z", 
            "symbolicdataset": 13, 
            "user": 2
        }, 
        "model": "datachecking.contentchecklog", 
        "pk": 10
    }, 
    {
        "fields": {
            "end_time": "2015-07-17T23:11:04.012Z", 
            "execlog": null, 
            "start_time": "2015-07-17T23:11:03.974Z", 
            "symbolicdataset": 14, 
            "user": 2
        }, 
        "model": "datachecking.contentchecklog", 
        "pk": 11
    }, 
    {
        "fields": {
            "end_time": "2015-07-17T23:11:04.198Z", 
            "execlog": null, 
            "start_time": "2015-07-17T23:11:04.036Z", 
            "symbolicdataset": 15, 
            "user": 2
        }, 
        "model": "datachecking.contentchecklog", 
        "pk": 12
    }, 
    {
        "fields": {
            "end_time": "2015-07-17T23:11:04.330Z", 
            "execlog": null, 
            "start_time": "2015-07-17T23:11:04.222Z", 
            "symbolicdataset": 16, 
            "user": 2
        }, 
        "model": "datachecking.contentchecklog", 
        "pk": 13
    }, 
    {
        "fields": {
            "end_time": "2015-07-17T23:11:04.462Z", 
            "execlog": null, 
            "start_time": "2015-07-17T23:11:04.353Z", 
            "symbolicdataset": 17, 
            "user": 2
        }, 
        "model": "datachecking.contentchecklog", 
        "pk": 14
    }
]