[
    {
        "fields": {
            "datatype": 8, 
            "ruletype": "regexp", 
            "rule": "^[ACGTacgt]*$"
        }, 
        "model": "metadata.basicconstraint", 
        "pk": 6
    }, 
    {
        "fields": {
            "datatype": 9, 
            "ruletype": "regexp", 
            "rule": "^[ACGUacgu]*$"
        }, 
        "model": "metadata.basicconstraint", 
        "pk": 7
    }, 
    {
        "fields": {
            "datatype": 1, 
            "column_idx": 1, 
            "compounddatatype": 5, 
            "blankable": false, 
            "column_name": "label"
        }, 
        "model": "metadata.compounddatatypemember", 
        "pk": 7
    }, 
    {
        "fields": {
            "datatype": 4, 
            "column_idx": 2, 
            "compounddatatype": 5, 
            "blankable": false, 
            "column_name": "integer"
        }, 
        "model": "metadata.compounddatatypemember", 
        "pk": 8
    }, 
    {
        "fields": {
            "datatype": 3, 
            "column_idx": 3, 
            "compounddatatype": 5, 
            "blankable": false, 
            "column_name": "float"
        }, 
        "model": "metadata.compounddatatypemember", 
        "pk": 9
    }, 
    {
        "fields": {
            "datatype": 2, 
            "column_idx": 4, 
            "compounddatatype": 5, 
            "blankable": false, 
            "column_name": "bool"
        }, 
        "model": "metadata.compounddatatypemember", 
        "pk": 10
    }, 
    {
        "fields": {
            "datatype": 9, 
            "column_idx": 5, 
            "compounddatatype": 5, 
            "blankable": false, 
            "column_name": "rna"
        }, 
        "model": "metadata.compounddatatypemember", 
        "pk": 11
    }, 
    {
        "fields": {
            "datatype": 1, 
            "column_idx": 1, 
            "compounddatatype": 6, 
            "blankable": false, 
            "column_name": "label"
        }, 
        "model": "metadata.compounddatatypemember", 
        "pk": 12
    }, 
    {
        "fields": {
            "datatype": 8, 
            "column_idx": 2, 
            "compounddatatype": 6, 
            "blankable": false, 
            "column_name": "PBMCseq"
        }, 
        "model": "metadata.compounddatatypemember", 
        "pk": 13
    }, 
    {
        "fields": {
            "datatype": 9, 
            "column_idx": 3, 
            "compounddatatype": 6, 
            "blankable": false, 
            "column_name": "PLAseq"
        }, 
        "model": "metadata.compounddatatypemember", 
        "pk": 14
    }, 
    {
        "fields": {
            "datatype": 8, 
            "column_idx": 1, 
            "compounddatatype": 7, 
            "blankable": false, 
            "column_name": "SeqToComplement"
        }, 
        "model": "metadata.compounddatatypemember", 
        "pk": 15
    }, 
    {
        "fields": {
            "datatype": 8, 
            "column_idx": 1, 
            "compounddatatype": 8, 
            "blankable": false, 
            "column_name": "ComplementedSeq"
        }, 
        "model": "metadata.compounddatatypemember", 
        "pk": 16
    }, 
    {
        "fields": {
            "datatype": 9, 
            "column_idx": 1, 
            "compounddatatype": 9, 
            "blankable": false, 
            "column_name": "SeqToComplement"
        }, 
        "model": "metadata.compounddatatypemember", 
        "pk": 17
    }, 
    {
        "fields": {
            "datatype": 9, 
            "column_idx": 1, 
            "compounddatatype": 10, 
            "blankable": false, 
            "column_name": "ComplementedSeq"
        }, 
        "model": "metadata.compounddatatypemember", 
        "pk": 18
    }, 
    {
        "fields": {
            "datatype": 1, 
            "column_idx": 1, 
            "compounddatatype": 11, 
            "blankable": false, 
            "column_name": "x"
        }, 
        "model": "metadata.compounddatatypemember", 
        "pk": 19
    }, 
    {
        "fields": {
            "datatype": 1, 
            "column_idx": 2, 
            "compounddatatype": 11, 
            "blankable": false, 
            "column_name": "y"
        }, 
        "model": "metadata.compounddatatypemember", 
        "pk": 20
    }, 
    {
        "fields": {
            "datatype": 1, 
            "column_idx": 1, 
            "compounddatatype": 12, 
            "blankable": false, 
            "column_name": "k"
        }, 
        "model": "metadata.compounddatatypemember", 
        "pk": 21
    }, 
    {
        "fields": {
            "datatype": 1, 
            "column_idx": 1, 
            "compounddatatype": 13, 
            "blankable": false, 
            "column_name": "a"
        }, 
        "model": "metadata.compounddatatypemember", 
        "pk": 22
    }, 
    {
        "fields": {
            "datatype": 1, 
            "column_idx": 2, 
            "compounddatatype": 13, 
            "blankable": false, 
            "column_name": "b"
        }, 
        "model": "metadata.compounddatatypemember", 
        "pk": 23
    }, 
    {
        "fields": {
            "datatype": 1, 
            "column_idx": 3, 
            "compounddatatype": 13, 
            "blankable": false, 
            "column_name": "c"
        }, 
        "model": "metadata.compounddatatypemember", 
        "pk": 24
    }, 
    {
        "fields": {
            "datatype": 1, 
            "column_idx": 1, 
            "compounddatatype": 14, 
            "blankable": false, 
            "column_name": "a^2"
        }, 
        "model": "metadata.compounddatatypemember", 
        "pk": 25
    }, 
    {
        "fields": {
            "datatype": 1, 
            "column_idx": 2, 
            "compounddatatype": 14, 
            "blankable": false, 
            "column_name": "b^2"
        }, 
        "model": "metadata.compounddatatypemember", 
        "pk": 26
    }, 
    {
        "fields": {
            "datatype": 1, 
            "column_idx": 3, 
            "compounddatatype": 14, 
            "blankable": false, 
            "column_name": "c^2"
        }, 
        "model": "metadata.compounddatatypemember", 
        "pk": 27
    }, 
    {
        "fields": {
            "datatype": 1, 
            "column_idx": 1, 
            "compounddatatype": 15, 
            "blankable": false, 
            "column_name": "StrCol1"
        }, 
        "model": "metadata.compounddatatypemember", 
        "pk": 28
    }, 
    {
        "fields": {
            "datatype": 8, 
            "column_idx": 2, 
            "compounddatatype": 15, 
            "blankable": false, 
            "column_name": "DNACol2"
        }, 
        "model": "metadata.compounddatatypemember", 
        "pk": 29
    }, 
    {
        "fields": {
            "datatype": 1, 
            "column_idx": 3, 
            "compounddatatype": 15, 
            "blankable": false, 
            "column_name": "StrCol3"
        }, 
        "model": "metadata.compounddatatypemember", 
        "pk": 30
    }, 
    {
        "fields": {
            "datatype": 1, 
            "column_idx": 1, 
            "compounddatatype": 16, 
            "blankable": false, 
            "column_name": "x"
        }, 
        "model": "metadata.compounddatatypemember", 
        "pk": 31
    }, 
    {
        "fields": {
            "datatype": 1, 
            "column_idx": 2, 
            "compounddatatype": 16, 
            "blankable": false, 
            "column_name": "y"
        }, 
        "model": "metadata.compounddatatypemember", 
        "pk": 32
    }, 
    {
        "fields": {
            "datatype": 8, 
            "column_idx": 1, 
            "compounddatatype": 17, 
            "blankable": false, 
            "column_name": "a"
        }, 
        "model": "metadata.compounddatatypemember", 
        "pk": 33
    }, 
    {
        "fields": {
            "datatype": 8, 
            "column_idx": 2, 
            "compounddatatype": 17, 
            "blankable": false, 
            "column_name": "b"
        }, 
        "model": "metadata.compounddatatypemember", 
        "pk": 34
    }, 
    {
        "fields": {
            "datatype": 8, 
            "column_idx": 3, 
            "compounddatatype": 17, 
            "blankable": false, 
            "column_name": "c"
        }, 
        "model": "metadata.compounddatatypemember", 
        "pk": 35
    }, 
    {
        "fields": {
            "datatype": 8, 
            "column_idx": 1, 
            "compounddatatype": 18, 
            "blankable": false, 
            "column_name": "x"
        }, 
        "model": "metadata.compounddatatypemember", 
        "pk": 36
    }, 
    {
        "fields": {
            "datatype": 8, 
            "column_idx": 2, 
            "compounddatatype": 18, 
            "blankable": false, 
            "column_name": "y"
        }, 
        "model": "metadata.compounddatatypemember", 
        "pk": 37
    }, 
    {
        "fields": {
            "datatype": 10, 
            "column_idx": 1, 
            "compounddatatype": 19, 
            "blankable": false, 
            "column_name": "word"
        }, 
        "model": "metadata.compounddatatypemember", 
        "pk": 38
    }, 
    {
        "fields": {
            "execrecord": 1, 
            "start_time": null, 
            "reused": false, 
            "_redacted": false, 
            "end_time": null, 
            "_complete": false, 
            "is_cancelled": false, 
            "_successful": true
        }, 
        "model": "archive.runcomponent", 
        "pk": 1
    }, 
    {
        "fields": {
            "execrecord": 2, 
            "start_time": null, 
            "reused": false, 
            "_redacted": false, 
            "end_time": null, 
            "_complete": false, 
            "is_cancelled": false, 
            "_successful": false
        }, 
        "model": "archive.runcomponent", 
        "pk": 2
    }, 
    {
        "fields": {
            "execrecord": 3, 
            "start_time": null, 
            "reused": false, 
            "_redacted": false, 
            "end_time": null, 
            "_complete": false, 
            "is_cancelled": false, 
            "_successful": true
        }, 
        "model": "archive.runcomponent", 
        "pk": 3
    }, 
    {
        "fields": {
            "execrecord": null, 
            "start_time": "2015-06-30T22:45:26.886Z", 
            "reused": null, 
            "_redacted": false, 
            "end_time": "2015-06-30T22:45:40.641Z", 
            "_complete": true, 
            "is_cancelled": false, 
            "_successful": true
        }, 
        "model": "archive.runcomponent", 
        "pk": 4
    }, 
    {
        "fields": {
            "execrecord": 4, 
            "start_time": "2015-06-30T22:45:26.947Z", 
            "reused": false, 
            "_redacted": false, 
            "end_time": "2015-06-30T22:45:27.096Z", 
            "_complete": true, 
            "is_cancelled": false, 
            "_successful": true
        }, 
        "model": "archive.runcomponent", 
        "pk": 5
    }, 
    {
        "fields": {
            "execrecord": null, 
            "start_time": "2015-06-30T22:45:27.230Z", 
            "reused": null, 
            "_redacted": false, 
            "end_time": "2015-06-30T22:45:31.287Z", 
            "_complete": true, 
            "is_cancelled": false, 
            "_successful": true
        }, 
        "model": "archive.runcomponent", 
        "pk": 6
    }, 
    {
        "fields": {
            "execrecord": 4, 
            "start_time": "2015-06-30T22:45:27.294Z", 
            "reused": true, 
            "_redacted": false, 
            "end_time": "2015-06-30T22:45:27.361Z", 
            "_complete": true, 
            "is_cancelled": false, 
            "_successful": true
        }, 
        "model": "archive.runcomponent", 
        "pk": 7
    }, 
    {
        "fields": {
            "execrecord": 5, 
            "start_time": "2015-06-30T22:45:27.490Z", 
            "reused": false, 
            "_redacted": false, 
            "end_time": "2015-06-30T22:45:28.308Z", 
            "_complete": true, 
            "is_cancelled": false, 
            "_successful": true
        }, 
        "model": "archive.runcomponent", 
        "pk": 8
    }, 
    {
        "fields": {
            "execrecord": 4, 
            "start_time": "2015-06-30T22:45:27.562Z", 
            "reused": true, 
            "_redacted": false, 
            "end_time": "2015-06-30T22:45:27.630Z", 
            "_complete": true, 
            "is_cancelled": false, 
            "_successful": true
        }, 
        "model": "archive.runcomponent", 
        "pk": 9
    }, 
    {
        "fields": {
            "execrecord": 7, 
            "start_time": "2015-06-30T22:45:28.662Z", 
            "reused": false, 
            "_redacted": false, 
            "end_time": "2015-06-30T22:45:29.684Z", 
            "_complete": true, 
            "is_cancelled": false, 
            "_successful": true
        }, 
        "model": "archive.runcomponent", 
        "pk": 10
    }, 
    {
        "fields": {
            "execrecord": 6, 
            "start_time": "2015-06-30T22:45:28.754Z", 
            "reused": false, 
            "_redacted": false, 
            "end_time": "2015-06-30T22:45:28.926Z", 
            "_complete": true, 
            "is_cancelled": false, 
            "_successful": true
        }, 
        "model": "archive.runcomponent", 
        "pk": 11
    }, 
    {
        "fields": {
            "execrecord": 8, 
            "start_time": "2015-06-30T22:45:30.146Z", 
            "reused": false, 
            "_redacted": false, 
            "end_time": "2015-06-30T22:45:30.326Z", 
            "_complete": true, 
            "is_cancelled": false, 
            "_successful": true
        }, 
        "model": "archive.runcomponent", 
        "pk": 12
    }, 
    {
        "fields": {
            "execrecord": null, 
            "start_time": "2015-06-30T22:45:32.484Z", 
            "reused": null, 
            "_redacted": false, 
            "end_time": "2015-06-30T22:45:36.983Z", 
            "_complete": true, 
            "is_cancelled": false, 
            "_successful": true
        }, 
        "model": "archive.runcomponent", 
        "pk": 13
    }, 
    {
        "fields": {
            "execrecord": 8, 
            "start_time": "2015-06-30T22:45:32.561Z", 
            "reused": true, 
            "_redacted": false, 
            "end_time": "2015-06-30T22:45:32.634Z", 
            "_complete": true, 
            "is_cancelled": false, 
            "_successful": true
        }, 
        "model": "archive.runcomponent", 
        "pk": 14
    }, 
    {
        "fields": {
            "execrecord": 9, 
            "start_time": "2015-06-30T22:45:32.980Z", 
            "reused": false, 
            "_redacted": false, 
            "end_time": "2015-06-30T22:45:33.892Z", 
            "_complete": true, 
            "is_cancelled": false, 
            "_successful": true
        }, 
        "model": "archive.runcomponent", 
        "pk": 15
    }, 
    {
        "fields": {
            "execrecord": 8, 
            "start_time": "2015-06-30T22:45:33.062Z", 
            "reused": true, 
            "_redacted": false, 
            "end_time": "2015-06-30T22:45:33.136Z", 
            "_complete": true, 
            "is_cancelled": false, 
            "_successful": true
        }, 
        "model": "archive.runcomponent", 
        "pk": 16
    }, 
    {
        "fields": {
            "execrecord": 11, 
            "start_time": "2015-06-30T22:45:34.258Z", 
            "reused": false, 
            "_redacted": false, 
            "end_time": "2015-06-30T22:45:35.324Z", 
            "_complete": true, 
            "is_cancelled": false, 
            "_successful": true
        }, 
        "model": "archive.runcomponent", 
        "pk": 17
    }, 
    {
        "fields": {
            "execrecord": 10, 
            "start_time": "2015-06-30T22:45:34.339Z", 
            "reused": false, 
            "_redacted": false, 
            "end_time": "2015-06-30T22:45:34.509Z", 
            "_complete": true, 
            "is_cancelled": false, 
            "_successful": true
        }, 
        "model": "archive.runcomponent", 
        "pk": 18
    }, 
    {
        "fields": {
            "execrecord": 12, 
            "start_time": "2015-06-30T22:45:35.804Z", 
            "reused": false, 
            "_redacted": false, 
            "end_time": "2015-06-30T22:45:35.986Z", 
            "_complete": true, 
            "is_cancelled": false, 
            "_successful": true
        }, 
        "model": "archive.runcomponent", 
        "pk": 19
    }, 
    {
        "fields": {
            "execrecord": 12, 
            "start_time": "2015-06-30T22:45:38.262Z", 
            "reused": true, 
            "_redacted": false, 
            "end_time": "2015-06-30T22:45:38.335Z", 
            "_complete": true, 
            "is_cancelled": false, 
            "_successful": true
        }, 
        "model": "archive.runcomponent", 
        "pk": 20
    }, 
    {
        "fields": {
            "execrecord": null, 
            "start_time": "2015-06-30T22:45:43.638Z", 
            "reused": null, 
            "_redacted": false, 
            "end_time": "2015-06-30T22:46:00.016Z", 
            "_complete": true, 
            "is_cancelled": false, 
            "_successful": true
        }, 
        "model": "archive.runcomponent", 
        "pk": 21
    }, 
    {
        "fields": {
            "execrecord": 12, 
            "start_time": "2015-06-30T22:45:43.721Z", 
            "reused": true, 
            "_redacted": false, 
            "end_time": "2015-06-30T22:45:43.795Z", 
            "_complete": true, 
            "is_cancelled": false, 
            "_successful": true
        }, 
        "model": "archive.runcomponent", 
        "pk": 22
    }, 
    {
        "fields": {
            "execrecord": null, 
            "start_time": "2015-06-30T22:45:44.528Z", 
            "reused": null, 
            "_redacted": false, 
            "end_time": "2015-06-30T22:45:49.577Z", 
            "_complete": true, 
            "is_cancelled": false, 
            "_successful": true
        }, 
        "model": "archive.runcomponent", 
        "pk": 23
    }, 
    {
        "fields": {
            "execrecord": 12, 
            "start_time": "2015-06-30T22:45:44.611Z", 
            "reused": true, 
            "_redacted": false, 
            "end_time": "2015-06-30T22:45:44.685Z", 
            "_complete": true, 
            "is_cancelled": false, 
            "_successful": true
        }, 
        "model": "archive.runcomponent", 
        "pk": 24
    }, 
    {
        "fields": {
            "execrecord": 13, 
            "start_time": "2015-06-30T22:45:45.428Z", 
            "reused": false, 
            "_redacted": false, 
            "end_time": "2015-06-30T22:45:46.402Z", 
            "_complete": true, 
            "is_cancelled": false, 
            "_successful": true
        }, 
        "model": "archive.runcomponent", 
        "pk": 25
    }, 
    {
        "fields": {
            "execrecord": 12, 
            "start_time": "2015-06-30T22:45:45.512Z", 
            "reused": true, 
            "_redacted": false, 
            "end_time": "2015-06-30T22:45:45.585Z", 
            "_complete": true, 
            "is_cancelled": false, 
            "_successful": true
        }, 
        "model": "archive.runcomponent", 
        "pk": 26
    }, 
    {
        "fields": {
            "execrecord": 15, 
            "start_time": "2015-06-30T22:45:46.786Z", 
            "reused": false, 
            "_redacted": false, 
            "end_time": "2015-06-30T22:45:47.912Z", 
            "_complete": true, 
            "is_cancelled": false, 
            "_successful": true
        }, 
        "model": "archive.runcomponent", 
        "pk": 27
    }, 
    {
        "fields": {
            "execrecord": 14, 
            "start_time": "2015-06-30T22:45:46.868Z", 
            "reused": false, 
            "_redacted": false, 
            "end_time": "2015-06-30T22:45:47.042Z", 
            "_complete": true, 
            "is_cancelled": false, 
            "_successful": true
        }, 
        "model": "archive.runcomponent", 
        "pk": 28
    }, 
    {
        "fields": {
            "execrecord": 16, 
            "start_time": "2015-06-30T22:45:48.386Z", 
            "reused": false, 
            "_redacted": false, 
            "end_time": "2015-06-30T22:45:48.570Z", 
            "_complete": true, 
            "is_cancelled": false, 
            "_successful": true
        }, 
        "model": "archive.runcomponent", 
        "pk": 29
    }, 
    {
        "fields": {
            "execrecord": null, 
            "start_time": "2015-06-30T22:45:50.846Z", 
            "reused": null, 
            "_redacted": false, 
            "end_time": "2015-06-30T22:45:56.147Z", 
            "_complete": true, 
            "is_cancelled": false, 
            "_successful": true
        }, 
        "model": "archive.runcomponent", 
        "pk": 30
    }, 
    {
        "fields": {
            "execrecord": 16, 
            "start_time": "2015-06-30T22:45:50.912Z", 
            "reused": true, 
            "_redacted": false, 
            "end_time": "2015-06-30T22:45:50.986Z", 
            "_complete": true, 
            "is_cancelled": false, 
            "_successful": true
        }, 
        "model": "archive.runcomponent", 
        "pk": 31
    }, 
    {
        "fields": {
            "execrecord": 17, 
            "start_time": "2015-06-30T22:45:51.942Z", 
            "reused": false, 
            "_redacted": false, 
            "end_time": "2015-06-30T22:45:52.949Z", 
            "_complete": true, 
            "is_cancelled": false, 
            "_successful": true
        }, 
        "model": "archive.runcomponent", 
        "pk": 32
    }, 
    {
        "fields": {
            "execrecord": 16, 
            "start_time": "2015-06-30T22:45:52.029Z", 
            "reused": true, 
            "_redacted": false, 
            "end_time": "2015-06-30T22:45:52.102Z", 
            "_complete": true, 
            "is_cancelled": false, 
            "_successful": true
        }, 
        "model": "archive.runcomponent", 
        "pk": 33
    }, 
    {
        "fields": {
            "execrecord": 19, 
            "start_time": "2015-06-30T22:45:53.316Z", 
            "reused": false, 
            "_redacted": false, 
            "end_time": "2015-06-30T22:45:54.499Z", 
            "_complete": true, 
            "is_cancelled": false, 
            "_successful": true
        }, 
        "model": "archive.runcomponent", 
        "pk": 34
    }, 
    {
        "fields": {
            "execrecord": 18, 
            "start_time": "2015-06-30T22:45:53.404Z", 
            "reused": false, 
            "_redacted": false, 
            "end_time": "2015-06-30T22:45:53.576Z", 
            "_complete": true, 
            "is_cancelled": false, 
            "_successful": true
        }, 
        "model": "archive.runcomponent", 
        "pk": 35
    }, 
    {
        "fields": {
            "execrecord": 20, 
            "start_time": "2015-06-30T22:45:54.963Z", 
            "reused": false, 
            "_redacted": false, 
            "end_time": "2015-06-30T22:45:55.145Z", 
            "_complete": true, 
            "is_cancelled": false, 
            "_successful": true
        }, 
        "model": "archive.runcomponent", 
        "pk": 36
    }, 
    {
        "fields": {
            "execrecord": 20, 
            "start_time": "2015-06-30T22:45:57.446Z", 
            "reused": true, 
            "_redacted": false, 
            "end_time": "2015-06-30T22:45:57.529Z", 
            "_complete": true, 
            "is_cancelled": false, 
            "_successful": true
        }, 
        "model": "archive.runcomponent", 
        "pk": 37
    }, 
    {
        "fields": {
            "execrecord": null, 
            "start_time": "2015-06-30T22:46:03.127Z", 
            "reused": null, 
            "_redacted": false, 
            "end_time": "2015-06-30T22:46:21.421Z", 
            "_complete": true, 
            "is_cancelled": false, 
            "_successful": true
        }, 
        "model": "archive.runcomponent", 
        "pk": 38
    }, 
    {
        "fields": {
            "execrecord": 20, 
            "start_time": "2015-06-30T22:46:03.204Z", 
            "reused": true, 
            "_redacted": false, 
            "end_time": "2015-06-30T22:46:03.279Z", 
            "_complete": true, 
            "is_cancelled": false, 
            "_successful": true
        }, 
        "model": "archive.runcomponent", 
        "pk": 39
    }, 
    {
        "fields": {
            "execrecord": null, 
            "start_time": "2015-06-30T22:46:04.607Z", 
            "reused": null, 
            "_redacted": false, 
            "end_time": "2015-06-30T22:46:10.409Z", 
            "_complete": true, 
            "is_cancelled": false, 
            "_successful": true
        }, 
        "model": "archive.runcomponent", 
        "pk": 40
    }, 
    {
        "fields": {
            "execrecord": 20, 
            "start_time": "2015-06-30T22:46:04.694Z", 
            "reused": true, 
            "_redacted": false, 
            "end_time": "2015-06-30T22:46:04.767Z", 
            "_complete": true, 
            "is_cancelled": false, 
            "_successful": true
        }, 
        "model": "archive.runcomponent", 
        "pk": 41
    }, 
    {
        "fields": {
            "execrecord": 21, 
            "start_time": "2015-06-30T22:46:06.106Z", 
            "reused": false, 
            "_redacted": false, 
            "end_time": "2015-06-30T22:46:07.172Z", 
            "_complete": true, 
            "is_cancelled": false, 
            "_successful": true
        }, 
        "model": "archive.runcomponent", 
        "pk": 42
    }, 
    {
        "fields": {
            "execrecord": 20, 
            "start_time": "2015-06-30T22:46:06.187Z", 
            "reused": true, 
            "_redacted": false, 
            "end_time": "2015-06-30T22:46:06.262Z", 
            "_complete": true, 
            "is_cancelled": false, 
            "_successful": true
        }, 
        "model": "archive.runcomponent", 
        "pk": 43
    }, 
    {
        "fields": {
            "execrecord": 23, 
            "start_time": "2015-06-30T22:46:07.554Z", 
            "reused": false, 
            "_redacted": false, 
            "end_time": "2015-06-30T22:46:08.781Z", 
            "_complete": true, 
            "is_cancelled": false, 
            "_successful": true
        }, 
        "model": "archive.runcomponent", 
        "pk": 44
    }, 
    {
        "fields": {
            "execrecord": 22, 
            "start_time": "2015-06-30T22:46:07.644Z", 
            "reused": false, 
            "_redacted": false, 
            "end_time": "2015-06-30T22:46:07.816Z", 
            "_complete": true, 
            "is_cancelled": false, 
            "_successful": true
        }, 
        "model": "archive.runcomponent", 
        "pk": 45
    }, 
    {
        "fields": {
            "execrecord": 24, 
            "start_time": "2015-06-30T22:46:09.242Z", 
            "reused": false, 
            "_redacted": false, 
            "end_time": "2015-06-30T22:46:09.425Z", 
            "_complete": true, 
            "is_cancelled": false, 
            "_successful": true
        }, 
        "model": "archive.runcomponent", 
        "pk": 46
    }, 
    {
        "fields": {
            "execrecord": null, 
            "start_time": "2015-06-30T22:46:11.651Z", 
            "reused": null, 
            "_redacted": false, 
            "end_time": "2015-06-30T22:46:17.687Z", 
            "_complete": true, 
            "is_cancelled": false, 
            "_successful": true
        }, 
        "model": "archive.runcomponent", 
        "pk": 47
    }, 
    {
        "fields": {
            "execrecord": 24, 
            "start_time": "2015-06-30T22:46:11.719Z", 
            "reused": true, 
            "_redacted": false, 
            "end_time": "2015-06-30T22:46:11.792Z", 
            "_complete": true, 
            "is_cancelled": false, 
            "_successful": true
        }, 
        "model": "archive.runcomponent", 
        "pk": 48
    }, 
    {
        "fields": {
            "execrecord": 25, 
            "start_time": "2015-06-30T22:46:13.328Z", 
            "reused": false, 
            "_redacted": false, 
            "end_time": "2015-06-30T22:46:14.430Z", 
            "_complete": true, 
            "is_cancelled": false, 
            "_successful": true
        }, 
        "model": "archive.runcomponent", 
        "pk": 49
    }, 
    {
        "fields": {
            "execrecord": 24, 
            "start_time": "2015-06-30T22:46:13.412Z", 
            "reused": true, 
            "_redacted": false, 
            "end_time": "2015-06-30T22:46:13.484Z", 
            "_complete": true, 
            "is_cancelled": false, 
            "_successful": true
        }, 
        "model": "archive.runcomponent", 
        "pk": 50
    }, 
    {
        "fields": {
            "execrecord": 27, 
            "start_time": "2015-06-30T22:46:14.795Z", 
            "reused": false, 
            "_redacted": false, 
            "end_time": "2015-06-30T22:46:16.051Z", 
            "_complete": true, 
            "is_cancelled": false, 
            "_successful": true
        }, 
        "model": "archive.runcomponent", 
        "pk": 51
    }, 
    {
        "fields": {
            "execrecord": 26, 
            "start_time": "2015-06-30T22:46:14.879Z", 
            "reused": false, 
            "_redacted": false, 
            "end_time": "2015-06-30T22:46:15.052Z", 
            "_complete": true, 
            "is_cancelled": false, 
            "_successful": true
        }, 
        "model": "archive.runcomponent", 
        "pk": 52
    }, 
    {
        "fields": {
            "execrecord": 28, 
            "start_time": "2015-06-30T22:46:16.511Z", 
            "reused": false, 
            "_redacted": false, 
            "end_time": "2015-06-30T22:46:16.692Z", 
            "_complete": true, 
            "is_cancelled": false, 
            "_successful": true
        }, 
        "model": "archive.runcomponent", 
        "pk": 53
    }, 
    {
        "fields": {
            "execrecord": 28, 
            "start_time": "2015-06-30T22:46:18.983Z", 
            "reused": true, 
            "_redacted": false, 
            "end_time": "2015-06-30T22:46:19.057Z", 
            "_complete": true, 
            "is_cancelled": false, 
            "_successful": true
        }, 
        "model": "archive.runcomponent", 
        "pk": 54
    }, 
    {
        "fields": {
            "execrecord": 28, 
            "start_time": "2015-06-30T22:46:24.580Z", 
            "reused": true, 
            "_redacted": false, 
            "end_time": "2015-06-30T22:46:24.653Z", 
            "_complete": true, 
            "is_cancelled": false, 
            "_successful": true
        }, 
        "model": "archive.runcomponent", 
        "pk": 55
    }, 
    {
        "fields": {
            "pipelinestep": 1, 
            "run": 3
        }, 
        "model": "archive.runstep", 
        "pk": 1
    }, 
    {
        "fields": {
            "pipelinestep": 2, 
            "run": 4
        }, 
        "model": "archive.runstep", 
        "pk": 2
    }, 
    {
        "fields": {
            "pipelinestep": 4, 
            "run": 5
        }, 
        "model": "archive.runstep", 
        "pk": 3
    }, 
    {
        "fields": {
            "pipelinestep": 9, 
            "run": 7
        }, 
        "model": "archive.runstep", 
        "pk": 4
    }, 
    {
        "fields": {
            "pipelinestep": 7, 
            "run": 8
        }, 
        "model": "archive.runstep", 
        "pk": 6
    }, 
    {
        "fields": {
            "pipelinestep": 5, 
            "run": 9
        }, 
        "model": "archive.runstep", 
        "pk": 8
    }, 
    {
        "fields": {
            "pipelinestep": 6, 
            "run": 9
        }, 
        "model": "archive.runstep", 
        "pk": 10
    }, 
    {
        "fields": {
            "pipelinestep": 8, 
            "run": 8
        }, 
        "model": "archive.runstep", 
        "pk": 13
    }, 
    {
        "fields": {
            "pipelinestep": 5, 
            "run": 10
        }, 
        "model": "archive.runstep", 
        "pk": 15
    }, 
    {
        "fields": {
            "pipelinestep": 6, 
            "run": 10
        }, 
        "model": "archive.runstep", 
        "pk": 17
    }, 
    {
        "fields": {
            "pipelinestep": 10, 
            "run": 7
        }, 
        "model": "archive.runstep", 
        "pk": 21
    }, 
    {
        "fields": {
            "pipelinestep": 7, 
            "run": 11
        }, 
        "model": "archive.runstep", 
        "pk": 23
    }, 
    {
        "fields": {
            "pipelinestep": 5, 
            "run": 12
        }, 
        "model": "archive.runstep", 
        "pk": 25
    }, 
    {
        "fields": {
            "pipelinestep": 6, 
            "run": 12
        }, 
        "model": "archive.runstep", 
        "pk": 27
    }, 
    {
        "fields": {
            "pipelinestep": 8, 
            "run": 11
        }, 
        "model": "archive.runstep", 
        "pk": 30
    }, 
    {
        "fields": {
            "pipelinestep": 5, 
            "run": 13
        }, 
        "model": "archive.runstep", 
        "pk": 32
    }, 
    {
        "fields": {
            "pipelinestep": 6, 
            "run": 13
        }, 
        "model": "archive.runstep", 
        "pk": 34
    }, 
    {
        "fields": {
            "pipelinestep": 11, 
            "run": 7
        }, 
        "model": "archive.runstep", 
        "pk": 38
    }, 
    {
        "fields": {
            "pipelinestep": 7, 
            "run": 14
        }, 
        "model": "archive.runstep", 
        "pk": 40
    }, 
    {
        "fields": {
            "pipelinestep": 5, 
            "run": 15
        }, 
        "model": "archive.runstep", 
        "pk": 42
    }, 
    {
        "fields": {
            "pipelinestep": 6, 
            "run": 15
        }, 
        "model": "archive.runstep", 
        "pk": 44
    }, 
    {
        "fields": {
            "pipelinestep": 8, 
            "run": 14
        }, 
        "model": "archive.runstep", 
        "pk": 47
    }, 
    {
        "fields": {
            "pipelinestep": 5, 
            "run": 16
        }, 
        "model": "archive.runstep", 
        "pk": 49
    }, 
    {
        "fields": {
            "pipelinestep": 6, 
            "run": 16
        }, 
        "model": "archive.runstep", 
        "pk": 51
    }, 
    {
        "fields": {
            "runstep": 4, 
            "PSIC": 18
        }, 
        "model": "archive.runsic", 
        "pk": 5
    }, 
    {
        "fields": {
            "runstep": 6, 
            "PSIC": 15
        }, 
        "model": "archive.runsic", 
        "pk": 7
    }, 
    {
        "fields": {
            "runstep": 8, 
            "PSIC": 12
        }, 
        "model": "archive.runsic", 
        "pk": 9
    }, 
    {
        "fields": {
            "runstep": 10, 
            "PSIC": 13
        }, 
        "model": "archive.runsic", 
        "pk": 11
    }, 
    {
        "fields": {
            "runstep": 13, 
            "PSIC": 16
        }, 
        "model": "archive.runsic", 
        "pk": 14
    }, 
    {
        "fields": {
            "runstep": 15, 
            "PSIC": 12
        }, 
        "model": "archive.runsic", 
        "pk": 16
    }, 
    {
        "fields": {
            "runstep": 17, 
            "PSIC": 13
        }, 
        "model": "archive.runsic", 
        "pk": 18
    }, 
    {
        "fields": {
            "runstep": 21, 
            "PSIC": 19
        }, 
        "model": "archive.runsic", 
        "pk": 22
    }, 
    {
        "fields": {
            "runstep": 23, 
            "PSIC": 15
        }, 
        "model": "archive.runsic", 
        "pk": 24
    }, 
    {
        "fields": {
            "runstep": 25, 
            "PSIC": 12
        }, 
        "model": "archive.runsic", 
        "pk": 26
    }, 
    {
        "fields": {
            "runstep": 27, 
            "PSIC": 13
        }, 
        "model": "archive.runsic", 
        "pk": 28
    }, 
    {
        "fields": {
            "runstep": 30, 
            "PSIC": 16
        }, 
        "model": "archive.runsic", 
        "pk": 31
    }, 
    {
        "fields": {
            "runstep": 32, 
            "PSIC": 12
        }, 
        "model": "archive.runsic", 
        "pk": 33
    }, 
    {
        "fields": {
            "runstep": 34, 
            "PSIC": 13
        }, 
        "model": "archive.runsic", 
        "pk": 35
    }, 
    {
        "fields": {
            "runstep": 38, 
            "PSIC": 20
        }, 
        "model": "archive.runsic", 
        "pk": 39
    }, 
    {
        "fields": {
            "runstep": 40, 
            "PSIC": 15
        }, 
        "model": "archive.runsic", 
        "pk": 41
    }, 
    {
        "fields": {
            "runstep": 42, 
            "PSIC": 12
        }, 
        "model": "archive.runsic", 
        "pk": 43
    }, 
    {
        "fields": {
            "runstep": 44, 
            "PSIC": 13
        }, 
        "model": "archive.runsic", 
        "pk": 45
    }, 
    {
        "fields": {
            "runstep": 47, 
            "PSIC": 16
        }, 
        "model": "archive.runsic", 
        "pk": 48
    }, 
    {
        "fields": {
            "runstep": 49, 
            "PSIC": 12
        }, 
        "model": "archive.runsic", 
        "pk": 50
    }, 
    {
        "fields": {
            "runstep": 51, 
            "PSIC": 13
        }, 
        "model": "archive.runsic", 
        "pk": 52
    }, 
    {
        "fields": {
            "run": 9, 
            "pipelineoutputcable": 14
        }, 
        "model": "archive.runoutputcable", 
        "pk": 12
    }, 
    {
        "fields": {
            "run": 10, 
            "pipelineoutputcable": 14
        }, 
        "model": "archive.runoutputcable", 
        "pk": 19
    }, 
    {
        "fields": {
            "run": 8, 
            "pipelineoutputcable": 17
        }, 
        "model": "archive.runoutputcable", 
        "pk": 20
    }, 
    {
        "fields": {
            "run": 12, 
            "pipelineoutputcable": 14
        }, 
        "model": "archive.runoutputcable", 
        "pk": 29
    }, 
    {
        "fields": {
            "run": 13, 
            "pipelineoutputcable": 14
        }, 
        "model": "archive.runoutputcable", 
        "pk": 36
    }, 
    {
        "fields": {
            "run": 11, 
            "pipelineoutputcable": 17
        }, 
        "model": "archive.runoutputcable", 
        "pk": 37
    }, 
    {
        "fields": {
            "run": 15, 
            "pipelineoutputcable": 14
        }, 
        "model": "archive.runoutputcable", 
        "pk": 46
    }, 
    {
        "fields": {
            "run": 16, 
            "pipelineoutputcable": 14
        }, 
        "model": "archive.runoutputcable", 
        "pk": 53
    }, 
    {
        "fields": {
            "run": 14, 
            "pipelineoutputcable": 17
        }, 
        "model": "archive.runoutputcable", 
        "pk": 54
    }, 
    {
        "fields": {
            "run": 7, 
            "pipelineoutputcable": 21
        }, 
        "model": "archive.runoutputcable", 
        "pk": 55
    }, 
    {
        "fields": {
            "name": "triplet", 
            "date_modified": "2015-06-30T22:45:23.517Z", 
            "symbolicdataset": 1, 
            "created_by": null, 
            "date_created": "2015-06-30T22:45:23.517Z", 
            "dataset_file": "Datasets/2015_06/step_0_triplet.csv", 
            "description": "lol"
        }, 
        "model": "archive.dataset", 
        "pk": 1
    }, 
    {
        "fields": {
            "name": "doublet", 
            "date_modified": "2015-06-30T22:45:23.580Z", 
            "symbolicdataset": 2, 
            "created_by": null, 
            "date_created": "2015-06-30T22:45:23.580Z", 
            "dataset_file": "Datasets/2015_06/doublet_cdt.csv", 
            "description": "lol"
        }, 
        "model": "archive.dataset", 
        "pk": 2
    }, 
    {
        "fields": {
            "name": "singlet", 
            "date_modified": "2015-06-30T22:45:23.624Z", 
            "symbolicdataset": 3, 
            "created_by": null, 
            "date_created": "2015-06-30T22:45:23.624Z", 
            "dataset_file": "Datasets/2015_06/singlet_cdt_large.csv", 
            "description": "lol"
        }, 
        "model": "archive.dataset", 
        "pk": 3
    }, 
    {
        "fields": {
            "name": "singlet", 
            "date_modified": "2015-06-30T22:45:23.677Z", 
            "symbolicdataset": 4, 
            "created_by": null, 
            "date_created": "2015-06-30T22:45:23.677Z", 
            "dataset_file": "Datasets/2015_06/step_0_singlet.csv", 
            "description": "lol"
        }, 
        "model": "archive.dataset", 
        "pk": 4
    }, 
    {
        "fields": {
            "name": "raw_DS", 
            "date_modified": "2015-06-30T22:45:23.692Z", 
            "symbolicdataset": 5, 
            "created_by": null, 
            "date_created": "2015-06-30T22:45:23.692Z", 
            "dataset_file": "Datasets/2015_06/step_0_raw.fasta", 
            "description": "lol"
        }, 
        "model": "archive.dataset", 
        "pk": 5
    }, 
    {
        "fields": {
            "name": "C1_in_triplet", 
            "date_modified": "2015-06-30T22:45:23.833Z", 
            "symbolicdataset": 7, 
            "created_by": null, 
            "date_created": "2015-06-30T22:45:23.833Z", 
            "dataset_file": "Datasets/2015_06/C1_in_triplet.csv", 
            "description": "triplet 3 rows"
        }, 
        "model": "archive.dataset", 
        "pk": 6
    }, 
    {
        "fields": {
            "name": "E11_32 output doublet", 
            "date_modified": "2015-06-30T22:45:23.946Z", 
            "symbolicdataset": 9, 
            "created_by": null, 
            "date_created": "2015-06-30T22:45:23.946Z", 
            "dataset_file": "Datasets/2015_06/E11_32_output.csv", 
            "description": "result of E11_32 fed by doublet_cdt.csv"
        }, 
        "model": "archive.dataset", 
        "pk": 7
    }, 
    {
        "fields": {
            "name": "raw", 
            "date_modified": "2015-06-30T22:45:23.989Z", 
            "symbolicdataset": 10, 
            "created_by": null, 
            "date_created": "2015-06-30T22:45:23.989Z", 
            "dataset_file": "Datasets/2015_06/step_0_singlet_gGjfAkX.csv", 
            "description": "lol"
        }, 
        "model": "archive.dataset", 
        "pk": 8
    }, 
    {
        "fields": {
            "name": "C2_out", 
            "date_modified": "2015-06-30T22:45:24.002Z", 
            "symbolicdataset": 11, 
            "created_by": null, 
            "date_created": "2015-06-30T22:45:24.002Z", 
            "dataset_file": "Datasets/2015_06/step_0_raw_PT0XZt1.fasta", 
            "description": "lol"
        }, 
        "model": "archive.dataset", 
        "pk": 9
    }, 
    {
        "fields": {
            "name": "C3_out", 
            "date_modified": "2015-06-30T22:45:24.010Z", 
            "symbolicdataset": 12, 
            "created_by": null, 
            "date_created": "2015-06-30T22:45:24.010Z", 
            "dataset_file": "Datasets/2015_06/step_0_raw_k5Cr69j.fasta", 
            "description": "lol"
        }, 
        "model": "archive.dataset", 
        "pk": 10
    }, 
    {
        "fields": {
            "name": "triplet", 
            "date_modified": "2015-06-30T22:45:24.079Z", 
            "symbolicdataset": 13, 
            "created_by": null, 
            "date_created": "2015-06-30T22:45:24.079Z", 
            "dataset_file": "Datasets/2015_06/step_0_triplet_3_rows.csv", 
            "description": "lol"
        }, 
        "model": "archive.dataset", 
        "pk": 11
    }, 
    {
        "fields": {
            "name": "E1_out", 
            "date_modified": "2015-06-30T22:45:24.139Z", 
            "symbolicdataset": 14, 
            "created_by": null, 
            "date_created": "2015-06-30T22:45:24.139Z", 
            "dataset_file": "Datasets/2015_06/doublet_remuxed_from_t3r.csv", 
            "description": "doublet remuxed from triplet"
        }, 
        "model": "archive.dataset", 
        "pk": 12
    }, 
    {
        "fields": {
            "name": "DNA_triplet", 
            "date_modified": "2015-06-30T22:45:24.316Z", 
            "symbolicdataset": 15, 
            "created_by": null, 
            "date_created": "2015-06-30T22:45:24.316Z", 
            "dataset_file": "Datasets/2015_06/DNA_triplet.csv", 
            "description": "DNA triplet data"
        }, 
        "model": "archive.dataset", 
        "pk": 13
    }, 
    {
        "fields": {
            "name": "E01_21_DNA_doublet", 
            "date_modified": "2015-06-30T22:45:24.519Z", 
            "symbolicdataset": 16, 
            "created_by": null, 
            "date_created": "2015-06-30T22:45:24.519Z", 
            "dataset_file": "Datasets/2015_06/E01_21_DNA_doublet.csv", 
            "description": "DNA doublet data coming from DNA_triplet.csv but remultiplexed according to cable E01_21"
        }, 
        "model": "archive.dataset", 
        "pk": 14
    }, 
    {
        "fields": {
            "name": "E21_41_DNA_doublet", 
            "date_modified": "2015-06-30T22:45:24.649Z", 
            "symbolicdataset": 17, 
            "created_by": null, 
            "date_created": "2015-06-30T22:45:24.649Z", 
            "dataset_file": "Datasets/2015_06/E21_41_DNA_doublet.csv", 
            "description": "DNA doublet data coming from DNA_triplet.csv but remultiplexed according to cable E21_41"
        }, 
        "model": "archive.dataset", 
        "pk": 15
    }, 
    {
        "fields": {
            "name": "blahblah", 
            "date_modified": "2015-06-30T22:45:26.839Z", 
            "symbolicdataset": 18, 
            "created_by": null, 
            "date_created": "2015-06-30T22:45:26.839Z", 
            "dataset_file": "Datasets/2015_06/tmpHMbKXi", 
            "description": "blahblahblah"
        }, 
        "model": "archive.dataset", 
        "pk": 16
    }, 
    {
        "fields": {
            "name": "run9_step1_outputsame_strings", 
            "date_modified": "2015-06-30T22:45:27.913Z", 
            "symbolicdataset": 19, 
            "created_by": 8, 
            "date_created": "2015-06-30T22:45:27.913Z", 
            "dataset_file": "Datasets/2015_06/step1_same_strings.csv", 
            "description": "Generated data from a run of pipeline \"p_basic:1 (v1)\" started at 2015-06-30 22:45:27.481391+00:00 by bob\nrun: 9\nuser: bob\nstep: 1\noutput: same_strings"
        }, 
        "model": "archive.dataset", 
        "pk": 17
    }, 
    {
        "fields": {
            "name": "run9_step2_outputsame_strings", 
            "date_modified": "2015-06-30T22:45:29.232Z", 
            "symbolicdataset": 20, 
            "created_by": 10, 
            "date_created": "2015-06-30T22:45:29.232Z", 
            "dataset_file": "Datasets/2015_06/step2_same_strings.csv", 
            "description": "Generated data from a run of pipeline \"p_basic:1 (v1)\" started at 2015-06-30 22:45:27.481391+00:00 by bob\nrun: 9\nuser: bob\nstep: 2\noutput: same_strings"
        }, 
        "model": "archive.dataset", 
        "pk": 18
    }, 
    {
        "fields": {
            "name": "run10_step1_outputsame_strings", 
            "date_modified": "2015-06-30T22:45:33.474Z", 
            "symbolicdataset": 21, 
            "created_by": 15, 
            "date_created": "2015-06-30T22:45:33.474Z", 
            "dataset_file": "Datasets/2015_06/step1_same_strings_NyJcyGM.csv", 
            "description": "Generated data from a run of pipeline \"p_basic:1 (v1)\" started at 2015-06-30 22:45:32.972214+00:00 by bob\nrun: 10\nuser: bob\nstep: 1\noutput: same_strings"
        }, 
        "model": "archive.dataset", 
        "pk": 19
    }, 
    {
        "fields": {
            "name": "run10_step2_outputsame_strings", 
            "date_modified": "2015-06-30T22:45:34.864Z", 
            "symbolicdataset": 22, 
            "created_by": 17, 
            "date_created": "2015-06-30T22:45:34.864Z", 
            "dataset_file": "Datasets/2015_06/step2_same_strings_wroIlk4.csv", 
            "description": "Generated data from a run of pipeline \"p_basic:1 (v1)\" started at 2015-06-30 22:45:32.972214+00:00 by bob\nrun: 10\nuser: bob\nstep: 2\noutput: same_strings"
        }, 
        "model": "archive.dataset", 
        "pk": 20
    }, 
    {
        "fields": {
            "name": "run12_step1_outputsame_strings", 
            "date_modified": "2015-06-30T22:45:45.978Z", 
            "symbolicdataset": 23, 
            "created_by": 25, 
            "date_created": "2015-06-30T22:45:45.978Z", 
            "dataset_file": "Datasets/2015_06/step1_same_strings_jqjOWhj.csv", 
            "description": "Generated data from a run of pipeline \"p_basic:1 (v1)\" started at 2015-06-30 22:45:45.419917+00:00 by bob\nrun: 12\nuser: bob\nstep: 1\noutput: same_strings"
        }, 
        "model": "archive.dataset", 
        "pk": 21
    }, 
    {
        "fields": {
            "name": "run12_step2_outputsame_strings", 
            "date_modified": "2015-06-30T22:45:47.441Z", 
            "symbolicdataset": 24, 
            "created_by": 27, 
            "date_created": "2015-06-30T22:45:47.441Z", 
            "dataset_file": "Datasets/2015_06/step2_same_strings_ZgYpG5K.csv", 
            "description": "Generated data from a run of pipeline \"p_basic:1 (v1)\" started at 2015-06-30 22:45:45.419917+00:00 by bob\nrun: 12\nuser: bob\nstep: 2\noutput: same_strings"
        }, 
        "model": "archive.dataset", 
        "pk": 22
    }, 
    {
        "fields": {
            "name": "run13_step1_outputsame_strings", 
            "date_modified": "2015-06-30T22:45:52.527Z", 
            "symbolicdataset": 25, 
            "created_by": 32, 
            "date_created": "2015-06-30T22:45:52.527Z", 
            "dataset_file": "Datasets/2015_06/step1_same_strings_aQMkSl7.csv", 
            "description": "Generated data from a run of pipeline \"p_basic:1 (v1)\" started at 2015-06-30 22:45:51.933779+00:00 by bob\nrun: 13\nuser: bob\nstep: 1\noutput: same_strings"
        }, 
        "model": "archive.dataset", 
        "pk": 23
    }, 
    {
        "fields": {
            "name": "run13_step2_outputsame_strings", 
            "date_modified": "2015-06-30T22:45:54.027Z", 
            "symbolicdataset": 26, 
            "created_by": 34, 
            "date_created": "2015-06-30T22:45:54.027Z", 
            "dataset_file": "Datasets/2015_06/step2_same_strings_yo3rxIu.csv", 
            "description": "Generated data from a run of pipeline \"p_basic:1 (v1)\" started at 2015-06-30 22:45:51.933779+00:00 by bob\nrun: 13\nuser: bob\nstep: 2\noutput: same_strings"
        }, 
        "model": "archive.dataset", 
        "pk": 24
    }, 
    {
        "fields": {
            "name": "run15_step1_outputsame_strings", 
            "date_modified": "2015-06-30T22:46:06.744Z", 
            "symbolicdataset": 27, 
            "created_by": 42, 
            "date_created": "2015-06-30T22:46:06.744Z", 
            "dataset_file": "Datasets/2015_06/step1_same_strings_Coum7bn.csv", 
            "description": "Generated data from a run of pipeline \"p_basic:1 (v1)\" started at 2015-06-30 22:46:06.097927+00:00 by bob\nrun: 15\nuser: bob\nstep: 1\noutput: same_strings"
        }, 
        "model": "archive.dataset", 
        "pk": 25
    }, 
    {
        "fields": {
            "name": "run15_step2_outputsame_strings", 
            "date_modified": "2015-06-30T22:46:08.310Z", 
            "symbolicdataset": 28, 
            "created_by": 44, 
            "date_created": "2015-06-30T22:46:08.310Z", 
            "dataset_file": "Datasets/2015_06/step2_same_strings_D8vuYrF.csv", 
            "description": "Generated data from a run of pipeline \"p_basic:1 (v1)\" started at 2015-06-30 22:46:06.097927+00:00 by bob\nrun: 15\nuser: bob\nstep: 2\noutput: same_strings"
        }, 
        "model": "archive.dataset", 
        "pk": 26
    }, 
    {
        "fields": {
            "name": "run16_step1_outputsame_strings", 
            "date_modified": "2015-06-30T22:46:13.997Z", 
            "symbolicdataset": 29, 
            "created_by": 49, 
            "date_created": "2015-06-30T22:46:13.997Z", 
            "dataset_file": "Datasets/2015_06/step1_same_strings_vzyUPZF.csv", 
            "description": "Generated data from a run of pipeline \"p_basic:1 (v1)\" started at 2015-06-30 22:46:13.320245+00:00 by bob\nrun: 16\nuser: bob\nstep: 1\noutput: same_strings"
        }, 
        "model": "archive.dataset", 
        "pk": 27
    }, 
    {
        "fields": {
            "name": "run16_step2_outputsame_strings", 
            "date_modified": "2015-06-30T22:46:15.593Z", 
            "symbolicdataset": 30, 
            "created_by": 51, 
            "date_created": "2015-06-30T22:46:15.593Z", 
            "dataset_file": "Datasets/2015_06/step2_same_strings_aHH4zWX.csv", 
            "description": "Generated data from a run of pipeline \"p_basic:1 (v1)\" started at 2015-06-30 22:46:13.320245+00:00 by bob\nrun: 16\nuser: bob\nstep: 2\noutput: same_strings"
        }, 
        "model": "archive.dataset", 
        "pk": 28
    }, 
    {
        "fields": {
            "record": 1, 
            "start_time": null, 
            "invoking_record": 1, 
            "end_time": null
        }, 
        "model": "archive.execlog", 
        "pk": 1
    }, 
    {
        "fields": {
            "record": 2, 
            "start_time": null, 
            "invoking_record": 2, 
            "end_time": null
        }, 
        "model": "archive.execlog", 
        "pk": 2
    }, 
    {
        "fields": {
            "record": 3, 
            "start_time": null, 
            "invoking_record": 3, 
            "end_time": null
        }, 
        "model": "archive.execlog", 
        "pk": 3
    }, 
    {
        "fields": {
            "record": 5, 
            "start_time": "2015-06-30T22:45:26.966Z", 
            "invoking_record": 5, 
            "end_time": "2015-06-30T22:45:26.967Z"
        }, 
        "model": "archive.execlog", 
        "pk": 4
    }, 
    {
        "fields": {
            "record": 8, 
            "start_time": "2015-06-30T22:45:27.784Z", 
            "invoking_record": 8, 
            "end_time": "2015-06-30T22:45:27.878Z"
        }, 
        "model": "archive.execlog", 
        "pk": 5
    }, 
    {
        "fields": {
            "record": 11, 
            "start_time": "2015-06-30T22:45:28.780Z", 
            "invoking_record": 11, 
            "end_time": "2015-06-30T22:45:28.781Z"
        }, 
        "model": "archive.execlog", 
        "pk": 6
    }, 
    {
        "fields": {
            "record": 10, 
            "start_time": "2015-06-30T22:45:29.120Z", 
            "invoking_record": 10, 
            "end_time": "2015-06-30T22:45:29.199Z"
        }, 
        "model": "archive.execlog", 
        "pk": 7
    }, 
    {
        "fields": {
            "record": 12, 
            "start_time": "2015-06-30T22:45:30.167Z", 
            "invoking_record": 12, 
            "end_time": "2015-06-30T22:45:30.168Z"
        }, 
        "model": "archive.execlog", 
        "pk": 8
    }, 
    {
        "fields": {
            "record": 15, 
            "start_time": "2015-06-30T22:45:33.361Z", 
            "invoking_record": 15, 
            "end_time": "2015-06-30T22:45:33.439Z"
        }, 
        "model": "archive.execlog", 
        "pk": 9
    }, 
    {
        "fields": {
            "record": 18, 
            "start_time": "2015-06-30T22:45:34.364Z", 
            "invoking_record": 18, 
            "end_time": "2015-06-30T22:45:34.365Z"
        }, 
        "model": "archive.execlog", 
        "pk": 10
    }, 
    {
        "fields": {
            "record": 17, 
            "start_time": "2015-06-30T22:45:34.750Z", 
            "invoking_record": 17, 
            "end_time": "2015-06-30T22:45:34.828Z"
        }, 
        "model": "archive.execlog", 
        "pk": 11
    }, 
    {
        "fields": {
            "record": 19, 
            "start_time": "2015-06-30T22:45:35.825Z", 
            "invoking_record": 19, 
            "end_time": "2015-06-30T22:45:35.826Z"
        }, 
        "model": "archive.execlog", 
        "pk": 12
    }, 
    {
        "fields": {
            "record": 25, 
            "start_time": "2015-06-30T22:45:45.861Z", 
            "invoking_record": 25, 
            "end_time": "2015-06-30T22:45:45.941Z"
        }, 
        "model": "archive.execlog", 
        "pk": 13
    }, 
    {
        "fields": {
            "record": 28, 
            "start_time": "2015-06-30T22:45:46.895Z", 
            "invoking_record": 28, 
            "end_time": "2015-06-30T22:45:46.896Z"
        }, 
        "model": "archive.execlog", 
        "pk": 14
    }, 
    {
        "fields": {
            "record": 27, 
            "start_time": "2015-06-30T22:45:47.326Z", 
            "invoking_record": 27, 
            "end_time": "2015-06-30T22:45:47.405Z"
        }, 
        "model": "archive.execlog", 
        "pk": 15
    }, 
    {
        "fields": {
            "record": 29, 
            "start_time": "2015-06-30T22:45:48.409Z", 
            "invoking_record": 29, 
            "end_time": "2015-06-30T22:45:48.410Z"
        }, 
        "model": "archive.execlog", 
        "pk": 16
    }, 
    {
        "fields": {
            "record": 32, 
            "start_time": "2015-06-30T22:45:52.411Z", 
            "invoking_record": 32, 
            "end_time": "2015-06-30T22:45:52.490Z"
        }, 
        "model": "archive.execlog", 
        "pk": 17
    }, 
    {
        "fields": {
            "record": 35, 
            "start_time": "2015-06-30T22:45:53.430Z", 
            "invoking_record": 35, 
            "end_time": "2015-06-30T22:45:53.431Z"
        }, 
        "model": "archive.execlog", 
        "pk": 18
    }, 
    {
        "fields": {
            "record": 34, 
            "start_time": "2015-06-30T22:45:53.909Z", 
            "invoking_record": 34, 
            "end_time": "2015-06-30T22:45:53.987Z"
        }, 
        "model": "archive.execlog", 
        "pk": 19
    }, 
    {
        "fields": {
            "record": 36, 
            "start_time": "2015-06-30T22:45:54.984Z", 
            "invoking_record": 36, 
            "end_time": "2015-06-30T22:45:54.985Z"
        }, 
        "model": "archive.execlog", 
        "pk": 20
    }, 
    {
        "fields": {
            "record": 42, 
            "start_time": "2015-06-30T22:46:06.626Z", 
            "invoking_record": 42, 
            "end_time": "2015-06-30T22:46:06.706Z"
        }, 
        "model": "archive.execlog", 
        "pk": 21
    }, 
    {
        "fields": {
            "record": 45, 
            "start_time": "2015-06-30T22:46:07.671Z", 
            "invoking_record": 45, 
            "end_time": "2015-06-30T22:46:07.672Z"
        }, 
        "model": "archive.execlog", 
        "pk": 22
    }, 
    {
        "fields": {
            "record": 44, 
            "start_time": "2015-06-30T22:46:08.195Z", 
            "invoking_record": 44, 
            "end_time": "2015-06-30T22:46:08.275Z"
        }, 
        "model": "archive.execlog", 
        "pk": 23
    }, 
    {
        "fields": {
            "record": 46, 
            "start_time": "2015-06-30T22:46:09.263Z", 
            "invoking_record": 46, 
            "end_time": "2015-06-30T22:46:09.264Z"
        }, 
        "model": "archive.execlog", 
        "pk": 24
    }, 
    {
        "fields": {
            "record": 49, 
            "start_time": "2015-06-30T22:46:13.879Z", 
            "invoking_record": 49, 
            "end_time": "2015-06-30T22:46:13.959Z"
        }, 
        "model": "archive.execlog", 
        "pk": 25
    }, 
    {
        "fields": {
            "record": 52, 
            "start_time": "2015-06-30T22:46:14.905Z", 
            "invoking_record": 52, 
            "end_time": "2015-06-30T22:46:14.906Z"
        }, 
        "model": "archive.execlog", 
        "pk": 26
    }, 
    {
        "fields": {
            "record": 51, 
            "start_time": "2015-06-30T22:46:15.476Z", 
            "invoking_record": 51, 
            "end_time": "2015-06-30T22:46:15.556Z"
        }, 
        "model": "archive.execlog", 
        "pk": 27
    }, 
    {
        "fields": {
            "record": 53, 
            "start_time": "2015-06-30T22:46:16.533Z", 
            "invoking_record": 53, 
            "end_time": "2015-06-30T22:46:16.534Z"
        }, 
        "model": "archive.execlog", 
        "pk": 28
    }, 
    {
        "fields": {
            "execlog": 1, 
            "error_redacted": false, 
            "return_code": 0, 
            "error_log": "", 
            "code_redacted": false, 
            "output_redacted": false, 
            "output_log": ""
        }, 
        "model": "archive.methodoutput", 
        "pk": 1
    }, 
    {
        "fields": {
            "execlog": 2, 
            "error_redacted": false, 
            "return_code": 1, 
            "error_log": "", 
            "code_redacted": false, 
            "output_redacted": false, 
            "output_log": ""
        }, 
        "model": "archive.methodoutput", 
        "pk": 2
    }, 
    {
        "fields": {
            "execlog": 3, 
            "error_redacted": false, 
            "return_code": 0, 
            "error_log": "", 
            "code_redacted": false, 
            "output_redacted": false, 
            "output_log": ""
        }, 
        "model": "archive.methodoutput", 
        "pk": 3
    }, 
    {
        "fields": {
            "execlog": 5, 
            "error_redacted": false, 
            "return_code": 0, 
            "error_log": "Logs/step1_stderr.txt", 
            "code_redacted": false, 
            "output_redacted": false, 
            "output_log": "Logs/step1_stdout.txt"
        }, 
        "model": "archive.methodoutput", 
        "pk": 4
    }, 
    {
        "fields": {
            "execlog": 7, 
            "error_redacted": false, 
            "return_code": 0, 
            "error_log": "Logs/step2_stderr.txt", 
            "code_redacted": false, 
            "output_redacted": false, 
            "output_log": "Logs/step2_stdout.txt"
        }, 
        "model": "archive.methodoutput", 
        "pk": 5
    }, 
    {
        "fields": {
            "execlog": 9, 
            "error_redacted": false, 
            "return_code": 0, 
            "error_log": "Logs/step1_stderr_7eZ8o65.txt", 
            "code_redacted": false, 
            "output_redacted": false, 
            "output_log": "Logs/step1_stdout_UySKJS6.txt"
        }, 
        "model": "archive.methodoutput", 
        "pk": 6
    }, 
    {
        "fields": {
            "execlog": 11, 
            "error_redacted": false, 
            "return_code": 0, 
            "error_log": "Logs/step2_stderr_5BsxAVm.txt", 
            "code_redacted": false, 
            "output_redacted": false, 
            "output_log": "Logs/step2_stdout_u30lVKA.txt"
        }, 
        "model": "archive.methodoutput", 
        "pk": 7
    }, 
    {
        "fields": {
            "execlog": 13, 
            "error_redacted": false, 
            "return_code": 0, 
            "error_log": "Logs/step1_stderr_ktkoKIk.txt", 
            "code_redacted": false, 
            "output_redacted": false, 
            "output_log": "Logs/step1_stdout_qWV6u12.txt"
        }, 
        "model": "archive.methodoutput", 
        "pk": 8
    }, 
    {
        "fields": {
            "execlog": 15, 
            "error_redacted": false, 
            "return_code": 0, 
            "error_log": "Logs/step2_stderr_Ovne4Jb.txt", 
            "code_redacted": false, 
            "output_redacted": false, 
            "output_log": "Logs/step2_stdout_QqcRk4U.txt"
        }, 
        "model": "archive.methodoutput", 
        "pk": 9
    }, 
    {
        "fields": {
            "execlog": 17, 
            "error_redacted": false, 
            "return_code": 0, 
            "error_log": "Logs/step1_stderr_fX9aVW0.txt", 
            "code_redacted": false, 
            "output_redacted": false, 
            "output_log": "Logs/step1_stdout_MwqSMGM.txt"
        }, 
        "model": "archive.methodoutput", 
        "pk": 10
    }, 
    {
        "fields": {
            "execlog": 19, 
            "error_redacted": false, 
            "return_code": 0, 
            "error_log": "Logs/step2_stderr_LD5TdB9.txt", 
            "code_redacted": false, 
            "output_redacted": false, 
            "output_log": "Logs/step2_stdout_AsWRLzB.txt"
        }, 
        "model": "archive.methodoutput", 
        "pk": 11
    }, 
    {
        "fields": {
            "execlog": 21, 
            "error_redacted": false, 
            "return_code": 0, 
            "error_log": "Logs/step1_stderr_zeawgJP.txt", 
            "code_redacted": false, 
            "output_redacted": false, 
            "output_log": "Logs/step1_stdout_Jlcb0TG.txt"
        }, 
        "model": "archive.methodoutput", 
        "pk": 12
    }, 
    {
        "fields": {
            "execlog": 23, 
            "error_redacted": false, 
            "return_code": 0, 
            "error_log": "Logs/step2_stderr_O3SU92v.txt", 
            "code_redacted": false, 
            "output_redacted": false, 
            "output_log": "Logs/step2_stdout_1n0qFHB.txt"
        }, 
        "model": "archive.methodoutput", 
        "pk": 13
    }, 
    {
        "fields": {
            "execlog": 25, 
            "error_redacted": false, 
            "return_code": 0, 
            "error_log": "Logs/step1_stderr_W6nhpbl.txt", 
            "code_redacted": false, 
            "output_redacted": false, 
            "output_log": "Logs/step1_stdout_YDFDvDG.txt"
        }, 
        "model": "archive.methodoutput", 
        "pk": 14
    }, 
    {
        "fields": {
            "execlog": 27, 
            "error_redacted": false, 
            "return_code": 0, 
            "error_log": "Logs/step2_stderr_TZw04QW.txt", 
            "code_redacted": false, 
            "output_redacted": false, 
            "output_log": "Logs/step2_stdout_9hxgEPT.txt"
        }, 
        "model": "archive.methodoutput", 
        "pk": 15
    }, 
    {
        "fields": {
            "num_rows": 10, 
            "symbolicdataset": 1, 
            "compounddatatype": 13
        }, 
        "model": "librarian.datasetstructure", 
        "pk": 1
    }, 
    {
        "fields": {
            "num_rows": 3, 
            "symbolicdataset": 2, 
            "compounddatatype": 16
        }, 
        "model": "librarian.datasetstructure", 
        "pk": 2
    }, 
    {
        "fields": {
            "num_rows": 13, 
            "symbolicdataset": 3, 
            "compounddatatype": 12
        }, 
        "model": "librarian.datasetstructure", 
        "pk": 3
    }, 
    {
        "fields": {
            "num_rows": 3, 
            "symbolicdataset": 4, 
            "compounddatatype": 12
        }, 
        "model": "librarian.datasetstructure", 
        "pk": 4
    }, 
    {
        "fields": {
            "num_rows": 10, 
            "symbolicdataset": 6, 
            "compounddatatype": 16
        }, 
        "model": "librarian.datasetstructure", 
        "pk": 5
    }, 
    {
        "fields": {
            "num_rows": 3, 
            "symbolicdataset": 7, 
            "compounddatatype": 13
        }, 
        "model": "librarian.datasetstructure", 
        "pk": 6
    }, 
    {
        "fields": {
            "num_rows": 3, 
            "symbolicdataset": 8, 
            "compounddatatype": 16
        }, 
        "model": "librarian.datasetstructure", 
        "pk": 7
    }, 
    {
        "fields": {
            "num_rows": 3, 
            "symbolicdataset": 9, 
            "compounddatatype": 16
        }, 
        "model": "librarian.datasetstructure", 
        "pk": 8
    }, 
    {
        "fields": {
            "num_rows": 3, 
            "symbolicdataset": 10, 
            "compounddatatype": 12
        }, 
        "model": "librarian.datasetstructure", 
        "pk": 9
    }, 
    {
        "fields": {
            "num_rows": 3, 
            "symbolicdataset": 13, 
            "compounddatatype": 13
        }, 
        "model": "librarian.datasetstructure", 
        "pk": 10
    }, 
    {
        "fields": {
            "num_rows": 3, 
            "symbolicdataset": 14, 
            "compounddatatype": 16
        }, 
        "model": "librarian.datasetstructure", 
        "pk": 11
    }, 
    {
        "fields": {
            "num_rows": 3, 
            "symbolicdataset": 15, 
            "compounddatatype": 17
        }, 
        "model": "librarian.datasetstructure", 
        "pk": 12
    }, 
    {
        "fields": {
            "num_rows": 3, 
            "symbolicdataset": 16, 
            "compounddatatype": 18
        }, 
        "model": "librarian.datasetstructure", 
        "pk": 13
    }, 
    {
        "fields": {
            "num_rows": 3, 
            "symbolicdataset": 17, 
            "compounddatatype": 18
        }, 
        "model": "librarian.datasetstructure", 
        "pk": 14
    }, 
    {
        "fields": {
            "num_rows": 1, 
            "symbolicdataset": 18, 
            "compounddatatype": 19
        }, 
        "model": "librarian.datasetstructure", 
        "pk": 15
    }, 
    {
        "fields": {
            "num_rows": 1, 
            "symbolicdataset": 19, 
            "compounddatatype": 19
        }, 
        "model": "librarian.datasetstructure", 
        "pk": 16
    }, 
    {
        "fields": {
            "num_rows": 1, 
            "symbolicdataset": 20, 
            "compounddatatype": 19
        }, 
        "model": "librarian.datasetstructure", 
        "pk": 17
    }, 
    {
        "fields": {
            "num_rows": 1, 
            "symbolicdataset": 21, 
            "compounddatatype": 19
        }, 
        "model": "librarian.datasetstructure", 
        "pk": 18
    }, 
    {
        "fields": {
            "num_rows": 1, 
            "symbolicdataset": 22, 
            "compounddatatype": 19
        }, 
        "model": "librarian.datasetstructure", 
        "pk": 19
    }, 
    {
        "fields": {
            "num_rows": 1, 
            "symbolicdataset": 23, 
            "compounddatatype": 19
        }, 
        "model": "librarian.datasetstructure", 
        "pk": 20
    }, 
    {
        "fields": {
            "num_rows": 1, 
            "symbolicdataset": 24, 
            "compounddatatype": 19
        }, 
        "model": "librarian.datasetstructure", 
        "pk": 21
    }, 
    {
        "fields": {
            "num_rows": 1, 
            "symbolicdataset": 25, 
            "compounddatatype": 19
        }, 
        "model": "librarian.datasetstructure", 
        "pk": 22
    }, 
    {
        "fields": {
            "num_rows": 1, 
            "symbolicdataset": 26, 
            "compounddatatype": 19
        }, 
        "model": "librarian.datasetstructure", 
        "pk": 23
    }, 
    {
        "fields": {
            "num_rows": 1, 
            "symbolicdataset": 27, 
            "compounddatatype": 19
        }, 
        "model": "librarian.datasetstructure", 
        "pk": 24
    }, 
    {
        "fields": {
            "num_rows": 1, 
            "symbolicdataset": 28, 
            "compounddatatype": 19
        }, 
        "model": "librarian.datasetstructure", 
        "pk": 25
    }, 
    {
        "fields": {
            "num_rows": 1, 
            "symbolicdataset": 29, 
            "compounddatatype": 19
        }, 
        "model": "librarian.datasetstructure", 
        "pk": 26
    }, 
    {
        "fields": {
            "num_rows": 1, 
            "symbolicdataset": 30, 
            "compounddatatype": 19
        }, 
        "model": "librarian.datasetstructure", 
        "pk": 27
    }, 
    {
        "fields": {
            "generator": 1
        }, 
        "model": "librarian.execrecord", 
        "pk": 1
    }, 
    {
        "fields": {
            "generator": 2
        }, 
        "model": "librarian.execrecord", 
        "pk": 2
    }, 
    {
        "fields": {
            "generator": 3
        }, 
        "model": "librarian.execrecord", 
        "pk": 3
    }, 
    {
        "fields": {
            "generator": 4
        }, 
        "model": "librarian.execrecord", 
        "pk": 4
    }, 
    {
        "fields": {
            "generator": 5
        }, 
        "model": "librarian.execrecord", 
        "pk": 5
    }, 
    {
        "fields": {
            "generator": 6
        }, 
        "model": "librarian.execrecord", 
        "pk": 6
    }, 
    {
        "fields": {
            "generator": 7
        }, 
        "model": "librarian.execrecord", 
        "pk": 7
    }, 
    {
        "fields": {
            "generator": 8
        }, 
        "model": "librarian.execrecord", 
        "pk": 8
    }, 
    {
        "fields": {
            "generator": 9
        }, 
        "model": "librarian.execrecord", 
        "pk": 9
    }, 
    {
        "fields": {
            "generator": 10
        }, 
        "model": "librarian.execrecord", 
        "pk": 10
    }, 
    {
        "fields": {
            "generator": 11
        }, 
        "model": "librarian.execrecord", 
        "pk": 11
    }, 
    {
        "fields": {
            "generator": 12
        }, 
        "model": "librarian.execrecord", 
        "pk": 12
    }, 
    {
        "fields": {
            "generator": 13
        }, 
        "model": "librarian.execrecord", 
        "pk": 13
    }, 
    {
        "fields": {
            "generator": 14
        }, 
        "model": "librarian.execrecord", 
        "pk": 14
    }, 
    {
        "fields": {
            "generator": 15
        }, 
        "model": "librarian.execrecord", 
        "pk": 15
    }, 
    {
        "fields": {
            "generator": 16
        }, 
        "model": "librarian.execrecord", 
        "pk": 16
    }, 
    {
        "fields": {
            "generator": 17
        }, 
        "model": "librarian.execrecord", 
        "pk": 17
    }, 
    {
        "fields": {
            "generator": 18
        }, 
        "model": "librarian.execrecord", 
        "pk": 18
    }, 
    {
        "fields": {
            "generator": 19
        }, 
        "model": "librarian.execrecord", 
        "pk": 19
    }, 
    {
        "fields": {
            "generator": 20
        }, 
        "model": "librarian.execrecord", 
        "pk": 20
    }, 
    {
        "fields": {
            "generator": 21
        }, 
        "model": "librarian.execrecord", 
        "pk": 21
    }, 
    {
        "fields": {
            "generator": 22
        }, 
        "model": "librarian.execrecord", 
        "pk": 22
    }, 
    {
        "fields": {
            "generator": 23
        }, 
        "model": "librarian.execrecord", 
        "pk": 23
    }, 
    {
        "fields": {
            "generator": 24
        }, 
        "model": "librarian.execrecord", 
        "pk": 24
    }, 
    {
        "fields": {
            "generator": 25
        }, 
        "model": "librarian.execrecord", 
        "pk": 25
    }, 
    {
        "fields": {
            "generator": 26
        }, 
        "model": "librarian.execrecord", 
        "pk": 26
    }, 
    {
        "fields": {
            "generator": 27
        }, 
        "model": "librarian.execrecord", 
        "pk": 27
    }, 
    {
        "fields": {
            "generator": 28
        }, 
        "model": "librarian.execrecord", 
        "pk": 28
    }, 
    {
        "fields": {
            "execrecord": 1, 
            "generic_input": 4, 
            "symbolicdataset": 3
        }, 
        "model": "librarian.execrecordin", 
        "pk": 1
    }, 
    {
        "fields": {
            "execrecord": 1, 
            "generic_input": 3, 
            "symbolicdataset": 2
        }, 
        "model": "librarian.execrecordin", 
        "pk": 2
    }, 
    {
        "fields": {
            "execrecord": 2, 
            "generic_input": 1, 
            "symbolicdataset": 5
        }, 
        "model": "librarian.execrecordin", 
        "pk": 3
    }, 
    {
        "fields": {
            "execrecord": 3, 
            "generic_input": 7, 
            "symbolicdataset": 2
        }, 
        "model": "librarian.execrecordin", 
        "pk": 4
    }, 
    {
        "fields": {
            "execrecord": 3, 
            "generic_input": 6, 
            "symbolicdataset": 1
        }, 
        "model": "librarian.execrecordin", 
        "pk": 5
    }, 
    {
        "fields": {
            "execrecord": 4, 
            "generic_input": 32, 
            "symbolicdataset": 18
        }, 
        "model": "librarian.execrecordin", 
        "pk": 6
    }, 
    {
        "fields": {
            "execrecord": 5, 
            "generic_input": 20, 
            "symbolicdataset": 18
        }, 
        "model": "librarian.execrecordin", 
        "pk": 7
    }, 
    {
        "fields": {
            "execrecord": 6, 
            "generic_input": 21, 
            "symbolicdataset": 19
        }, 
        "model": "librarian.execrecordin", 
        "pk": 8
    }, 
    {
        "fields": {
            "execrecord": 7, 
            "generic_input": 20, 
            "symbolicdataset": 19
        }, 
        "model": "librarian.execrecordin", 
        "pk": 9
    }, 
    {
        "fields": {
            "execrecord": 8, 
            "generic_input": 21, 
            "symbolicdataset": 20
        }, 
        "model": "librarian.execrecordin", 
        "pk": 10
    }, 
    {
        "fields": {
            "execrecord": 9, 
            "generic_input": 20, 
            "symbolicdataset": 20
        }, 
        "model": "librarian.execrecordin", 
        "pk": 11
    }, 
    {
        "fields": {
            "execrecord": 10, 
            "generic_input": 21, 
            "symbolicdataset": 21
        }, 
        "model": "librarian.execrecordin", 
        "pk": 12
    }, 
    {
        "fields": {
            "execrecord": 11, 
            "generic_input": 20, 
            "symbolicdataset": 21
        }, 
        "model": "librarian.execrecordin", 
        "pk": 13
    }, 
    {
        "fields": {
            "execrecord": 12, 
            "generic_input": 21, 
            "symbolicdataset": 22
        }, 
        "model": "librarian.execrecordin", 
        "pk": 14
    }, 
    {
        "fields": {
            "execrecord": 13, 
            "generic_input": 20, 
            "symbolicdataset": 22
        }, 
        "model": "librarian.execrecordin", 
        "pk": 15
    }, 
    {
        "fields": {
            "execrecord": 14, 
            "generic_input": 21, 
            "symbolicdataset": 23
        }, 
        "model": "librarian.execrecordin", 
        "pk": 16
    }, 
    {
        "fields": {
            "execrecord": 15, 
            "generic_input": 20, 
            "symbolicdataset": 23
        }, 
        "model": "librarian.execrecordin", 
        "pk": 17
    }, 
    {
        "fields": {
            "execrecord": 16, 
            "generic_input": 21, 
            "symbolicdataset": 24
        }, 
        "model": "librarian.execrecordin", 
        "pk": 18
    }, 
    {
        "fields": {
            "execrecord": 17, 
            "generic_input": 20, 
            "symbolicdataset": 24
        }, 
        "model": "librarian.execrecordin", 
        "pk": 19
    }, 
    {
        "fields": {
            "execrecord": 18, 
            "generic_input": 21, 
            "symbolicdataset": 25
        }, 
        "model": "librarian.execrecordin", 
        "pk": 20
    }, 
    {
        "fields": {
            "execrecord": 19, 
            "generic_input": 20, 
            "symbolicdataset": 25
        }, 
        "model": "librarian.execrecordin", 
        "pk": 21
    }, 
    {
        "fields": {
            "execrecord": 20, 
            "generic_input": 21, 
            "symbolicdataset": 26
        }, 
        "model": "librarian.execrecordin", 
        "pk": 22
    }, 
    {
        "fields": {
            "execrecord": 21, 
            "generic_input": 20, 
            "symbolicdataset": 26
        }, 
        "model": "librarian.execrecordin", 
        "pk": 23
    }, 
    {
        "fields": {
            "execrecord": 22, 
            "generic_input": 21, 
            "symbolicdataset": 27
        }, 
        "model": "librarian.execrecordin", 
        "pk": 24
    }, 
    {
        "fields": {
            "execrecord": 23, 
            "generic_input": 20, 
            "symbolicdataset": 27
        }, 
        "model": "librarian.execrecordin", 
        "pk": 25
    }, 
    {
        "fields": {
            "execrecord": 24, 
            "generic_input": 21, 
            "symbolicdataset": 28
        }, 
        "model": "librarian.execrecordin", 
        "pk": 26
    }, 
    {
        "fields": {
            "execrecord": 25, 
            "generic_input": 20, 
            "symbolicdataset": 28
        }, 
        "model": "librarian.execrecordin", 
        "pk": 27
    }, 
    {
        "fields": {
            "execrecord": 26, 
            "generic_input": 21, 
            "symbolicdataset": 29
        }, 
        "model": "librarian.execrecordin", 
        "pk": 28
    }, 
    {
        "fields": {
            "execrecord": 27, 
            "generic_input": 20, 
            "symbolicdataset": 29
        }, 
        "model": "librarian.execrecordin", 
        "pk": 29
    }, 
    {
        "fields": {
            "execrecord": 28, 
            "generic_input": 21, 
            "symbolicdataset": 30
        }, 
        "model": "librarian.execrecordin", 
        "pk": 30
    }, 
    {
        "fields": {
            "execrecord": 4, 
            "symbolicdataset": 18, 
            "generic_output": 29
        }, 
        "model": "librarian.execrecordout", 
        "pk": 1
    }, 
    {
        "fields": {
            "execrecord": 5, 
            "symbolicdataset": 19, 
            "generic_output": 21
        }, 
        "model": "librarian.execrecordout", 
        "pk": 2
    }, 
    {
        "fields": {
            "execrecord": 6, 
            "symbolicdataset": 19, 
            "generic_output": 20
        }, 
        "model": "librarian.execrecordout", 
        "pk": 3
    }, 
    {
        "fields": {
            "execrecord": 7, 
            "symbolicdataset": 20, 
            "generic_output": 21
        }, 
        "model": "librarian.execrecordout", 
        "pk": 4
    }, 
    {
        "fields": {
            "execrecord": 8, 
            "symbolicdataset": 20, 
            "generic_output": 28
        }, 
        "model": "librarian.execrecordout", 
        "pk": 5
    }, 
    {
        "fields": {
            "execrecord": 9, 
            "symbolicdataset": 21, 
            "generic_output": 21
        }, 
        "model": "librarian.execrecordout", 
        "pk": 6
    }, 
    {
        "fields": {
            "execrecord": 10, 
            "symbolicdataset": 21, 
            "generic_output": 20
        }, 
        "model": "librarian.execrecordout", 
        "pk": 7
    }, 
    {
        "fields": {
            "execrecord": 11, 
            "symbolicdataset": 22, 
            "generic_output": 21
        }, 
        "model": "librarian.execrecordout", 
        "pk": 8
    }, 
    {
        "fields": {
            "execrecord": 12, 
            "symbolicdataset": 22, 
            "generic_output": 28
        }, 
        "model": "librarian.execrecordout", 
        "pk": 9
    }, 
    {
        "fields": {
            "execrecord": 13, 
            "symbolicdataset": 23, 
            "generic_output": 21
        }, 
        "model": "librarian.execrecordout", 
        "pk": 10
    }, 
    {
        "fields": {
            "execrecord": 14, 
            "symbolicdataset": 23, 
            "generic_output": 20
        }, 
        "model": "librarian.execrecordout", 
        "pk": 11
    }, 
    {
        "fields": {
            "execrecord": 15, 
            "symbolicdataset": 24, 
            "generic_output": 21
        }, 
        "model": "librarian.execrecordout", 
        "pk": 12
    }, 
    {
        "fields": {
            "execrecord": 16, 
            "symbolicdataset": 24, 
            "generic_output": 28
        }, 
        "model": "librarian.execrecordout", 
        "pk": 13
    }, 
    {
        "fields": {
            "execrecord": 17, 
            "symbolicdataset": 25, 
            "generic_output": 21
        }, 
        "model": "librarian.execrecordout", 
        "pk": 14
    }, 
    {
        "fields": {
            "execrecord": 18, 
            "symbolicdataset": 25, 
            "generic_output": 20
        }, 
        "model": "librarian.execrecordout", 
        "pk": 15
    }, 
    {
        "fields": {
            "execrecord": 19, 
            "symbolicdataset": 26, 
            "generic_output": 21
        }, 
        "model": "librarian.execrecordout", 
        "pk": 16
    }, 
    {
        "fields": {
            "execrecord": 20, 
            "symbolicdataset": 26, 
            "generic_output": 28
        }, 
        "model": "librarian.execrecordout", 
        "pk": 17
    }, 
    {
        "fields": {
            "execrecord": 21, 
            "symbolicdataset": 27, 
            "generic_output": 21
        }, 
        "model": "librarian.execrecordout", 
        "pk": 18
    }, 
    {
        "fields": {
            "execrecord": 22, 
            "symbolicdataset": 27, 
            "generic_output": 20
        }, 
        "model": "librarian.execrecordout", 
        "pk": 19
    }, 
    {
        "fields": {
            "execrecord": 23, 
            "symbolicdataset": 28, 
            "generic_output": 21
        }, 
        "model": "librarian.execrecordout", 
        "pk": 20
    }, 
    {
        "fields": {
            "execrecord": 24, 
            "symbolicdataset": 28, 
            "generic_output": 28
        }, 
        "model": "librarian.execrecordout", 
        "pk": 21
    }, 
    {
        "fields": {
            "execrecord": 25, 
            "symbolicdataset": 29, 
            "generic_output": 21
        }, 
        "model": "librarian.execrecordout", 
        "pk": 22
    }, 
    {
        "fields": {
            "execrecord": 26, 
            "symbolicdataset": 29, 
            "generic_output": 20
        }, 
        "model": "librarian.execrecordout", 
        "pk": 23
    }, 
    {
        "fields": {
            "execrecord": 27, 
            "symbolicdataset": 30, 
            "generic_output": 21
        }, 
        "model": "librarian.execrecordout", 
        "pk": 24
    }, 
    {
        "fields": {
            "execrecord": 28, 
            "symbolicdataset": 30, 
            "generic_output": 28
        }, 
        "model": "librarian.execrecordout", 
        "pk": 25
    }, 
    {
        "fields": {
            "fill_colour": "", 
            "pipeline": 4, 
            "name": "", 
            "outputs_to_delete": [], 
            "y": 0.0, 
            "x": 0.0, 
            "transformation": 2, 
            "step_num": 1
        }, 
        "model": "pipeline.pipelinestep", 
        "pk": 1
    }, 
    {
        "fields": {
            "fill_colour": "", 
            "pipeline": 5, 
            "name": "", 
            "outputs_to_delete": [], 
            "y": 0.0, 
            "x": 0.0, 
            "transformation": 1, 
            "step_num": 1
        }, 
        "model": "pipeline.pipelinestep", 
        "pk": 2
    }, 
    {
        "fields": {
            "fill_colour": "", 
            "pipeline": 5, 
            "name": "", 
            "outputs_to_delete": [], 
            "y": 0.0, 
            "x": 0.0, 
            "transformation": 4, 
            "step_num": 2
        }, 
        "model": "pipeline.pipelinestep", 
        "pk": 3
    }, 
    {
        "fields": {
            "fill_colour": "", 
            "pipeline": 5, 
            "name": "", 
            "outputs_to_delete": [], 
            "y": 0.0, 
            "x": 0.0, 
            "transformation": 3, 
            "step_num": 3
        }, 
        "model": "pipeline.pipelinestep", 
        "pk": 4
    }, 
    {
        "fields": {
            "fill_colour": "", 
            "pipeline": 9, 
            "name": "", 
            "outputs_to_delete": [], 
            "y": 0.0, 
            "x": 0.0, 
            "transformation": 6, 
            "step_num": 1
        }, 
        "model": "pipeline.pipelinestep", 
        "pk": 5
    }, 
    {
        "fields": {
            "fill_colour": "", 
            "pipeline": 9, 
            "name": "", 
            "outputs_to_delete": [], 
            "y": 0.0, 
            "x": 0.0, 
            "transformation": 6, 
            "step_num": 2
        }, 
        "model": "pipeline.pipelinestep", 
        "pk": 6
    }, 
    {
        "fields": {
            "fill_colour": "", 
            "pipeline": 10, 
            "name": "", 
            "outputs_to_delete": [], 
            "y": 0.0, 
            "x": 0.0, 
            "transformation": 9, 
            "step_num": 1
        }, 
        "model": "pipeline.pipelinestep", 
        "pk": 7
    }, 
    {
        "fields": {
            "fill_colour": "", 
            "pipeline": 10, 
            "name": "", 
            "outputs_to_delete": [], 
            "y": 0.0, 
            "x": 0.0, 
            "transformation": 9, 
            "step_num": 2
        }, 
        "model": "pipeline.pipelinestep", 
        "pk": 8
    }, 
    {
        "fields": {
            "fill_colour": "", 
            "pipeline": 11, 
            "name": "", 
            "outputs_to_delete": [], 
            "y": 0.0, 
            "x": 0.0, 
            "transformation": 10, 
            "step_num": 1
        }, 
        "model": "pipeline.pipelinestep", 
        "pk": 9
    }, 
    {
        "fields": {
            "fill_colour": "", 
            "pipeline": 11, 
            "name": "", 
            "outputs_to_delete": [], 
            "y": 0.0, 
            "x": 0.0, 
            "transformation": 10, 
            "step_num": 2
        }, 
        "model": "pipeline.pipelinestep", 
        "pk": 10
    }, 
    {
        "fields": {
            "fill_colour": "", 
            "pipeline": 11, 
            "name": "", 
            "outputs_to_delete": [], 
            "y": 0.0, 
            "x": 0.0, 
            "transformation": 10, 
            "step_num": 3
        }, 
        "model": "pipeline.pipelinestep", 
        "pk": 11
    }, 
    {
        "fields": {}, 
        "model": "pipeline.pipelinecable", 
        "pk": 1
    }, 
    {
        "fields": {}, 
        "model": "pipeline.pipelinecable", 
        "pk": 2
    }, 
    {
        "fields": {}, 
        "model": "pipeline.pipelinecable", 
        "pk": 3
    }, 
    {
        "fields": {}, 
        "model": "pipeline.pipelinecable", 
        "pk": 4
    }, 
    {
        "fields": {}, 
        "model": "pipeline.pipelinecable", 
        "pk": 5
    }, 
    {
        "fields": {}, 
        "model": "pipeline.pipelinecable", 
        "pk": 6
    }, 
    {
        "fields": {}, 
        "model": "pipeline.pipelinecable", 
        "pk": 7
    }, 
    {
        "fields": {}, 
        "model": "pipeline.pipelinecable", 
        "pk": 8
    }, 
    {
        "fields": {}, 
        "model": "pipeline.pipelinecable", 
        "pk": 9
    }, 
    {
        "fields": {}, 
        "model": "pipeline.pipelinecable", 
        "pk": 10
    }, 
    {
        "fields": {}, 
        "model": "pipeline.pipelinecable", 
        "pk": 11
    }, 
    {
        "fields": {}, 
        "model": "pipeline.pipelinecable", 
        "pk": 12
    }, 
    {
        "fields": {}, 
        "model": "pipeline.pipelinecable", 
        "pk": 13
    }, 
    {
        "fields": {}, 
        "model": "pipeline.pipelinecable", 
        "pk": 14
    }, 
    {
        "fields": {}, 
        "model": "pipeline.pipelinecable", 
        "pk": 15
    }, 
    {
        "fields": {}, 
        "model": "pipeline.pipelinecable", 
        "pk": 16
    }, 
    {
        "fields": {}, 
        "model": "pipeline.pipelinecable", 
        "pk": 17
    }, 
    {
        "fields": {}, 
        "model": "pipeline.pipelinecable", 
        "pk": 18
    }, 
    {
        "fields": {}, 
        "model": "pipeline.pipelinecable", 
        "pk": 19
    }, 
    {
        "fields": {}, 
        "model": "pipeline.pipelinecable", 
        "pk": 20
    }, 
    {
        "fields": {}, 
        "model": "pipeline.pipelinecable", 
        "pk": 21
    }, 
    {
        "fields": {
            "pipelinestep": 1, 
            "dest": 3, 
            "keep_output": false, 
            "source_step": 0, 
            "source": 11
        }, 
        "model": "pipeline.pipelinestepinputcable", 
        "pk": 1
    }, 
    {
        "fields": {
            "pipelinestep": 1, 
            "dest": 4, 
            "keep_output": false, 
            "source_step": 0, 
            "source": 12
        }, 
        "model": "pipeline.pipelinestepinputcable", 
        "pk": 2
    }, 
    {
        "fields": {
            "pipelinestep": 2, 
            "dest": 1, 
            "keep_output": false, 
            "source_step": 0, 
            "source": 15
        }, 
        "model": "pipeline.pipelinestepinputcable", 
        "pk": 4
    }, 
    {
        "fields": {
            "pipelinestep": 3, 
            "dest": 11, 
            "keep_output": false, 
            "source_step": 0, 
            "source": 13
        }, 
        "model": "pipeline.pipelinestepinputcable", 
        "pk": 5
    }, 
    {
        "fields": {
            "pipelinestep": 3, 
            "dest": 12, 
            "keep_output": false, 
            "source_step": 0, 
            "source": 14
        }, 
        "model": "pipeline.pipelinestepinputcable", 
        "pk": 6
    }, 
    {
        "fields": {
            "pipelinestep": 4, 
            "dest": 7, 
            "keep_output": false, 
            "source_step": 1, 
            "source": 2
        }, 
        "model": "pipeline.pipelinestepinputcable", 
        "pk": 7
    }, 
    {
        "fields": {
            "pipelinestep": 4, 
            "dest": 6, 
            "keep_output": false, 
            "source_step": 2, 
            "source": 16
        }, 
        "model": "pipeline.pipelinestepinputcable", 
        "pk": 8
    }, 
    {
        "fields": {
            "pipelinestep": 5, 
            "dest": 20, 
            "keep_output": false, 
            "source_step": 0, 
            "source": 26
        }, 
        "model": "pipeline.pipelinestepinputcable", 
        "pk": 12
    }, 
    {
        "fields": {
            "pipelinestep": 6, 
            "dest": 20, 
            "keep_output": false, 
            "source_step": 1, 
            "source": 21
        }, 
        "model": "pipeline.pipelinestepinputcable", 
        "pk": 13
    }, 
    {
        "fields": {
            "pipelinestep": 7, 
            "dest": 26, 
            "keep_output": false, 
            "source_step": 0, 
            "source": 29
        }, 
        "model": "pipeline.pipelinestepinputcable", 
        "pk": 15
    }, 
    {
        "fields": {
            "pipelinestep": 8, 
            "dest": 26, 
            "keep_output": false, 
            "source_step": 1, 
            "source": 28
        }, 
        "model": "pipeline.pipelinestepinputcable", 
        "pk": 16
    }, 
    {
        "fields": {
            "pipelinestep": 9, 
            "dest": 29, 
            "keep_output": false, 
            "source_step": 0, 
            "source": 32
        }, 
        "model": "pipeline.pipelinestepinputcable", 
        "pk": 18
    }, 
    {
        "fields": {
            "pipelinestep": 10, 
            "dest": 29, 
            "keep_output": false, 
            "source_step": 1, 
            "source": 31
        }, 
        "model": "pipeline.pipelinestepinputcable", 
        "pk": 19
    }, 
    {
        "fields": {
            "pipelinestep": 11, 
            "dest": 29, 
            "keep_output": false, 
            "source_step": 2, 
            "source": 31
        }, 
        "model": "pipeline.pipelinestepinputcable", 
        "pk": 20
    }, 
    {
        "fields": {
            "dest_pin": 32, 
            "source_pin": 22, 
            "cable": 5
        }, 
        "model": "pipeline.customcablewire", 
        "pk": 1
    }, 
    {
        "fields": {
            "dest_pin": 31, 
            "source_pin": 24, 
            "cable": 5
        }, 
        "model": "pipeline.customcablewire", 
        "pk": 2
    }, 
    {
        "fields": {
            "dest_pin": 32, 
            "source_pin": 31, 
            "cable": 7
        }, 
        "model": "pipeline.customcablewire", 
        "pk": 3
    }, 
    {
        "fields": {
            "dest_pin": 31, 
            "source_pin": 32, 
            "cable": 7
        }, 
        "model": "pipeline.customcablewire", 
        "pk": 4
    }, 
    {
        "fields": {
            "dest_pin": 32, 
            "source_pin": 23, 
            "cable": 9
        }, 
        "model": "pipeline.customcablewire", 
        "pk": 5
    }, 
    {
        "fields": {
            "dest_pin": 31, 
            "source_pin": 24, 
            "cable": 9
        }, 
        "model": "pipeline.customcablewire", 
        "pk": 6
    }, 
    {
        "fields": {
            "pipeline": 4, 
            "output_idx": 1, 
            "source": 5, 
            "source_step": 1, 
            "output_name": "D1_out", 
            "output_cdt": 13
        }, 
        "model": "pipeline.pipelineoutputcable", 
        "pk": 3
    }, 
    {
        "fields": {
            "pipeline": 5, 
            "output_idx": 1, 
            "source": 16, 
            "source_step": 2, 
            "output_name": "E1_out", 
            "output_cdt": 16
        }, 
        "model": "pipeline.pipelineoutputcable", 
        "pk": 9
    }, 
    {
        "fields": {
            "pipeline": 5, 
            "output_idx": 2, 
            "source": 8, 
            "source_step": 3, 
            "output_name": "E2_out", 
            "output_cdt": 12
        }, 
        "model": "pipeline.pipelineoutputcable", 
        "pk": 10
    }, 
    {
        "fields": {
            "pipeline": 5, 
            "output_idx": 3, 
            "source": 10, 
            "source_step": 3, 
            "output_name": "E3_rawout", 
            "output_cdt": null
        }, 
        "model": "pipeline.pipelineoutputcable", 
        "pk": 11
    }, 
    {
        "fields": {
            "pipeline": 9, 
            "output_idx": 1, 
            "source": 21, 
            "source_step": 2, 
            "output_name": "basic_out", 
            "output_cdt": 19
        }, 
        "model": "pipeline.pipelineoutputcable", 
        "pk": 14
    }, 
    {
        "fields": {
            "pipeline": 10, 
            "output_idx": 1, 
            "source": 28, 
            "source_step": 2, 
            "output_name": "sub_out", 
            "output_cdt": 19
        }, 
        "model": "pipeline.pipelineoutputcable", 
        "pk": 17
    }, 
    {
        "fields": {
            "pipeline": 11, 
            "output_idx": 1, 
            "source": 31, 
            "source_step": 3, 
            "output_name": "top_out", 
            "output_cdt": 19
        }, 
        "model": "pipeline.pipelineoutputcable", 
        "pk": 21
    }, 
    {
        "fields": {
            "y": 0.0, 
            "x": 0.0
        }, 
        "model": "transformation.transformationxput", 
        "pk": 1
    }, 
    {
        "fields": {
            "y": 0.0, 
            "x": 0.0
        }, 
        "model": "transformation.transformationxput", 
        "pk": 2
    }, 
    {
        "fields": {
            "y": 0.0, 
            "x": 0.0
        }, 
        "model": "transformation.transformationxput", 
        "pk": 3
    }, 
    {
        "fields": {
            "y": 0.0, 
            "x": 0.0
        }, 
        "model": "transformation.transformationxput", 
        "pk": 4
    }, 
    {
        "fields": {
            "y": 0.0, 
            "x": 0.0
        }, 
        "model": "transformation.transformationxput", 
        "pk": 5
    }, 
    {
        "fields": {
            "y": 0.0, 
            "x": 0.0
        }, 
        "model": "transformation.transformationxput", 
        "pk": 6
    }, 
    {
        "fields": {
            "y": 0.0, 
            "x": 0.0
        }, 
        "model": "transformation.transformationxput", 
        "pk": 7
    }, 
    {
        "fields": {
            "y": 0.0, 
            "x": 0.0
        }, 
        "model": "transformation.transformationxput", 
        "pk": 8
    }, 
    {
        "fields": {
            "y": 0.0, 
            "x": 0.0
        }, 
        "model": "transformation.transformationxput", 
        "pk": 9
    }, 
    {
        "fields": {
            "y": 0.0, 
            "x": 0.0
        }, 
        "model": "transformation.transformationxput", 
        "pk": 10
    }, 
    {
        "fields": {
            "y": 0.0, 
            "x": 0.0
        }, 
        "model": "transformation.transformationxput", 
        "pk": 11
    }, 
    {
        "fields": {
            "y": 0.0, 
            "x": 0.0
        }, 
        "model": "transformation.transformationxput", 
        "pk": 12
    }, 
    {
        "fields": {
            "y": 0.0, 
            "x": 0.0
        }, 
        "model": "transformation.transformationxput", 
        "pk": 13
    }, 
    {
        "fields": {
            "y": 0.0, 
            "x": 0.0
        }, 
        "model": "transformation.transformationxput", 
        "pk": 14
    }, 
    {
        "fields": {
            "y": 0.0, 
            "x": 0.0
        }, 
        "model": "transformation.transformationxput", 
        "pk": 15
    }, 
    {
        "fields": {
            "y": 0.0, 
            "x": 0.0
        }, 
        "model": "transformation.transformationxput", 
        "pk": 16
    }, 
    {
        "fields": {
            "y": 0.0, 
            "x": 0.0
        }, 
        "model": "transformation.transformationxput", 
        "pk": 17
    }, 
    {
        "fields": {
            "y": 0.0, 
            "x": 0.0
        }, 
        "model": "transformation.transformationxput", 
        "pk": 18
    }, 
    {
        "fields": {
            "y": 0.0, 
            "x": 0.0
        }, 
        "model": "transformation.transformationxput", 
        "pk": 19
    }, 
    {
        "fields": {
            "y": 0.0, 
            "x": 0.0
        }, 
        "model": "transformation.transformationxput", 
        "pk": 20
    }, 
    {
        "fields": {
            "y": 0.0, 
            "x": 0.0
        }, 
        "model": "transformation.transformationxput", 
        "pk": 21
    }, 
    {
        "fields": {
            "y": 0.0, 
            "x": 0.0
        }, 
        "model": "transformation.transformationxput", 
        "pk": 22
    }, 
    {
        "fields": {
            "y": 0.0, 
            "x": 0.0
        }, 
        "model": "transformation.transformationxput", 
        "pk": 23
    }, 
    {
        "fields": {
            "y": 0.0, 
            "x": 0.0
        }, 
        "model": "transformation.transformationxput", 
        "pk": 24
    }, 
    {
        "fields": {
            "y": 0.0, 
            "x": 0.0
        }, 
        "model": "transformation.transformationxput", 
        "pk": 25
    }, 
    {
        "fields": {
            "y": 0.0, 
            "x": 0.0
        }, 
        "model": "transformation.transformationxput", 
        "pk": 26
    }, 
    {
        "fields": {
            "y": 0.0, 
            "x": 0.0
        }, 
        "model": "transformation.transformationxput", 
        "pk": 28
    }, 
    {
        "fields": {
            "y": 0.0, 
            "x": 0.0
        }, 
        "model": "transformation.transformationxput", 
        "pk": 29
    }, 
    {
        "fields": {
            "y": 0.0, 
            "x": 0.0
        }, 
        "model": "transformation.transformationxput", 
        "pk": 31
    }, 
    {
        "fields": {
            "y": 0.0, 
            "x": 0.0
        }, 
        "model": "transformation.transformationxput", 
        "pk": 32
    }, 
    {
        "fields": {
            "y": 0.0, 
            "x": 0.0
        }, 
        "model": "transformation.transformationxput", 
        "pk": 34
    }, 
    {
        "fields": {
            "min_row": null, 
            "transf_xput": 2, 
            "max_row": null, 
            "compounddatatype": 16
        }, 
        "model": "transformation.xputstructure", 
        "pk": 1
    }, 
    {
        "fields": {
            "min_row": null, 
            "transf_xput": 3, 
            "max_row": null, 
            "compounddatatype": 16
        }, 
        "model": "transformation.xputstructure", 
        "pk": 2
    }, 
    {
        "fields": {
            "min_row": null, 
            "transf_xput": 4, 
            "max_row": null, 
            "compounddatatype": 12
        }, 
        "model": "transformation.xputstructure", 
        "pk": 3
    }, 
    {
        "fields": {
            "min_row": null, 
            "transf_xput": 5, 
            "max_row": 5, 
            "compounddatatype": 13
        }, 
        "model": "transformation.xputstructure", 
        "pk": 4
    }, 
    {
        "fields": {
            "min_row": null, 
            "transf_xput": 6, 
            "max_row": null, 
            "compounddatatype": 13
        }, 
        "model": "transformation.xputstructure", 
        "pk": 5
    }, 
    {
        "fields": {
            "min_row": null, 
            "transf_xput": 7, 
            "max_row": null, 
            "compounddatatype": 16
        }, 
        "model": "transformation.xputstructure", 
        "pk": 6
    }, 
    {
        "fields": {
            "min_row": null, 
            "transf_xput": 8, 
            "max_row": null, 
            "compounddatatype": 12
        }, 
        "model": "transformation.xputstructure", 
        "pk": 7
    }, 
    {
        "fields": {
            "min_row": null, 
            "transf_xput": 11, 
            "max_row": null, 
            "compounddatatype": 16
        }, 
        "model": "transformation.xputstructure", 
        "pk": 8
    }, 
    {
        "fields": {
            "min_row": null, 
            "transf_xput": 12, 
            "max_row": null, 
            "compounddatatype": 12
        }, 
        "model": "transformation.xputstructure", 
        "pk": 9
    }, 
    {
        "fields": {
            "min_row": null, 
            "transf_xput": 13, 
            "max_row": null, 
            "compounddatatype": 13
        }, 
        "model": "transformation.xputstructure", 
        "pk": 10
    }, 
    {
        "fields": {
            "min_row": 10, 
            "transf_xput": 14, 
            "max_row": null, 
            "compounddatatype": 12
        }, 
        "model": "transformation.xputstructure", 
        "pk": 11
    }, 
    {
        "fields": {
            "min_row": null, 
            "transf_xput": 16, 
            "max_row": 5, 
            "compounddatatype": 13
        }, 
        "model": "transformation.xputstructure", 
        "pk": 12
    }, 
    {
        "fields": {
            "min_row": null, 
            "transf_xput": 18, 
            "max_row": null, 
            "compounddatatype": 12
        }, 
        "model": "transformation.xputstructure", 
        "pk": 13
    }, 
    {
        "fields": {
            "min_row": null, 
            "transf_xput": 19, 
            "max_row": 5, 
            "compounddatatype": 16
        }, 
        "model": "transformation.xputstructure", 
        "pk": 14
    }, 
    {
        "fields": {
            "min_row": null, 
            "transf_xput": 20, 
            "max_row": null, 
            "compounddatatype": 19
        }, 
        "model": "transformation.xputstructure", 
        "pk": 15
    }, 
    {
        "fields": {
            "min_row": null, 
            "transf_xput": 21, 
            "max_row": null, 
            "compounddatatype": 19
        }, 
        "model": "transformation.xputstructure", 
        "pk": 16
    }, 
    {
        "fields": {
            "min_row": null, 
            "transf_xput": 22, 
            "max_row": null, 
            "compounddatatype": 19
        }, 
        "model": "transformation.xputstructure", 
        "pk": 17
    }, 
    {
        "fields": {
            "min_row": null, 
            "transf_xput": 23, 
            "max_row": null, 
            "compounddatatype": 19
        }, 
        "model": "transformation.xputstructure", 
        "pk": 18
    }, 
    {
        "fields": {
            "min_row": null, 
            "transf_xput": 26, 
            "max_row": null, 
            "compounddatatype": 19
        }, 
        "model": "transformation.xputstructure", 
        "pk": 19
    }, 
    {
        "fields": {
            "min_row": null, 
            "transf_xput": 28, 
            "max_row": null, 
            "compounddatatype": 19
        }, 
        "model": "transformation.xputstructure", 
        "pk": 21
    }, 
    {
        "fields": {
            "min_row": null, 
            "transf_xput": 29, 
            "max_row": null, 
            "compounddatatype": 19
        }, 
        "model": "transformation.xputstructure", 
        "pk": 22
    }, 
    {
        "fields": {
            "min_row": null, 
            "transf_xput": 31, 
            "max_row": null, 
            "compounddatatype": 19
        }, 
        "model": "transformation.xputstructure", 
        "pk": 24
    }, 
    {
        "fields": {
            "min_row": null, 
            "transf_xput": 32, 
            "max_row": null, 
            "compounddatatype": 19
        }, 
        "model": "transformation.xputstructure", 
        "pk": 25
    }, 
    {
        "fields": {
            "min_row": null, 
            "transf_xput": 34, 
            "max_row": null, 
            "compounddatatype": 19
        }, 
        "model": "transformation.xputstructure", 
        "pk": 27
    }, 
    {
        "fields": {
            "dataset_idx": 1, 
            "transformation": 1, 
            "dataset_name": "A1_rawin"
        }, 
        "model": "transformation.transformationinput", 
        "pk": 1
    }, 
    {
        "fields": {
            "dataset_idx": 1, 
            "transformation": 2, 
            "dataset_name": "B1_in"
        }, 
        "model": "transformation.transformationinput", 
        "pk": 3
    }, 
    {
        "fields": {
            "dataset_idx": 2, 
            "transformation": 2, 
            "dataset_name": "B2_in"
        }, 
        "model": "transformation.transformationinput", 
        "pk": 4
    }, 
    {
        "fields": {
            "dataset_idx": 1, 
            "transformation": 3, 
            "dataset_name": "C1_in"
        }, 
        "model": "transformation.transformationinput", 
        "pk": 6
    }, 
    {
        "fields": {
            "dataset_idx": 2, 
            "transformation": 3, 
            "dataset_name": "C2_in"
        }, 
        "model": "transformation.transformationinput", 
        "pk": 7
    }, 
    {
        "fields": {
            "dataset_idx": 1, 
            "transformation": 4, 
            "dataset_name": "D1_in"
        }, 
        "model": "transformation.transformationinput", 
        "pk": 11
    }, 
    {
        "fields": {
            "dataset_idx": 2, 
            "transformation": 4, 
            "dataset_name": "D2_in"
        }, 
        "model": "transformation.transformationinput", 
        "pk": 12
    }, 
    {
        "fields": {
            "dataset_idx": 1, 
            "transformation": 5, 
            "dataset_name": "E1_in"
        }, 
        "model": "transformation.transformationinput", 
        "pk": 13
    }, 
    {
        "fields": {
            "dataset_idx": 2, 
            "transformation": 5, 
            "dataset_name": "E2_in"
        }, 
        "model": "transformation.transformationinput", 
        "pk": 14
    }, 
    {
        "fields": {
            "dataset_idx": 3, 
            "transformation": 5, 
            "dataset_name": "E3_rawin"
        }, 
        "model": "transformation.transformationinput", 
        "pk": 15
    }, 
    {
        "fields": {
            "dataset_idx": 1, 
            "transformation": 6, 
            "dataset_name": "strings"
        }, 
        "model": "transformation.transformationinput", 
        "pk": 20
    }, 
    {
        "fields": {
            "dataset_idx": 1, 
            "transformation": 7, 
            "dataset_name": "strings"
        }, 
        "model": "transformation.transformationinput", 
        "pk": 22
    }, 
    {
        "fields": {
            "dataset_idx": 1, 
            "transformation": 8, 
            "dataset_name": "raw"
        }, 
        "model": "transformation.transformationinput", 
        "pk": 24
    }, 
    {
        "fields": {
            "dataset_idx": 1, 
            "transformation": 9, 
            "dataset_name": "basic_in"
        }, 
        "model": "transformation.transformationinput", 
        "pk": 26
    }, 
    {
        "fields": {
            "dataset_idx": 1, 
            "transformation": 10, 
            "dataset_name": "sub_in"
        }, 
        "model": "transformation.transformationinput", 
        "pk": 29
    }, 
    {
        "fields": {
            "dataset_idx": 1, 
            "transformation": 11, 
            "dataset_name": "top_in"
        }, 
        "model": "transformation.transformationinput", 
        "pk": 32
    }, 
    {
        "fields": {
            "dataset_idx": 1, 
            "transformation": 1, 
            "dataset_name": "A1_out"
        }, 
        "model": "transformation.transformationoutput", 
        "pk": 2
    }, 
    {
        "fields": {
            "dataset_idx": 1, 
            "transformation": 2, 
            "dataset_name": "B1_out"
        }, 
        "model": "transformation.transformationoutput", 
        "pk": 5
    }, 
    {
        "fields": {
            "dataset_idx": 1, 
            "transformation": 3, 
            "dataset_name": "C1_out"
        }, 
        "model": "transformation.transformationoutput", 
        "pk": 8
    }, 
    {
        "fields": {
            "dataset_idx": 2, 
            "transformation": 3, 
            "dataset_name": "C2_rawout"
        }, 
        "model": "transformation.transformationoutput", 
        "pk": 9
    }, 
    {
        "fields": {
            "dataset_idx": 3, 
            "transformation": 3, 
            "dataset_name": "C3_rawout"
        }, 
        "model": "transformation.transformationoutput", 
        "pk": 10
    }, 
    {
        "fields": {
            "dataset_idx": 1, 
            "transformation": 4, 
            "dataset_name": "D1_out"
        }, 
        "model": "transformation.transformationoutput", 
        "pk": 16
    }, 
    {
        "fields": {
            "dataset_idx": 3, 
            "transformation": 5, 
            "dataset_name": "E3_rawout"
        }, 
        "model": "transformation.transformationoutput", 
        "pk": 17
    }, 
    {
        "fields": {
            "dataset_idx": 2, 
            "transformation": 5, 
            "dataset_name": "E2_out"
        }, 
        "model": "transformation.transformationoutput", 
        "pk": 18
    }, 
    {
        "fields": {
            "dataset_idx": 1, 
            "transformation": 5, 
            "dataset_name": "E1_out"
        }, 
        "model": "transformation.transformationoutput", 
        "pk": 19
    }, 
    {
        "fields": {
            "dataset_idx": 1, 
            "transformation": 6, 
            "dataset_name": "same_strings"
        }, 
        "model": "transformation.transformationoutput", 
        "pk": 21
    }, 
    {
        "fields": {
            "dataset_idx": 1, 
            "transformation": 7, 
            "dataset_name": "untouched_strings"
        }, 
        "model": "transformation.transformationoutput", 
        "pk": 23
    }, 
    {
        "fields": {
            "dataset_idx": 1, 
            "transformation": 8, 
            "dataset_name": "same_raw"
        }, 
        "model": "transformation.transformationoutput", 
        "pk": 25
    }, 
    {
        "fields": {
            "dataset_idx": 1, 
            "transformation": 9, 
            "dataset_name": "basic_out"
        }, 
        "model": "transformation.transformationoutput", 
        "pk": 28
    }, 
    {
        "fields": {
            "dataset_idx": 1, 
            "transformation": 10, 
            "dataset_name": "sub_out"
        }, 
        "model": "transformation.transformationoutput", 
        "pk": 31
    }, 
    {
        "fields": {
            "dataset_idx": 1, 
            "transformation": 11, 
            "dataset_name": "top_out"
        }, 
        "model": "transformation.transformationoutput", 
        "pk": 34
    }, 
    {
        "fields": {
            "username": "john", 
            "first_name": "", 
            "last_name": "", 
            "is_active": true, 
            "is_superuser": false, 
            "is_staff": false, 
            "last_login": "2015-06-30T22:45:22.300Z", 
            "groups": [
                1
            ], 
            "user_permissions": [], 
            "password": "pbkdf2_sha256$15000$Dxm3WQj0q6xW$PbdNScxfsT3yvGwqVasWoLOVXTZRYjdEie8SqaqR+wo=", 
            "email": "lennon@thebeatles.com", 
            "date_joined": "2015-06-30T22:45:22.300Z"
        }, 
        "model": "auth.user", 
        "pk": 2
    }, 
    {
        "fields": {
            "username": "bob", 
            "first_name": "", 
            "last_name": "", 
            "is_active": true, 
            "is_superuser": false, 
            "is_staff": false, 
            "last_login": "2015-06-30T22:45:24.878Z", 
            "groups": [
                1
            ], 
            "user_permissions": [], 
            "password": "pbkdf2_sha256$15000$UYlkFCknrPIY$x3iuocfrkYRUw7e5jKW3G+qvsrXkx0HZ+uXKA09Sa+8=", 
            "email": "bob@talabs.com", 
            "date_joined": "2015-06-30T22:45:24.878Z"
        }, 
        "model": "auth.user", 
        "pk": 3
    }, 
    {
        "fields": {
            "description": "String consisting of ACGTacgt", 
            "groups_allowed": [
                1
            ], 
            "restricts": [
                1
            ], 
            "users_allowed": [], 
            "user": 2, 
            "date_created": "2015-06-30T22:45:22.415Z", 
            "prototype": null, 
            "name": "DNANucSeq"
        }, 
        "model": "metadata.datatype", 
        "pk": 8
    }, 
    {
        "fields": {
            "description": "String consisting of ACGUacgu", 
            "groups_allowed": [
                1
            ], 
            "restricts": [
                1
            ], 
            "users_allowed": [], 
            "user": 2, 
            "date_created": "2015-06-30T22:45:22.426Z", 
            "prototype": null, 
            "name": "RNANucSeq"
        }, 
        "model": "metadata.datatype", 
        "pk": 9
    }, 
    {
        "fields": {
            "description": "sequences of ASCII characters", 
            "groups_allowed": [
                1
            ], 
            "restricts": [
                1
            ], 
            "users_allowed": [], 
            "user": 3, 
            "date_created": "2015-06-30T22:45:24.991Z", 
            "prototype": null, 
            "name": "my_string"
        }, 
        "model": "metadata.datatype", 
        "pk": 10
    }, 
    {
        "fields": {
            "users_allowed": [], 
            "user": 2, 
            "groups_allowed": [
                1
            ]
        }, 
        "model": "metadata.compounddatatype", 
        "pk": 5
    }, 
    {
        "fields": {
            "users_allowed": [], 
            "user": 2, 
            "groups_allowed": [
                1
            ]
        }, 
        "model": "metadata.compounddatatype", 
        "pk": 6
    }, 
    {
        "fields": {
            "users_allowed": [], 
            "user": 2, 
            "groups_allowed": [
                1
            ]
        }, 
        "model": "metadata.compounddatatype", 
        "pk": 7
    }, 
    {
        "fields": {
            "users_allowed": [], 
            "user": 2, 
            "groups_allowed": [
                1
            ]
        }, 
        "model": "metadata.compounddatatype", 
        "pk": 8
    }, 
    {
        "fields": {
            "users_allowed": [], 
            "user": 2, 
            "groups_allowed": [
                1
            ]
        }, 
        "model": "metadata.compounddatatype", 
        "pk": 9
    }, 
    {
        "fields": {
            "users_allowed": [], 
            "user": 2, 
            "groups_allowed": [
                1
            ]
        }, 
        "model": "metadata.compounddatatype", 
        "pk": 10
    }, 
    {
        "fields": {
            "users_allowed": [], 
            "user": 2, 
            "groups_allowed": [
                1
            ]
        }, 
        "model": "metadata.compounddatatype", 
        "pk": 11
    }, 
    {
        "fields": {
            "users_allowed": [], 
            "user": 2, 
            "groups_allowed": [
                1
            ]
        }, 
        "model": "metadata.compounddatatype", 
        "pk": 12
    }, 
    {
        "fields": {
            "users_allowed": [], 
            "user": 2, 
            "groups_allowed": [
                1
            ]
        }, 
        "model": "metadata.compounddatatype", 
        "pk": 13
    }, 
    {
        "fields": {
            "users_allowed": [], 
            "user": 2, 
            "groups_allowed": [
                1
            ]
        }, 
        "model": "metadata.compounddatatype", 
        "pk": 14
    }, 
    {
        "fields": {
            "users_allowed": [], 
            "user": 2, 
            "groups_allowed": [
                1
            ]
        }, 
        "model": "metadata.compounddatatype", 
        "pk": 15
    }, 
    {
        "fields": {
            "users_allowed": [], 
            "user": 2, 
            "groups_allowed": [
                1
            ]
        }, 
        "model": "metadata.compounddatatype", 
        "pk": 16
    }, 
    {
        "fields": {
            "users_allowed": [], 
            "user": 2, 
            "groups_allowed": [
                1
            ]
        }, 
        "model": "metadata.compounddatatype", 
        "pk": 17
    }, 
    {
        "fields": {
            "users_allowed": [], 
            "user": 2, 
            "groups_allowed": [
                1
            ]
        }, 
        "model": "metadata.compounddatatype", 
        "pk": 18
    }, 
    {
        "fields": {
            "users_allowed": [], 
            "user": 3, 
            "groups_allowed": [
                1
            ]
        }, 
        "model": "metadata.compounddatatype", 
        "pk": 19
    }, 
    {
        "fields": {
            "pipeline": 4, 
            "description": "", 
            "groups_allowed": [
                1
            ], 
            "start_time": null, 
            "name": "", 
            "users_allowed": [], 
            "end_time": null, 
            "parent_runstep": null, 
            "user": 2
        }, 
        "model": "archive.run", 
        "pk": 1
    }, 
    {
        "fields": {
            "pipeline": 5, 
            "description": "", 
            "groups_allowed": [
                1
            ], 
            "start_time": null, 
            "name": "pE_run", 
            "users_allowed": [], 
            "end_time": null, 
            "parent_runstep": null, 
            "user": 2
        }, 
        "model": "archive.run", 
        "pk": 2
    }, 
    {
        "fields": {
            "pipeline": 4, 
            "description": "", 
            "groups_allowed": [], 
            "start_time": null, 
            "name": "", 
            "users_allowed": [], 
            "end_time": null, 
            "parent_runstep": null, 
            "user": 2
        }, 
        "model": "archive.run", 
        "pk": 3
    }, 
    {
        "fields": {
            "pipeline": 5, 
            "description": "", 
            "groups_allowed": [], 
            "start_time": null, 
            "name": "", 
            "users_allowed": [], 
            "end_time": null, 
            "parent_runstep": null, 
            "user": 2
        }, 
        "model": "archive.run", 
        "pk": 4
    }, 
    {
        "fields": {
            "pipeline": 5, 
            "description": "", 
            "groups_allowed": [], 
            "start_time": null, 
            "name": "", 
            "users_allowed": [], 
            "end_time": null, 
            "parent_runstep": null, 
            "user": 2
        }, 
        "model": "archive.run", 
        "pk": 5
    }, 
    {
        "fields": {
            "pipeline": 5, 
            "description": "", 
            "groups_allowed": [
                1
            ], 
            "start_time": null, 
            "name": "", 
            "users_allowed": [], 
            "end_time": null, 
            "parent_runstep": null, 
            "user": 2
        }, 
        "model": "archive.run", 
        "pk": 6
    }, 
    {
        "fields": {
            "pipeline": 11, 
            "description": "", 
            "groups_allowed": [
                1
            ], 
            "start_time": "2015-06-30T22:45:26.879Z", 
            "name": "", 
            "users_allowed": [], 
            "end_time": "2015-06-30T22:46:24.754Z", 
            "parent_runstep": null, 
            "user": 3
        }, 
        "model": "archive.run", 
        "pk": 7
    }, 
    {
        "fields": {
            "pipeline": 10, 
            "description": "", 
            "groups_allowed": [
                1
            ], 
            "start_time": "2015-06-30T22:45:27.221Z", 
            "name": "", 
            "users_allowed": [], 
            "end_time": "2015-06-30T22:45:38.433Z", 
            "parent_runstep": 4, 
            "user": 3
        }, 
        "model": "archive.run", 
        "pk": 8
    }, 
    {
        "fields": {
            "pipeline": 9, 
            "description": "", 
            "groups_allowed": [
                1
            ], 
            "start_time": "2015-06-30T22:45:27.481Z", 
            "name": "", 
            "users_allowed": [], 
            "end_time": "2015-06-30T22:45:30.438Z", 
            "parent_runstep": 6, 
            "user": 3
        }, 
        "model": "archive.run", 
        "pk": 9
    }, 
    {
        "fields": {
            "pipeline": 9, 
            "description": "", 
            "groups_allowed": [
                1
            ], 
            "start_time": "2015-06-30T22:45:32.972Z", 
            "name": "", 
            "users_allowed": [], 
            "end_time": "2015-06-30T22:45:36.097Z", 
            "parent_runstep": 13, 
            "user": 3
        }, 
        "model": "archive.run", 
        "pk": 10
    }, 
    {
        "fields": {
            "pipeline": 10, 
            "description": "", 
            "groups_allowed": [
                1
            ], 
            "start_time": "2015-06-30T22:45:44.519Z", 
            "name": "", 
            "users_allowed": [], 
            "end_time": "2015-06-30T22:45:57.627Z", 
            "parent_runstep": 21, 
            "user": 3
        }, 
        "model": "archive.run", 
        "pk": 11
    }, 
    {
        "fields": {
            "pipeline": 9, 
            "description": "", 
            "groups_allowed": [
                1
            ], 
            "start_time": "2015-06-30T22:45:45.419Z", 
            "name": "", 
            "users_allowed": [], 
            "end_time": "2015-06-30T22:45:48.681Z", 
            "parent_runstep": 23, 
            "user": 3
        }, 
        "model": "archive.run", 
        "pk": 12
    }, 
    {
        "fields": {
            "pipeline": 9, 
            "description": "", 
            "groups_allowed": [
                1
            ], 
            "start_time": "2015-06-30T22:45:51.933Z", 
            "name": "", 
            "users_allowed": [], 
            "end_time": "2015-06-30T22:45:55.255Z", 
            "parent_runstep": 30, 
            "user": 3
        }, 
        "model": "archive.run", 
        "pk": 13
    }, 
    {
        "fields": {
            "pipeline": 10, 
            "description": "", 
            "groups_allowed": [
                1
            ], 
            "start_time": "2015-06-30T22:46:04.598Z", 
            "name": "", 
            "users_allowed": [], 
            "end_time": "2015-06-30T22:46:19.154Z", 
            "parent_runstep": 38, 
            "user": 3
        }, 
        "model": "archive.run", 
        "pk": 14
    }, 
    {
        "fields": {
            "pipeline": 9, 
            "description": "", 
            "groups_allowed": [
                1
            ], 
            "start_time": "2015-06-30T22:46:06.097Z", 
            "name": "", 
            "users_allowed": [], 
            "end_time": "2015-06-30T22:46:09.537Z", 
            "parent_runstep": 40, 
            "user": 3
        }, 
        "model": "archive.run", 
        "pk": 15
    }, 
    {
        "fields": {
            "pipeline": 9, 
            "description": "", 
            "groups_allowed": [
                1
            ], 
            "start_time": "2015-06-30T22:46:13.320Z", 
            "name": "", 
            "users_allowed": [], 
            "end_time": "2015-06-30T22:46:16.802Z", 
            "parent_runstep": 47, 
            "user": 3
        }, 
        "model": "archive.run", 
        "pk": 16
    }, 
    {
        "fields": {
            "_redacted": false, 
            "users_allowed": [], 
            "user": 2, 
            "MD5_checksum": "ab7afe2f453d27fd168641a1f9271f26", 
            "groups_allowed": [
                1
            ]
        }, 
        "model": "librarian.symbolicdataset", 
        "pk": 1
    }, 
    {
        "fields": {
            "_redacted": false, 
            "users_allowed": [], 
            "user": 2, 
            "MD5_checksum": "02d5b66858d003b81ae3dc712b74e85c", 
            "groups_allowed": [
                1
            ]
        }, 
        "model": "librarian.symbolicdataset", 
        "pk": 2
    }, 
    {
        "fields": {
            "_redacted": false, 
            "users_allowed": [], 
            "user": 2, 
            "MD5_checksum": "29feb269edcac613d6eea432c14640bd", 
            "groups_allowed": [
                1
            ]
        }, 
        "model": "librarian.symbolicdataset", 
        "pk": 3
    }, 
    {
        "fields": {
            "_redacted": false, 
            "users_allowed": [], 
            "user": 2, 
            "MD5_checksum": "00fd50bfe7ac63e2165a442f4101e05c", 
            "groups_allowed": [
                1
            ]
        }, 
        "model": "librarian.symbolicdataset", 
        "pk": 4
    }, 
    {
        "fields": {
            "_redacted": false, 
            "users_allowed": [], 
            "user": 2, 
            "MD5_checksum": "7dc85e11b5c02e434af5bd3b3da9938e", 
            "groups_allowed": [
                1
            ]
        }, 
        "model": "librarian.symbolicdataset", 
        "pk": 5
    }, 
    {
        "fields": {
            "_redacted": false, 
            "users_allowed": [], 
            "user": 2, 
            "MD5_checksum": "542676b23e121d16db8d41ccdae65fd1", 
            "groups_allowed": [
                1
            ]
        }, 
        "model": "librarian.symbolicdataset", 
        "pk": 6
    }, 
    {
        "fields": {
            "_redacted": false, 
            "users_allowed": [], 
            "user": 2, 
            "MD5_checksum": "56f9e5585b9d699829e2fda931d944f8", 
            "groups_allowed": [
                1
            ]
        }, 
        "model": "librarian.symbolicdataset", 
        "pk": 7
    }, 
    {
        "fields": {
            "_redacted": false, 
            "users_allowed": [], 
            "user": 2, 
            "MD5_checksum": "10a4bd15d1300fcaf5a3bdad54ef1d28", 
            "groups_allowed": [
                1
            ]
        }, 
        "model": "librarian.symbolicdataset", 
        "pk": 8
    }, 
    {
        "fields": {
            "_redacted": false, 
            "users_allowed": [], 
            "user": 2, 
            "MD5_checksum": "10a4bd15d1300fcaf5a3bdad54ef1d28", 
            "groups_allowed": [
                1
            ]
        }, 
        "model": "librarian.symbolicdataset", 
        "pk": 9
    }, 
    {
        "fields": {
            "_redacted": false, 
            "users_allowed": [], 
            "user": 2, 
            "MD5_checksum": "00fd50bfe7ac63e2165a442f4101e05c", 
            "groups_allowed": [
                1
            ]
        }, 
        "model": "librarian.symbolicdataset", 
        "pk": 10
    }, 
    {
        "fields": {
            "_redacted": false, 
            "users_allowed": [], 
            "user": 2, 
            "MD5_checksum": "7dc85e11b5c02e434af5bd3b3da9938e", 
            "groups_allowed": [
                1
            ]
        }, 
        "model": "librarian.symbolicdataset", 
        "pk": 11
    }, 
    {
        "fields": {
            "_redacted": false, 
            "users_allowed": [], 
            "user": 2, 
            "MD5_checksum": "7dc85e11b5c02e434af5bd3b3da9938e", 
            "groups_allowed": [
                1
            ]
        }, 
        "model": "librarian.symbolicdataset", 
        "pk": 12
    }, 
    {
        "fields": {
            "_redacted": false, 
            "users_allowed": [], 
            "user": 2, 
            "MD5_checksum": "56f9e5585b9d699829e2fda931d944f8", 
            "groups_allowed": [
                1
            ]
        }, 
        "model": "librarian.symbolicdataset", 
        "pk": 13
    }, 
    {
        "fields": {
            "_redacted": false, 
            "users_allowed": [], 
            "user": 2, 
            "MD5_checksum": "83957f8aea1c75da9f7fbf9bc90da979", 
            "groups_allowed": [
                1
            ]
        }, 
        "model": "librarian.symbolicdataset", 
        "pk": 14
    }, 
    {
        "fields": {
            "_redacted": false, 
            "users_allowed": [], 
            "user": 2, 
            "MD5_checksum": "d83866e4c23cd9503aa2f9fc565502b5", 
            "groups_allowed": [
                1
            ]
        }, 
        "model": "librarian.symbolicdataset", 
        "pk": 15
    }, 
    {
        "fields": {
            "_redacted": false, 
            "users_allowed": [], 
            "user": 2, 
            "MD5_checksum": "9eab0dfed5fcc89bd581f61995816ef0", 
            "groups_allowed": [
                1
            ]
        }, 
        "model": "librarian.symbolicdataset", 
        "pk": 16
    }, 
    {
        "fields": {
            "_redacted": false, 
            "users_allowed": [], 
            "user": 2, 
            "MD5_checksum": "9b55b9431da6dba74ea61edf8e2ac044", 
            "groups_allowed": [
                1
            ]
        }, 
        "model": "librarian.symbolicdataset", 
        "pk": 17
    }, 
    {
        "fields": {
            "_redacted": false, 
            "users_allowed": [], 
            "user": 3, 
            "MD5_checksum": "092ef90fe0201f4b002cd200f7754d45", 
            "groups_allowed": [
                1
            ]
        }, 
        "model": "librarian.symbolicdataset", 
        "pk": 18
    }, 
    {
        "fields": {
            "_redacted": false, 
            "users_allowed": [], 
            "user": 3, 
            "MD5_checksum": "092ef90fe0201f4b002cd200f7754d45", 
            "groups_allowed": [
                1
            ]
        }, 
        "model": "librarian.symbolicdataset", 
        "pk": 19
    }, 
    {
        "fields": {
            "_redacted": false, 
            "users_allowed": [], 
            "user": 3, 
            "MD5_checksum": "092ef90fe0201f4b002cd200f7754d45", 
            "groups_allowed": [
                1
            ]
        }, 
        "model": "librarian.symbolicdataset", 
        "pk": 20
    }, 
    {
        "fields": {
            "_redacted": false, 
            "users_allowed": [], 
            "user": 3, 
            "MD5_checksum": "092ef90fe0201f4b002cd200f7754d45", 
            "groups_allowed": [
                1
            ]
        }, 
        "model": "librarian.symbolicdataset", 
        "pk": 21
    }, 
    {
        "fields": {
            "_redacted": false, 
            "users_allowed": [], 
            "user": 3, 
            "MD5_checksum": "092ef90fe0201f4b002cd200f7754d45", 
            "groups_allowed": [
                1
            ]
        }, 
        "model": "librarian.symbolicdataset", 
        "pk": 22
    }, 
    {
        "fields": {
            "_redacted": false, 
            "users_allowed": [], 
            "user": 3, 
            "MD5_checksum": "092ef90fe0201f4b002cd200f7754d45", 
            "groups_allowed": [
                1
            ]
        }, 
        "model": "librarian.symbolicdataset", 
        "pk": 23
    }, 
    {
        "fields": {
            "_redacted": false, 
            "users_allowed": [], 
            "user": 3, 
            "MD5_checksum": "092ef90fe0201f4b002cd200f7754d45", 
            "groups_allowed": [
                1
            ]
        }, 
        "model": "librarian.symbolicdataset", 
        "pk": 24
    }, 
    {
        "fields": {
            "_redacted": false, 
            "users_allowed": [], 
            "user": 3, 
            "MD5_checksum": "092ef90fe0201f4b002cd200f7754d45", 
            "groups_allowed": [
                1
            ]
        }, 
        "model": "librarian.symbolicdataset", 
        "pk": 25
    }, 
    {
        "fields": {
            "_redacted": false, 
            "users_allowed": [], 
            "user": 3, 
            "MD5_checksum": "092ef90fe0201f4b002cd200f7754d45", 
            "groups_allowed": [
                1
            ]
        }, 
        "model": "librarian.symbolicdataset", 
        "pk": 26
    }, 
    {
        "fields": {
            "_redacted": false, 
            "users_allowed": [], 
            "user": 3, 
            "MD5_checksum": "092ef90fe0201f4b002cd200f7754d45", 
            "groups_allowed": [
                1
            ]
        }, 
        "model": "librarian.symbolicdataset", 
        "pk": 27
    }, 
    {
        "fields": {
            "_redacted": false, 
            "users_allowed": [], 
            "user": 3, 
            "MD5_checksum": "092ef90fe0201f4b002cd200f7754d45", 
            "groups_allowed": [
                1
            ]
        }, 
        "model": "librarian.symbolicdataset", 
        "pk": 28
    }, 
    {
        "fields": {
            "_redacted": false, 
            "users_allowed": [], 
            "user": 3, 
            "MD5_checksum": "092ef90fe0201f4b002cd200f7754d45", 
            "groups_allowed": [
                1
            ]
        }, 
        "model": "librarian.symbolicdataset", 
        "pk": 29
    }, 
    {
        "fields": {
            "_redacted": false, 
            "users_allowed": [], 
            "user": 3, 
            "MD5_checksum": "092ef90fe0201f4b002cd200f7754d45", 
            "groups_allowed": [
                1
            ]
        }, 
        "model": "librarian.symbolicdataset", 
        "pk": 30
    }, 
    {
        "fields": {
            "description": "Just a CR", 
            "groups_allowed": [
                1
            ], 
            "filename": "generic_script.py", 
            "users_allowed": [], 
            "user": 2, 
            "name": "genericCR"
        }, 
        "model": "method.coderesource", 
        "pk": 1
    }, 
    {
        "fields": {
            "description": "a script to do nothing", 
            "groups_allowed": [
                1
            ], 
            "filename": "noop.sh", 
            "users_allowed": [], 
            "user": 3, 
            "name": "noop"
        }, 
        "model": "method.coderesource", 
        "pk": 2
    }, 
    {
        "fields": {
            "revision_name": "v1", 
            "revision_parent": null, 
            "groups_allowed": [
                1
            ], 
            "revision_desc": "desc", 
            "coderesource": 1, 
            "MD5_checksum": "", 
            "content_file": "CodeResources/generic_script.py", 
            "user": 2, 
            "revision_number": 1, 
            "revision_DateTime": "2015-06-30T22:45:22.709Z", 
            "users_allowed": []
        }, 
        "model": "method.coderesourcerevision", 
        "pk": 1
    }, 
    {
        "fields": {
            "revision_name": "1", 
            "revision_parent": null, 
            "groups_allowed": [
                1
            ], 
            "revision_desc": "first version", 
            "coderesource": 2, 
            "MD5_checksum": "", 
            "content_file": "CodeResources/fdopen", 
            "user": 3, 
            "revision_number": 1, 
            "revision_DateTime": "2015-06-30T22:45:25.011Z", 
            "users_allowed": []
        }, 
        "model": "method.coderesourcerevision", 
        "pk": 2
    }, 
    {
        "fields": {
            "threads": 1, 
            "revision_parent": null, 
            "family": 1, 
            "groups_allowed": [
                1
            ], 
            "driver": 1, 
            "tainted": false, 
            "revision_number": 1, 
            "users_allowed": [], 
            "reusable": 1
        }, 
        "model": "method.method", 
        "pk": 1
    }, 
    {
        "fields": {
            "threads": 1, 
            "revision_parent": null, 
            "family": 1, 
            "groups_allowed": [
                1
            ], 
            "driver": 1, 
            "tainted": false, 
            "revision_number": 2, 
            "users_allowed": [], 
            "reusable": 1
        }, 
        "model": "method.method", 
        "pk": 2
    }, 
    {
        "fields": {
            "threads": 1, 
            "revision_parent": null, 
            "family": 1, 
            "groups_allowed": [
                1
            ], 
            "driver": 1, 
            "tainted": false, 
            "revision_number": 3, 
            "users_allowed": [], 
            "reusable": 1
        }, 
        "model": "method.method", 
        "pk": 3
    }, 
    {
        "fields": {
            "threads": 1, 
            "revision_parent": null, 
            "family": 2, 
            "groups_allowed": [
                1
            ], 
            "driver": 2, 
            "tainted": false, 
            "revision_number": 1, 
            "users_allowed": [], 
            "reusable": 1
        }, 
        "model": "method.method", 
        "pk": 6
    }, 
    {
        "fields": {
            "threads": 1, 
            "revision_parent": null, 
            "family": 3, 
            "groups_allowed": [
                1
            ], 
            "driver": 2, 
            "tainted": false, 
            "revision_number": 1, 
            "users_allowed": [], 
            "reusable": 1
        }, 
        "model": "method.method", 
        "pk": 7
    }, 
    {
        "fields": {
            "threads": 1, 
            "revision_parent": null, 
            "family": 4, 
            "groups_allowed": [
                1
            ], 
            "driver": 2, 
            "tainted": false, 
            "revision_number": 1, 
            "users_allowed": [], 
            "reusable": 1
        }, 
        "model": "method.method", 
        "pk": 8
    }, 
    {
        "fields": {
            "user": 2, 
            "users_allowed": [], 
            "description": "Holds methods A/B/C", 
            "name": "method_family", 
            "groups_allowed": [
                1
            ]
        }, 
        "model": "method.methodfamily", 
        "pk": 1
    }, 
    {
        "fields": {
            "user": 3, 
            "users_allowed": [], 
            "description": "a method to do nothing to strings", 
            "name": "string noop", 
            "groups_allowed": [
                1
            ]
        }, 
        "model": "method.methodfamily", 
        "pk": 2
    }, 
    {
        "fields": {
            "user": 3, 
            "users_allowed": [], 
            "description": "a TOTALLY DIFFERENT method that TOTALLY does SOMETHING to strings by leaving them alone", 
            "name": "string trivial", 
            "groups_allowed": [
                1
            ]
        }, 
        "model": "method.methodfamily", 
        "pk": 3
    }, 
    {
        "fields": {
            "user": 3, 
            "users_allowed": [], 
            "description": "do nothing to raw data", 
            "name": "raw noop", 
            "groups_allowed": [
                1
            ]
        }, 
        "model": "method.methodfamily", 
        "pk": 4
    }, 
    {
        "fields": {
            "description": "PF desc", 
            "groups_allowed": [
                1
            ], 
            "published_version": null, 
            "users_allowed": [], 
            "user": 2, 
            "name": "Pipeline_family"
        }, 
        "model": "pipeline.pipelinefamily", 
        "pk": 1
    }, 
    {
        "fields": {
            "description": "innermost pipeline", 
            "groups_allowed": [
                1
            ], 
            "published_version": null, 
            "users_allowed": [], 
            "user": 2, 
            "name": "p_basic"
        }, 
        "model": "pipeline.pipelinefamily", 
        "pk": 2
    }, 
    {
        "fields": {
            "description": "second-level pipeline", 
            "groups_allowed": [
                1
            ], 
            "published_version": null, 
            "users_allowed": [], 
            "user": 2, 
            "name": "p_sub"
        }, 
        "model": "pipeline.pipelinefamily", 
        "pk": 3
    }, 
    {
        "fields": {
            "description": "top-level pipeline", 
            "groups_allowed": [
                1
            ], 
            "published_version": null, 
            "users_allowed": [], 
            "user": 2, 
            "name": "p_top"
        }, 
        "model": "pipeline.pipelinefamily", 
        "pk": 4
    }, 
    {
        "fields": {
            "family": 1, 
            "users_allowed": [], 
            "revision_parent": null, 
            "revision_number": 1, 
            "groups_allowed": [
                1
            ]
        }, 
        "model": "pipeline.pipeline", 
        "pk": 4
    }, 
    {
        "fields": {
            "family": 1, 
            "users_allowed": [], 
            "revision_parent": null, 
            "revision_number": 2, 
            "groups_allowed": [
                1
            ]
        }, 
        "model": "pipeline.pipeline", 
        "pk": 5
    }, 
    {
        "fields": {
            "family": 2, 
            "users_allowed": [], 
            "revision_parent": null, 
            "revision_number": 1, 
            "groups_allowed": [
                1
            ]
        }, 
        "model": "pipeline.pipeline", 
        "pk": 9
    }, 
    {
        "fields": {
            "family": 3, 
            "users_allowed": [], 
            "revision_parent": null, 
            "revision_number": 1, 
            "groups_allowed": [
                1
            ]
        }, 
        "model": "pipeline.pipeline", 
        "pk": 10
    }, 
    {
        "fields": {
            "family": 4, 
            "users_allowed": [], 
            "revision_parent": null, 
            "revision_number": 1, 
            "groups_allowed": [
                1
            ]
        }, 
        "model": "pipeline.pipeline", 
        "pk": 11
    }, 
    {
        "fields": {
            "revision_name": "mA_name", 
            "groups_allowed": [
                1
            ], 
            "revision_desc": "A_desc", 
            "users_allowed": [], 
            "user": 2, 
            "revision_DateTime": "2015-06-30T22:45:22.726Z"
        }, 
        "model": "transformation.transformation", 
        "pk": 1
    }, 
    {
        "fields": {
            "revision_name": "mB_name", 
            "groups_allowed": [
                1
            ], 
            "revision_desc": "B_desc", 
            "users_allowed": [], 
            "user": 2, 
            "revision_DateTime": "2015-06-30T22:45:22.791Z"
        }, 
        "model": "transformation.transformation", 
        "pk": 2
    }, 
    {
        "fields": {
            "revision_name": "mC_name", 
            "groups_allowed": [
                1
            ], 
            "revision_desc": "C_desc", 
            "users_allowed": [], 
            "user": 2, 
            "revision_DateTime": "2015-06-30T22:45:22.856Z"
        }, 
        "model": "transformation.transformation", 
        "pk": 3
    }, 
    {
        "fields": {
            "revision_name": "pD_name", 
            "groups_allowed": [
                1
            ], 
            "revision_desc": "D", 
            "users_allowed": [], 
            "user": 2, 
            "revision_DateTime": "2015-06-30T22:45:22.943Z"
        }, 
        "model": "transformation.transformation", 
        "pk": 4
    }, 
    {
        "fields": {
            "revision_name": "pE_name", 
            "groups_allowed": [
                1
            ], 
            "revision_desc": "E", 
            "users_allowed": [], 
            "user": 2, 
            "revision_DateTime": "2015-06-30T22:45:22.995Z"
        }, 
        "model": "transformation.transformation", 
        "pk": 5
    }, 
    {
        "fields": {
            "revision_name": "v1", 
            "groups_allowed": [
                1
            ], 
            "revision_desc": "first version", 
            "users_allowed": [], 
            "user": 3, 
            "revision_DateTime": "2015-06-30T22:45:25.049Z"
        }, 
        "model": "transformation.transformation", 
        "pk": 6
    }, 
    {
        "fields": {
            "revision_name": "v1", 
            "groups_allowed": [
                1
            ], 
            "revision_desc": "first version", 
            "users_allowed": [], 
            "user": 3, 
            "revision_DateTime": "2015-06-30T22:45:25.157Z"
        }, 
        "model": "transformation.transformation", 
        "pk": 7
    }, 
    {
        "fields": {
            "revision_name": "v1", 
            "groups_allowed": [
                1
            ], 
            "revision_desc": "first version", 
            "users_allowed": [], 
            "user": 3, 
            "revision_DateTime": "2015-06-30T22:45:25.266Z"
        }, 
        "model": "transformation.transformation", 
        "pk": 8
    }, 
    {
        "fields": {
            "revision_name": "v1", 
            "groups_allowed": [
                1
            ], 
            "revision_desc": "first version", 
            "users_allowed": [], 
            "user": 2, 
            "revision_DateTime": "2015-06-30T22:45:25.356Z"
        }, 
        "model": "transformation.transformation", 
        "pk": 9
    }, 
    {
        "fields": {
            "revision_name": "v1", 
            "groups_allowed": [
                1
            ], 
            "revision_desc": "first version", 
            "users_allowed": [], 
            "user": 2, 
            "revision_DateTime": "2015-06-30T22:45:25.704Z"
        }, 
        "model": "transformation.transformation", 
        "pk": 10
    }, 
    {
        "fields": {
            "revision_name": "v1", 
            "groups_allowed": [
                1
            ], 
            "revision_desc": "first version", 
            "users_allowed": [], 
            "user": 2, 
            "revision_DateTime": "2015-06-30T22:45:26.088Z"
        }, 
        "model": "transformation.transformation", 
        "pk": 11
    }, 
    {
        "fields": {
            "execlog": null, 
            "start_time": "2015-06-30T22:45:23.458Z", 
            "symbolicdataset": 1, 
            "end_time": "2015-06-30T22:45:23.512Z", 
            "user": 2
        }, 
        "model": "datachecking.contentchecklog", 
        "pk": 1
    }, 
    {
        "fields": {
            "execlog": null, 
            "start_time": "2015-06-30T22:45:23.539Z", 
            "symbolicdataset": 2, 
            "end_time": "2015-06-30T22:45:23.576Z", 
            "user": 2
        }, 
        "model": "datachecking.contentchecklog", 
        "pk": 2
    }, 
    {
        "fields": {
            "execlog": null, 
            "start_time": "2015-06-30T22:45:23.599Z", 
            "symbolicdataset": 3, 
            "end_time": "2015-06-30T22:45:23.620Z", 
            "user": 2
        }, 
        "model": "datachecking.contentchecklog", 
        "pk": 3
    }, 
    {
        "fields": {
            "execlog": null, 
            "start_time": "2015-06-30T22:45:23.653Z", 
            "symbolicdataset": 4, 
            "end_time": "2015-06-30T22:45:23.673Z", 
            "user": 2
        }, 
        "model": "datachecking.contentchecklog", 
        "pk": 4
    }, 
    {
        "fields": {
            "execlog": null, 
            "start_time": "2015-06-30T22:45:23.721Z", 
            "symbolicdataset": 6, 
            "end_time": "2015-06-30T22:45:23.757Z", 
            "user": 2
        }, 
        "model": "datachecking.contentchecklog", 
        "pk": 5
    }, 
    {
        "fields": {
            "execlog": null, 
            "start_time": "2015-06-30T22:45:23.777Z", 
            "symbolicdataset": 7, 
            "end_time": "2015-06-30T22:45:23.829Z", 
            "user": 2
        }, 
        "model": "datachecking.contentchecklog", 
        "pk": 6
    }, 
    {
        "fields": {
            "execlog": null, 
            "start_time": "2015-06-30T22:45:23.852Z", 
            "symbolicdataset": 8, 
            "end_time": "2015-06-30T22:45:23.887Z", 
            "user": 2
        }, 
        "model": "datachecking.contentchecklog", 
        "pk": 7
    }, 
    {
        "fields": {
            "execlog": null, 
            "start_time": "2015-06-30T22:45:23.907Z", 
            "symbolicdataset": 9, 
            "end_time": "2015-06-30T22:45:23.942Z", 
            "user": 2
        }, 
        "model": "datachecking.contentchecklog", 
        "pk": 8
    }, 
    {
        "fields": {
            "execlog": null, 
            "start_time": "2015-06-30T22:45:23.965Z", 
            "symbolicdataset": 10, 
            "end_time": "2015-06-30T22:45:23.984Z", 
            "user": 2
        }, 
        "model": "datachecking.contentchecklog", 
        "pk": 9
    }, 
    {
        "fields": {
            "execlog": null, 
            "start_time": "2015-06-30T22:45:24.023Z", 
            "symbolicdataset": 13, 
            "end_time": "2015-06-30T22:45:24.075Z", 
            "user": 2
        }, 
        "model": "datachecking.contentchecklog", 
        "pk": 10
    }, 
    {
        "fields": {
            "execlog": null, 
            "start_time": "2015-06-30T22:45:24.099Z", 
            "symbolicdataset": 14, 
            "end_time": "2015-06-30T22:45:24.135Z", 
            "user": 2
        }, 
        "model": "datachecking.contentchecklog", 
        "pk": 11
    }, 
    {
        "fields": {
            "execlog": null, 
            "start_time": "2015-06-30T22:45:24.158Z", 
            "symbolicdataset": 15, 
            "end_time": "2015-06-30T22:45:24.311Z", 
            "user": 2
        }, 
        "model": "datachecking.contentchecklog", 
        "pk": 12
    }, 
    {
        "fields": {
            "execlog": null, 
            "start_time": "2015-06-30T22:45:24.407Z", 
            "symbolicdataset": 16, 
            "end_time": "2015-06-30T22:45:24.515Z", 
            "user": 2
        }, 
        "model": "datachecking.contentchecklog", 
        "pk": 13
    }, 
    {
        "fields": {
            "execlog": null, 
            "start_time": "2015-06-30T22:45:24.537Z", 
            "symbolicdataset": 17, 
            "end_time": "2015-06-30T22:45:24.645Z", 
            "user": 2
        }, 
        "model": "datachecking.contentchecklog", 
        "pk": 14
    }, 
    {
        "fields": {
            "execlog": null, 
            "start_time": "2015-06-30T22:45:26.780Z", 
            "symbolicdataset": 18, 
            "end_time": "2015-06-30T22:45:26.834Z", 
            "user": 3
        }, 
        "model": "datachecking.contentchecklog", 
        "pk": 15
    }, 
    {
        "fields": {
            "execlog": 5, 
            "start_time": "2015-06-30T22:45:28.195Z", 
            "symbolicdataset": 19, 
            "end_time": "2015-06-30T22:45:28.255Z", 
            "user": 3
        }, 
        "model": "datachecking.contentchecklog", 
        "pk": 16
    }, 
    {
        "fields": {
            "execlog": 7, 
            "start_time": "2015-06-30T22:45:29.574Z", 
            "symbolicdataset": 20, 
            "end_time": "2015-06-30T22:45:29.633Z", 
            "user": 3
        }, 
        "model": "datachecking.contentchecklog", 
        "pk": 17
    }, 
    {
        "fields": {
            "execlog": 9, 
            "start_time": "2015-06-30T22:45:33.783Z", 
            "symbolicdataset": 21, 
            "end_time": "2015-06-30T22:45:33.840Z", 
            "user": 3
        }, 
        "model": "datachecking.contentchecklog", 
        "pk": 18
    }, 
    {
        "fields": {
            "execlog": 11, 
            "start_time": "2015-06-30T22:45:35.212Z", 
            "symbolicdataset": 22, 
            "end_time": "2015-06-30T22:45:35.272Z", 
            "user": 3
        }, 
        "model": "datachecking.contentchecklog", 
        "pk": 19
    }, 
    {
        "fields": {
            "execlog": 13, 
            "start_time": "2015-06-30T22:45:46.291Z", 
            "symbolicdataset": 23, 
            "end_time": "2015-06-30T22:45:46.350Z", 
            "user": 3
        }, 
        "model": "datachecking.contentchecklog", 
        "pk": 20
    }, 
    {
        "fields": {
            "execlog": 15, 
            "start_time": "2015-06-30T22:45:47.803Z", 
            "symbolicdataset": 24, 
            "end_time": "2015-06-30T22:45:47.862Z", 
            "user": 3
        }, 
        "model": "datachecking.contentchecklog", 
        "pk": 21
    }, 
    {
        "fields": {
            "execlog": 17, 
            "start_time": "2015-06-30T22:45:52.838Z", 
            "symbolicdataset": 25, 
            "end_time": "2015-06-30T22:45:52.897Z", 
            "user": 3
        }, 
        "model": "datachecking.contentchecklog", 
        "pk": 22
    }, 
    {
        "fields": {
            "execlog": 19, 
            "start_time": "2015-06-30T22:45:54.386Z", 
            "symbolicdataset": 26, 
            "end_time": "2015-06-30T22:45:54.446Z", 
            "user": 3
        }, 
        "model": "datachecking.contentchecklog", 
        "pk": 23
    }, 
    {
        "fields": {
            "execlog": 21, 
            "start_time": "2015-06-30T22:46:07.060Z", 
            "symbolicdataset": 27, 
            "end_time": "2015-06-30T22:46:07.120Z", 
            "user": 3
        }, 
        "model": "datachecking.contentchecklog", 
        "pk": 24
    }, 
    {
        "fields": {
            "execlog": 23, 
            "start_time": "2015-06-30T22:46:08.670Z", 
            "symbolicdataset": 28, 
            "end_time": "2015-06-30T22:46:08.729Z", 
            "user": 3
        }, 
        "model": "datachecking.contentchecklog", 
        "pk": 25
    }, 
    {
        "fields": {
            "execlog": 25, 
            "start_time": "2015-06-30T22:46:14.319Z", 
            "symbolicdataset": 29, 
            "end_time": "2015-06-30T22:46:14.378Z", 
            "user": 3
        }, 
        "model": "datachecking.contentchecklog", 
        "pk": 26
    }, 
    {
        "fields": {
            "execlog": 27, 
            "start_time": "2015-06-30T22:46:15.940Z", 
            "symbolicdataset": 30, 
            "end_time": "2015-06-30T22:46:16.000Z", 
            "user": 3
        }, 
        "model": "datachecking.contentchecklog", 
        "pk": 27
    }, 
    {
        "fields": {
            "execlog": 4, 
            "start_time": "2015-06-30T22:45:27.087Z", 
            "symbolicdataset": 18, 
            "end_time": "2015-06-30T22:45:27.087Z", 
            "user": 3
        }, 
        "model": "datachecking.integritychecklog", 
        "pk": 1
    }, 
    {
        "fields": {
            "execlog": 6, 
            "start_time": "2015-06-30T22:45:28.918Z", 
            "symbolicdataset": 19, 
            "end_time": "2015-06-30T22:45:28.918Z", 
            "user": 3
        }, 
        "model": "datachecking.integritychecklog", 
        "pk": 2
    }, 
    {
        "fields": {
            "execlog": 8, 
            "start_time": "2015-06-30T22:45:30.316Z", 
            "symbolicdataset": 20, 
            "end_time": "2015-06-30T22:45:30.316Z", 
            "user": 3
        }, 
        "model": "datachecking.integritychecklog", 
        "pk": 3
    }, 
    {
        "fields": {
            "execlog": 10, 
            "start_time": "2015-06-30T22:45:34.501Z", 
            "symbolicdataset": 21, 
            "end_time": "2015-06-30T22:45:34.501Z", 
            "user": 3
        }, 
        "model": "datachecking.integritychecklog", 
        "pk": 4
    }, 
    {
        "fields": {
            "execlog": 12, 
            "start_time": "2015-06-30T22:45:35.976Z", 
            "symbolicdataset": 22, 
            "end_time": "2015-06-30T22:45:35.977Z", 
            "user": 3
        }, 
        "model": "datachecking.integritychecklog", 
        "pk": 5
    }, 
    {
        "fields": {
            "execlog": 14, 
            "start_time": "2015-06-30T22:45:47.034Z", 
            "symbolicdataset": 23, 
            "end_time": "2015-06-30T22:45:47.034Z", 
            "user": 3
        }, 
        "model": "datachecking.integritychecklog", 
        "pk": 6
    }, 
    {
        "fields": {
            "execlog": 16, 
            "start_time": "2015-06-30T22:45:48.560Z", 
            "symbolicdataset": 24, 
            "end_time": "2015-06-30T22:45:48.560Z", 
            "user": 3
        }, 
        "model": "datachecking.integritychecklog", 
        "pk": 7
    }, 
    {
        "fields": {
            "execlog": 18, 
            "start_time": "2015-06-30T22:45:53.567Z", 
            "symbolicdataset": 25, 
            "end_time": "2015-06-30T22:45:53.567Z", 
            "user": 3
        }, 
        "model": "datachecking.integritychecklog", 
        "pk": 8
    }, 
    {
        "fields": {
            "execlog": 20, 
            "start_time": "2015-06-30T22:45:55.135Z", 
            "symbolicdataset": 26, 
            "end_time": "2015-06-30T22:45:55.135Z", 
            "user": 3
        }, 
        "model": "datachecking.integritychecklog", 
        "pk": 9
    }, 
    {
        "fields": {
            "execlog": 22, 
            "start_time": "2015-06-30T22:46:07.807Z", 
            "symbolicdataset": 27, 
            "end_time": "2015-06-30T22:46:07.807Z", 
            "user": 3
        }, 
        "model": "datachecking.integritychecklog", 
        "pk": 10
    }, 
    {
        "fields": {
            "execlog": 24, 
            "start_time": "2015-06-30T22:46:09.414Z", 
            "symbolicdataset": 28, 
            "end_time": "2015-06-30T22:46:09.414Z", 
            "user": 3
        }, 
        "model": "datachecking.integritychecklog", 
        "pk": 11
    }, 
    {
        "fields": {
            "execlog": 26, 
            "start_time": "2015-06-30T22:46:15.044Z", 
            "symbolicdataset": 29, 
            "end_time": "2015-06-30T22:46:15.044Z", 
            "user": 3
        }, 
        "model": "datachecking.integritychecklog", 
        "pk": 12
    }, 
    {
        "fields": {
            "execlog": 28, 
            "start_time": "2015-06-30T22:46:16.682Z", 
            "symbolicdataset": 30, 
            "end_time": "2015-06-30T22:46:16.682Z", 
            "user": 3
        }, 
        "model": "datachecking.integritychecklog", 
        "pk": 13
    }
]