[
    {
        "fields": {
            "datatype": 8, 
            "rule": "^[ACGTacgt]*$", 
            "ruletype": "regexp"
        }, 
        "model": "metadata.basicconstraint", 
        "pk": 6
    }, 
    {
        "fields": {
            "datatype": 9, 
            "rule": "^[ACGUacgu]*$", 
            "ruletype": "regexp"
        }, 
        "model": "metadata.basicconstraint", 
        "pk": 7
    }, 
    {
        "fields": {
            "blankable": false, 
            "column_idx": 1, 
            "column_name": "label", 
            "compounddatatype": 5, 
            "datatype": 1
        }, 
        "model": "metadata.compounddatatypemember", 
        "pk": 7
    }, 
    {
        "fields": {
            "blankable": false, 
            "column_idx": 2, 
            "column_name": "integer", 
            "compounddatatype": 5, 
            "datatype": 4
        }, 
        "model": "metadata.compounddatatypemember", 
        "pk": 8
    }, 
    {
        "fields": {
            "blankable": false, 
            "column_idx": 3, 
            "column_name": "float", 
            "compounddatatype": 5, 
            "datatype": 3
        }, 
        "model": "metadata.compounddatatypemember", 
        "pk": 9
    }, 
    {
        "fields": {
            "blankable": false, 
            "column_idx": 4, 
            "column_name": "bool", 
            "compounddatatype": 5, 
            "datatype": 2
        }, 
        "model": "metadata.compounddatatypemember", 
        "pk": 10
    }, 
    {
        "fields": {
            "blankable": false, 
            "column_idx": 5, 
            "column_name": "rna", 
            "compounddatatype": 5, 
            "datatype": 9
        }, 
        "model": "metadata.compounddatatypemember", 
        "pk": 11
    }, 
    {
        "fields": {
            "blankable": false, 
            "column_idx": 1, 
            "column_name": "label", 
            "compounddatatype": 6, 
            "datatype": 1
        }, 
        "model": "metadata.compounddatatypemember", 
        "pk": 12
    }, 
    {
        "fields": {
            "blankable": false, 
            "column_idx": 1, 
            "column_name": "label", 
            "compounddatatype": 7, 
            "datatype": 1
        }, 
        "model": "metadata.compounddatatypemember", 
        "pk": 13
    }, 
    {
        "fields": {
            "blankable": false, 
            "column_idx": 2, 
            "column_name": "PBMCseq", 
            "compounddatatype": 7, 
            "datatype": 8
        }, 
        "model": "metadata.compounddatatypemember", 
        "pk": 14
    }, 
    {
        "fields": {
            "blankable": false, 
            "column_idx": 3, 
            "column_name": "PLAseq", 
            "compounddatatype": 7, 
            "datatype": 9
        }, 
        "model": "metadata.compounddatatypemember", 
        "pk": 15
    }, 
    {
        "fields": {
            "blankable": false, 
            "column_idx": 1, 
            "column_name": "SeqToComplement", 
            "compounddatatype": 8, 
            "datatype": 8
        }, 
        "model": "metadata.compounddatatypemember", 
        "pk": 16
    }, 
    {
        "fields": {
            "blankable": false, 
            "column_idx": 1, 
            "column_name": "ComplementedSeq", 
            "compounddatatype": 9, 
            "datatype": 8
        }, 
        "model": "metadata.compounddatatypemember", 
        "pk": 17
    }, 
    {
        "fields": {
            "blankable": false, 
            "column_idx": 1, 
            "column_name": "SeqToComplement", 
            "compounddatatype": 10, 
            "datatype": 9
        }, 
        "model": "metadata.compounddatatypemember", 
        "pk": 18
    }, 
    {
        "fields": {
            "blankable": false, 
            "column_idx": 1, 
            "column_name": "ComplementedSeq", 
            "compounddatatype": 11, 
            "datatype": 9
        }, 
        "model": "metadata.compounddatatypemember", 
        "pk": 19
    }, 
    {
        "fields": {
            "blankable": false, 
            "column_idx": 1, 
            "column_name": "x", 
            "compounddatatype": 12, 
            "datatype": 1
        }, 
        "model": "metadata.compounddatatypemember", 
        "pk": 20
    }, 
    {
        "fields": {
            "blankable": false, 
            "column_idx": 2, 
            "column_name": "y", 
            "compounddatatype": 12, 
            "datatype": 1
        }, 
        "model": "metadata.compounddatatypemember", 
        "pk": 21
    }, 
    {
        "fields": {
            "blankable": false, 
            "column_idx": 1, 
            "column_name": "k", 
            "compounddatatype": 13, 
            "datatype": 1
        }, 
        "model": "metadata.compounddatatypemember", 
        "pk": 22
    }, 
    {
        "fields": {
            "blankable": false, 
            "column_idx": 1, 
            "column_name": "a", 
            "compounddatatype": 14, 
            "datatype": 1
        }, 
        "model": "metadata.compounddatatypemember", 
        "pk": 23
    }, 
    {
        "fields": {
            "blankable": false, 
            "column_idx": 2, 
            "column_name": "b", 
            "compounddatatype": 14, 
            "datatype": 1
        }, 
        "model": "metadata.compounddatatypemember", 
        "pk": 24
    }, 
    {
        "fields": {
            "blankable": false, 
            "column_idx": 3, 
            "column_name": "c", 
            "compounddatatype": 14, 
            "datatype": 1
        }, 
        "model": "metadata.compounddatatypemember", 
        "pk": 25
    }, 
    {
        "fields": {
            "blankable": false, 
            "column_idx": 1, 
            "column_name": "a^2", 
            "compounddatatype": 15, 
            "datatype": 1
        }, 
        "model": "metadata.compounddatatypemember", 
        "pk": 26
    }, 
    {
        "fields": {
            "blankable": false, 
            "column_idx": 2, 
            "column_name": "b^2", 
            "compounddatatype": 15, 
            "datatype": 1
        }, 
        "model": "metadata.compounddatatypemember", 
        "pk": 27
    }, 
    {
        "fields": {
            "blankable": false, 
            "column_idx": 3, 
            "column_name": "c^2", 
            "compounddatatype": 15, 
            "datatype": 1
        }, 
        "model": "metadata.compounddatatypemember", 
        "pk": 28
    }, 
    {
        "fields": {
            "blankable": false, 
            "column_idx": 1, 
            "column_name": "StrCol1", 
            "compounddatatype": 16, 
            "datatype": 1
        }, 
        "model": "metadata.compounddatatypemember", 
        "pk": 29
    }, 
    {
        "fields": {
            "blankable": false, 
            "column_idx": 2, 
            "column_name": "DNACol2", 
            "compounddatatype": 16, 
            "datatype": 8
        }, 
        "model": "metadata.compounddatatypemember", 
        "pk": 30
    }, 
    {
        "fields": {
            "blankable": false, 
            "column_idx": 3, 
            "column_name": "StrCol3", 
            "compounddatatype": 16, 
            "datatype": 1
        }, 
        "model": "metadata.compounddatatypemember", 
        "pk": 31
    }, 
    {
        "fields": {
            "blankable": false, 
            "column_idx": 1, 
            "column_name": "a", 
            "compounddatatype": 17, 
            "datatype": 8
        }, 
        "model": "metadata.compounddatatypemember", 
        "pk": 32
    }, 
    {
        "fields": {
            "blankable": false, 
            "column_idx": 2, 
            "column_name": "b", 
            "compounddatatype": 17, 
            "datatype": 8
        }, 
        "model": "metadata.compounddatatypemember", 
        "pk": 33
    }, 
    {
        "fields": {
            "blankable": false, 
            "column_idx": 3, 
            "column_name": "c", 
            "compounddatatype": 17, 
            "datatype": 8
        }, 
        "model": "metadata.compounddatatypemember", 
        "pk": 34
    }, 
    {
        "fields": {
            "blankable": false, 
            "column_idx": 1, 
            "column_name": "x", 
            "compounddatatype": 18, 
            "datatype": 8
        }, 
        "model": "metadata.compounddatatypemember", 
        "pk": 35
    }, 
    {
        "fields": {
            "blankable": false, 
            "column_idx": 2, 
            "column_name": "y", 
            "compounddatatype": 18, 
            "datatype": 8
        }, 
        "model": "metadata.compounddatatypemember", 
        "pk": 36
    }, 
    {
        "fields": {
            "blankable": false, 
            "column_idx": 1, 
            "column_name": "word", 
            "compounddatatype": 19, 
            "datatype": 10
        }, 
        "model": "metadata.compounddatatypemember", 
        "pk": 37
    }, 
    {
        "fields": {
            "dataset": 18, 
            "index": 1, 
            "run": 6
        }, 
        "model": "archive.runinput", 
        "pk": 1
    }, 
    {
        "fields": {
            "_complete": false, 
            "_redacted": null, 
            "_successful": true, 
            "end_time": null, 
            "execrecord": null, 
            "is_cancelled": false, 
            "reused": null, 
            "start_time": null
        }, 
        "model": "archive.runcomponent", 
        "pk": 4
    }, 
    {
        "fields": {
            "_complete": false, 
            "_redacted": null, 
            "_successful": true, 
            "end_time": null, 
            "execrecord": null, 
            "is_cancelled": false, 
            "reused": null, 
            "start_time": null
        }, 
        "model": "archive.runcomponent", 
        "pk": 5
    }, 
    {
        "fields": {
            "_complete": false, 
            "_redacted": null, 
            "_successful": true, 
            "end_time": null, 
            "execrecord": null, 
            "is_cancelled": false, 
            "reused": null, 
            "start_time": null
        }, 
        "model": "archive.runcomponent", 
        "pk": 6
    }, 
    {
        "fields": {
            "_complete": false, 
            "_redacted": null, 
            "_successful": true, 
            "end_time": null, 
            "execrecord": null, 
            "is_cancelled": false, 
            "reused": null, 
            "start_time": null
        }, 
        "model": "archive.runcomponent", 
        "pk": 7
    }, 
    {
        "fields": {
            "_complete": false, 
            "_redacted": null, 
            "_successful": true, 
            "end_time": null, 
            "execrecord": null, 
            "is_cancelled": false, 
            "reused": null, 
            "start_time": null
        }, 
        "model": "archive.runcomponent", 
        "pk": 8
    }, 
    {
        "fields": {
            "_complete": false, 
            "_redacted": null, 
            "_successful": true, 
            "end_time": null, 
            "execrecord": null, 
            "is_cancelled": false, 
            "reused": null, 
            "start_time": null
        }, 
        "model": "archive.runcomponent", 
        "pk": 9
    }, 
    {
        "fields": {
            "_complete": false, 
            "_redacted": null, 
            "_successful": true, 
            "end_time": null, 
            "execrecord": null, 
            "is_cancelled": false, 
            "reused": null, 
            "start_time": null
        }, 
        "model": "archive.runcomponent", 
        "pk": 10
    }, 
    {
        "fields": {
            "_complete": false, 
            "_redacted": null, 
            "_successful": true, 
            "end_time": null, 
            "execrecord": null, 
            "is_cancelled": false, 
            "reused": null, 
            "start_time": null
        }, 
        "model": "archive.runcomponent", 
        "pk": 11
    }, 
    {
        "fields": {
            "_complete": false, 
            "_redacted": null, 
            "_successful": true, 
            "end_time": null, 
            "execrecord": null, 
            "is_cancelled": false, 
            "reused": null, 
            "start_time": null
        }, 
        "model": "archive.runcomponent", 
        "pk": 12
    }, 
    {
        "fields": {
            "_complete": false, 
            "_redacted": null, 
            "_successful": true, 
            "end_time": null, 
            "execrecord": null, 
            "is_cancelled": false, 
            "reused": null, 
            "start_time": null
        }, 
        "model": "archive.runcomponent", 
        "pk": 13
    }, 
    {
        "fields": {
            "_complete": false, 
            "_redacted": null, 
            "_successful": true, 
            "end_time": null, 
            "execrecord": null, 
            "is_cancelled": false, 
            "reused": null, 
            "start_time": null
        }, 
        "model": "archive.runcomponent", 
        "pk": 14
    }, 
    {
        "fields": {
            "_complete": false, 
            "_redacted": null, 
            "_successful": true, 
            "end_time": null, 
            "execrecord": null, 
            "is_cancelled": false, 
            "reused": null, 
            "start_time": null
        }, 
        "model": "archive.runcomponent", 
        "pk": 15
    }, 
    {
        "fields": {
            "_complete": false, 
            "_redacted": null, 
            "_successful": true, 
            "end_time": null, 
            "execrecord": null, 
            "is_cancelled": false, 
            "reused": null, 
            "start_time": null
        }, 
        "model": "archive.runcomponent", 
        "pk": 16
    }, 
    {
        "fields": {
            "_complete": false, 
            "_redacted": null, 
            "_successful": true, 
            "end_time": null, 
            "execrecord": null, 
            "is_cancelled": false, 
            "reused": null, 
            "start_time": null
        }, 
        "model": "archive.runcomponent", 
        "pk": 17
    }, 
    {
        "fields": {
            "_complete": false, 
            "_redacted": null, 
            "_successful": true, 
            "end_time": null, 
            "execrecord": null, 
            "is_cancelled": false, 
            "reused": null, 
            "start_time": null
        }, 
        "model": "archive.runcomponent", 
        "pk": 18
    }, 
    {
        "fields": {
            "_complete": false, 
            "_redacted": null, 
            "_successful": true, 
            "end_time": null, 
            "execrecord": null, 
            "is_cancelled": false, 
            "reused": null, 
            "start_time": null
        }, 
        "model": "archive.runcomponent", 
        "pk": 19
    }, 
    {
        "fields": {
            "_complete": false, 
            "_redacted": null, 
            "_successful": true, 
            "end_time": null, 
            "execrecord": null, 
            "is_cancelled": false, 
            "reused": null, 
            "start_time": null
        }, 
        "model": "archive.runcomponent", 
        "pk": 20
    }, 
    {
        "fields": {
            "_complete": false, 
            "_redacted": null, 
            "_successful": true, 
            "end_time": null, 
            "execrecord": null, 
            "is_cancelled": false, 
            "reused": null, 
            "start_time": null
        }, 
        "model": "archive.runcomponent", 
        "pk": 21
    }, 
    {
        "fields": {
            "_complete": false, 
            "_redacted": null, 
            "_successful": true, 
            "end_time": null, 
            "execrecord": null, 
            "is_cancelled": false, 
            "reused": null, 
            "start_time": null
        }, 
        "model": "archive.runcomponent", 
        "pk": 22
    }, 
    {
        "fields": {
            "_complete": false, 
            "_redacted": null, 
            "_successful": true, 
            "end_time": null, 
            "execrecord": null, 
            "is_cancelled": false, 
            "reused": null, 
            "start_time": null
        }, 
        "model": "archive.runcomponent", 
        "pk": 23
    }, 
    {
        "fields": {
            "_complete": false, 
            "_redacted": null, 
            "_successful": true, 
            "end_time": null, 
            "execrecord": null, 
            "is_cancelled": false, 
            "reused": null, 
            "start_time": null
        }, 
        "model": "archive.runcomponent", 
        "pk": 24
    }, 
    {
        "fields": {
            "_complete": true, 
            "_redacted": null, 
            "_successful": true, 
            "end_time": "2000-01-01T00:00:09Z", 
            "execrecord": 4, 
            "is_cancelled": false, 
            "reused": false, 
            "start_time": "2000-01-01T00:00:09Z"
        }, 
        "model": "archive.runcomponent", 
        "pk": 25
    }, 
    {
        "fields": {
            "pipelinestep": 9, 
            "run": 6
        }, 
        "model": "archive.dest_runstep",
        "pk": 4
    }, 
    {
        "fields": {
            "pipelinestep": 7, 
            "run": 7
        }, 
        "model": "archive.dest_runstep",
        "pk": 5
    }, 
    {
        "fields": {
            "pipelinestep": 5, 
            "run": 8
        }, 
        "model": "archive.dest_runstep",
        "pk": 6
    }, 
    {
        "fields": {
            "pipelinestep": 6, 
            "run": 8
        }, 
        "model": "archive.dest_runstep",
        "pk": 7
    }, 
    {
        "fields": {
            "pipelinestep": 8, 
            "run": 7
        }, 
        "model": "archive.dest_runstep",
        "pk": 8
    }, 
    {
        "fields": {
            "pipelinestep": 5, 
            "run": 9
        }, 
        "model": "archive.dest_runstep",
        "pk": 9
    }, 
    {
        "fields": {
            "pipelinestep": 6, 
            "run": 9
        }, 
        "model": "archive.dest_runstep",
        "pk": 10
    }, 
    {
        "fields": {
            "pipelinestep": 10, 
            "run": 6
        }, 
        "model": "archive.dest_runstep",
        "pk": 11
    }, 
    {
        "fields": {
            "pipelinestep": 7, 
            "run": 10
        }, 
        "model": "archive.dest_runstep",
        "pk": 12
    }, 
    {
        "fields": {
            "pipelinestep": 5, 
            "run": 11
        }, 
        "model": "archive.dest_runstep",
        "pk": 13
    }, 
    {
        "fields": {
            "pipelinestep": 6, 
            "run": 11
        }, 
        "model": "archive.dest_runstep",
        "pk": 14
    }, 
    {
        "fields": {
            "pipelinestep": 8, 
            "run": 10
        }, 
        "model": "archive.dest_runstep",
        "pk": 15
    }, 
    {
        "fields": {
            "pipelinestep": 5, 
            "run": 12
        }, 
        "model": "archive.dest_runstep",
        "pk": 16
    }, 
    {
        "fields": {
            "pipelinestep": 6, 
            "run": 12
        }, 
        "model": "archive.dest_runstep",
        "pk": 17
    }, 
    {
        "fields": {
            "pipelinestep": 11, 
            "run": 6
        }, 
        "model": "archive.dest_runstep",
        "pk": 18
    }, 
    {
        "fields": {
            "pipelinestep": 7, 
            "run": 13
        }, 
        "model": "archive.dest_runstep",
        "pk": 19
    }, 
    {
        "fields": {
            "pipelinestep": 5, 
            "run": 14
        }, 
        "model": "archive.dest_runstep",
        "pk": 20
    }, 
    {
        "fields": {
            "pipelinestep": 6, 
            "run": 14
        }, 
        "model": "archive.dest_runstep",
        "pk": 21
    }, 
    {
        "fields": {
            "pipelinestep": 8, 
            "run": 13
        }, 
        "model": "archive.dest_runstep",
        "pk": 22
    }, 
    {
        "fields": {
            "pipelinestep": 5, 
            "run": 15
        }, 
        "model": "archive.dest_runstep",
        "pk": 23
    }, 
    {
        "fields": {
            "pipelinestep": 6, 
            "run": 15
        }, 
        "model": "archive.dest_runstep",
        "pk": 24
    }, 
    {
        "fields": {
            "PSIC": 18, 
            "runstep": 4
        }, 
        "model": "archive.runsic", 
        "pk": 25
    }, 
    {
        "fields": {
            "end_time": "2000-01-01T00:00:09Z", 
            "invoking_record": 25, 
            "record": 25, 
            "start_time": "2000-01-01T00:00:09Z"
        }, 
        "model": "archive.execlog", 
        "pk": 4
    }, 
    {
        "fields": {
            "compounddatatype": 14, 
            "dataset": 1, 
            "num_rows": 10
        }, 
        "model": "librarian.datasetstructure", 
        "pk": 1
    }, 
    {
        "fields": {
            "compounddatatype": 12, 
            "dataset": 2, 
            "num_rows": 3
        }, 
        "model": "librarian.datasetstructure", 
        "pk": 2
    }, 
    {
        "fields": {
            "compounddatatype": 13, 
            "dataset": 3, 
            "num_rows": 13
        }, 
        "model": "librarian.datasetstructure", 
        "pk": 3
    }, 
    {
        "fields": {
            "compounddatatype": 13, 
            "dataset": 4, 
            "num_rows": 3
        }, 
        "model": "librarian.datasetstructure", 
        "pk": 4
    }, 
    {
        "fields": {
            "compounddatatype": 12, 
            "dataset": 6, 
            "num_rows": 10
        }, 
        "model": "librarian.datasetstructure", 
        "pk": 5
    }, 
    {
        "fields": {
            "compounddatatype": 14, 
            "dataset": 7, 
            "num_rows": 3
        }, 
        "model": "librarian.datasetstructure", 
        "pk": 6
    }, 
    {
        "fields": {
            "compounddatatype": 12, 
            "dataset": 8, 
            "num_rows": 3
        }, 
        "model": "librarian.datasetstructure", 
        "pk": 7
    }, 
    {
        "fields": {
            "compounddatatype": 12, 
            "dataset": 9, 
            "num_rows": 3
        }, 
        "model": "librarian.datasetstructure", 
        "pk": 8
    }, 
    {
        "fields": {
            "compounddatatype": 13, 
            "dataset": 10, 
            "num_rows": 3
        }, 
        "model": "librarian.datasetstructure", 
        "pk": 9
    }, 
    {
        "fields": {
            "compounddatatype": 14, 
            "dataset": 13, 
            "num_rows": 3
        }, 
        "model": "librarian.datasetstructure", 
        "pk": 10
    }, 
    {
        "fields": {
            "compounddatatype": 12, 
            "dataset": 14, 
            "num_rows": 3
        }, 
        "model": "librarian.datasetstructure", 
        "pk": 11
    }, 
    {
        "fields": {
            "compounddatatype": 17, 
            "dataset": 15, 
            "num_rows": 3
        }, 
        "model": "librarian.datasetstructure", 
        "pk": 12
    }, 
    {
        "fields": {
            "compounddatatype": 18, 
            "dataset": 16, 
            "num_rows": 3
        }, 
        "model": "librarian.datasetstructure", 
        "pk": 13
    }, 
    {
        "fields": {
            "compounddatatype": 18, 
            "dataset": 17, 
            "num_rows": 3
        }, 
        "model": "librarian.datasetstructure", 
        "pk": 14
    }, 
    {
        "fields": {
            "compounddatatype": 19, 
            "dataset": 18, 
            "num_rows": 1
        }, 
        "model": "librarian.datasetstructure", 
        "pk": 15
    }, 
    {
        "fields": {
            "generator": 4
        }, 
        "model": "librarian.execrecord", 
        "pk": 4
    }, 
    {
        "fields": {
            "dataset": 18, 
            "execrecord": 4, 
            "generic_input": 32
        }, 
        "model": "librarian.execrecordin", 
        "pk": 6
    }, 
    {
        "fields": {
            "dataset": 18, 
            "execrecord": 4, 
            "generic_output": 29
        }, 
        "model": "librarian.execrecordout", 
        "pk": 1
    }, 
    {
        "fields": {
            "fill_colour": "", 
            "name": "", 
            "outputs_to_delete": [], 
            "pipeline": 4, 
            "step_num": 1, 
            "transformation": 2, 
            "x": 0.0, 
            "y": 0.0
        }, 
        "model": "pipeline.pipelinestep", 
        "pk": 1
    }, 
    {
        "fields": {
            "fill_colour": "", 
            "name": "", 
            "outputs_to_delete": [], 
            "pipeline": 5, 
            "step_num": 1, 
            "transformation": 1, 
            "x": 0.0, 
            "y": 0.0
        }, 
        "model": "pipeline.pipelinestep", 
        "pk": 2
    }, 
    {
        "fields": {
            "fill_colour": "", 
            "name": "", 
            "outputs_to_delete": [], 
            "pipeline": 5, 
            "step_num": 2, 
            "transformation": 4, 
            "x": 0.0, 
            "y": 0.0
        }, 
        "model": "pipeline.pipelinestep", 
        "pk": 3
    }, 
    {
        "fields": {
            "fill_colour": "", 
            "name": "", 
            "outputs_to_delete": [], 
            "pipeline": 5, 
            "step_num": 3, 
            "transformation": 3, 
            "x": 0.0, 
            "y": 0.0
        }, 
        "model": "pipeline.pipelinestep", 
        "pk": 4
    }, 
    {
        "fields": {
            "fill_colour": "", 
            "name": "", 
            "outputs_to_delete": [], 
            "pipeline": 9, 
            "step_num": 1, 
            "transformation": 6, 
            "x": 0.0, 
            "y": 0.0
        }, 
        "model": "pipeline.pipelinestep", 
        "pk": 5
    }, 
    {
        "fields": {
            "fill_colour": "", 
            "name": "", 
            "outputs_to_delete": [], 
            "pipeline": 9, 
            "step_num": 2, 
            "transformation": 6, 
            "x": 0.0, 
            "y": 0.0
        }, 
        "model": "pipeline.pipelinestep", 
        "pk": 6
    }, 
    {
        "fields": {
            "fill_colour": "", 
            "name": "", 
            "outputs_to_delete": [], 
            "pipeline": 10, 
            "step_num": 1, 
            "transformation": 9, 
            "x": 0.0, 
            "y": 0.0
        }, 
        "model": "pipeline.pipelinestep", 
        "pk": 7
    }, 
    {
        "fields": {
            "fill_colour": "", 
            "name": "", 
            "outputs_to_delete": [], 
            "pipeline": 10, 
            "step_num": 2, 
            "transformation": 9, 
            "x": 0.0, 
            "y": 0.0
        }, 
        "model": "pipeline.pipelinestep", 
        "pk": 8
    }, 
    {
        "fields": {
            "fill_colour": "", 
            "name": "", 
            "outputs_to_delete": [], 
            "pipeline": 11, 
            "step_num": 1, 
            "transformation": 10, 
            "x": 0.0, 
            "y": 0.0
        }, 
        "model": "pipeline.pipelinestep", 
        "pk": 9
    }, 
    {
        "fields": {
            "fill_colour": "", 
            "name": "", 
            "outputs_to_delete": [], 
            "pipeline": 11, 
            "step_num": 2, 
            "transformation": 10, 
            "x": 0.0, 
            "y": 0.0
        }, 
        "model": "pipeline.pipelinestep", 
        "pk": 10
    }, 
    {
        "fields": {
            "fill_colour": "", 
            "name": "", 
            "outputs_to_delete": [], 
            "pipeline": 11, 
            "step_num": 3, 
            "transformation": 10, 
            "x": 0.0, 
            "y": 0.0
        }, 
        "model": "pipeline.pipelinestep", 
        "pk": 11
    }, 
    {
        "fields": {}, 
        "model": "pipeline.pipelinecable", 
        "pk": 1
    }, 
    {
        "fields": {}, 
        "model": "pipeline.pipelinecable", 
        "pk": 2
    }, 
    {
        "fields": {}, 
        "model": "pipeline.pipelinecable", 
        "pk": 3
    }, 
    {
        "fields": {}, 
        "model": "pipeline.pipelinecable", 
        "pk": 4
    }, 
    {
        "fields": {}, 
        "model": "pipeline.pipelinecable", 
        "pk": 5
    }, 
    {
        "fields": {}, 
        "model": "pipeline.pipelinecable", 
        "pk": 6
    }, 
    {
        "fields": {}, 
        "model": "pipeline.pipelinecable", 
        "pk": 7
    }, 
    {
        "fields": {}, 
        "model": "pipeline.pipelinecable", 
        "pk": 8
    }, 
    {
        "fields": {}, 
        "model": "pipeline.pipelinecable", 
        "pk": 9
    }, 
    {
        "fields": {}, 
        "model": "pipeline.pipelinecable", 
        "pk": 10
    }, 
    {
        "fields": {}, 
        "model": "pipeline.pipelinecable", 
        "pk": 11
    }, 
    {
        "fields": {}, 
        "model": "pipeline.pipelinecable", 
        "pk": 12
    }, 
    {
        "fields": {}, 
        "model": "pipeline.pipelinecable", 
        "pk": 13
    }, 
    {
        "fields": {}, 
        "model": "pipeline.pipelinecable", 
        "pk": 14
    }, 
    {
        "fields": {}, 
        "model": "pipeline.pipelinecable", 
        "pk": 15
    }, 
    {
        "fields": {}, 
        "model": "pipeline.pipelinecable", 
        "pk": 16
    }, 
    {
        "fields": {}, 
        "model": "pipeline.pipelinecable", 
        "pk": 17
    }, 
    {
        "fields": {}, 
        "model": "pipeline.pipelinecable", 
        "pk": 18
    }, 
    {
        "fields": {}, 
        "model": "pipeline.pipelinecable", 
        "pk": 19
    }, 
    {
        "fields": {}, 
        "model": "pipeline.pipelinecable", 
        "pk": 20
    }, 
    {
        "fields": {}, 
        "model": "pipeline.pipelinecable", 
        "pk": 21
    }, 
    {
        "fields": {
            "dest": 3, 
            "keep_output": false, 
            "pipelinestep": 1, 
            "source": 11, 
            "source_step": 0
        }, 
        "model": "pipeline.pipelinestepinputcable", 
        "pk": 1
    }, 
    {
        "fields": {
            "dest": 4, 
            "keep_output": false, 
            "pipelinestep": 1, 
            "source": 12, 
            "source_step": 0
        }, 
        "model": "pipeline.pipelinestepinputcable", 
        "pk": 2
    }, 
    {
        "fields": {
            "dest": 1, 
            "keep_output": false, 
            "pipelinestep": 2, 
            "source": 15, 
            "source_step": 0
        }, 
        "model": "pipeline.pipelinestepinputcable", 
        "pk": 4
    }, 
    {
        "fields": {
            "dest": 11, 
            "keep_output": false, 
            "pipelinestep": 3, 
            "source": 13, 
            "source_step": 0
        }, 
        "model": "pipeline.pipelinestepinputcable", 
        "pk": 5
    }, 
    {
        "fields": {
            "dest": 12, 
            "keep_output": false, 
            "pipelinestep": 3, 
            "source": 14, 
            "source_step": 0
        }, 
        "model": "pipeline.pipelinestepinputcable", 
        "pk": 6
    }, 
    {
        "fields": {
            "dest": 7, 
            "keep_output": false, 
            "pipelinestep": 4, 
            "source": 2, 
            "source_step": 1
        }, 
        "model": "pipeline.pipelinestepinputcable", 
        "pk": 7
    }, 
    {
        "fields": {
            "dest": 6, 
            "keep_output": false, 
            "pipelinestep": 4, 
            "source": 16, 
            "source_step": 2
        }, 
        "model": "pipeline.pipelinestepinputcable", 
        "pk": 8
    }, 
    {
        "fields": {
            "dest": 20, 
            "keep_output": false, 
            "pipelinestep": 5, 
            "source": 26, 
            "source_step": 0
        }, 
        "model": "pipeline.pipelinestepinputcable", 
        "pk": 12
    }, 
    {
        "fields": {
            "dest": 20, 
            "keep_output": false, 
            "pipelinestep": 6, 
            "source": 21, 
            "source_step": 1
        }, 
        "model": "pipeline.pipelinestepinputcable", 
        "pk": 13
    }, 
    {
        "fields": {
            "dest": 26, 
            "keep_output": false, 
            "pipelinestep": 7, 
            "source": 29, 
            "source_step": 0
        }, 
        "model": "pipeline.pipelinestepinputcable", 
        "pk": 15
    }, 
    {
        "fields": {
            "dest": 26, 
            "keep_output": false, 
            "pipelinestep": 8, 
            "source": 28, 
            "source_step": 1
        }, 
        "model": "pipeline.pipelinestepinputcable", 
        "pk": 16
    }, 
    {
        "fields": {
            "dest": 29, 
            "keep_output": false, 
            "pipelinestep": 9, 
            "source": 32, 
            "source_step": 0
        }, 
        "model": "pipeline.pipelinestepinputcable", 
        "pk": 18
    }, 
    {
        "fields": {
            "dest": 29, 
            "keep_output": false, 
            "pipelinestep": 10, 
            "source": 31, 
            "source_step": 1
        }, 
        "model": "pipeline.pipelinestepinputcable", 
        "pk": 19
    }, 
    {
        "fields": {
            "dest": 29, 
            "keep_output": false, 
            "pipelinestep": 11, 
            "source": 31, 
            "source_step": 2
        }, 
        "model": "pipeline.pipelinestepinputcable", 
        "pk": 20
    }, 
    {
        "fields": {
            "cable": 5, 
            "dest_pin": 21, 
            "source_pin": 23
        }, 
        "model": "pipeline.customcablewire", 
        "pk": 1
    }, 
    {
        "fields": {
            "cable": 5, 
            "dest_pin": 20, 
            "source_pin": 25
        }, 
        "model": "pipeline.customcablewire", 
        "pk": 2
    }, 
    {
        "fields": {
            "cable": 7, 
            "dest_pin": 21, 
            "source_pin": 20
        }, 
        "model": "pipeline.customcablewire", 
        "pk": 3
    }, 
    {
        "fields": {
            "cable": 7, 
            "dest_pin": 20, 
            "source_pin": 21
        }, 
        "model": "pipeline.customcablewire", 
        "pk": 4
    }, 
    {
        "fields": {
            "cable": 9, 
            "dest_pin": 21, 
            "source_pin": 24
        }, 
        "model": "pipeline.customcablewire", 
        "pk": 5
    }, 
    {
        "fields": {
            "cable": 9, 
            "dest_pin": 20, 
            "source_pin": 25
        }, 
        "model": "pipeline.customcablewire", 
        "pk": 6
    }, 
    {
        "fields": {
            "output_cdt": 14, 
            "output_idx": 1, 
            "output_name": "D1_out", 
            "pipeline": 4, 
            "source": 5, 
            "source_step": 1
        }, 
        "model": "pipeline.pipelineoutputcable", 
        "pk": 3
    }, 
    {
        "fields": {
            "output_cdt": 12, 
            "output_idx": 1, 
            "output_name": "E1_out", 
            "pipeline": 5, 
            "source": 16, 
            "source_step": 2
        }, 
        "model": "pipeline.pipelineoutputcable", 
        "pk": 9
    }, 
    {
        "fields": {
            "output_cdt": 13, 
            "output_idx": 2, 
            "output_name": "E2_out", 
            "pipeline": 5, 
            "source": 8, 
            "source_step": 3
        }, 
        "model": "pipeline.pipelineoutputcable", 
        "pk": 10
    }, 
    {
        "fields": {
            "output_cdt": null, 
            "output_idx": 3, 
            "output_name": "E3_rawout", 
            "pipeline": 5, 
            "source": 10, 
            "source_step": 3
        }, 
        "model": "pipeline.pipelineoutputcable", 
        "pk": 11
    }, 
    {
        "fields": {
            "output_cdt": 19, 
            "output_idx": 1, 
            "output_name": "basic_out", 
            "pipeline": 9, 
            "source": 21, 
            "source_step": 2
        }, 
        "model": "pipeline.pipelineoutputcable", 
        "pk": 14
    }, 
    {
        "fields": {
            "output_cdt": 19, 
            "output_idx": 1, 
            "output_name": "sub_out", 
            "pipeline": 10, 
            "source": 28, 
            "source_step": 2
        }, 
        "model": "pipeline.pipelineoutputcable", 
        "pk": 17
    }, 
    {
        "fields": {
            "output_cdt": 19, 
            "output_idx": 1, 
            "output_name": "top_out", 
            "pipeline": 11, 
            "source": 31, 
            "source_step": 3
        }, 
        "model": "pipeline.pipelineoutputcable", 
        "pk": 21
    }, 
    {
        "fields": {
            "x": 0.0, 
            "y": 0.0
        }, 
        "model": "transformation.transformationxput", 
        "pk": 1
    }, 
    {
        "fields": {
            "x": 0.0, 
            "y": 0.0
        }, 
        "model": "transformation.transformationxput", 
        "pk": 2
    }, 
    {
        "fields": {
            "x": 0.0, 
            "y": 0.0
        }, 
        "model": "transformation.transformationxput", 
        "pk": 3
    }, 
    {
        "fields": {
            "x": 0.0, 
            "y": 0.0
        }, 
        "model": "transformation.transformationxput", 
        "pk": 4
    }, 
    {
        "fields": {
            "x": 0.0, 
            "y": 0.0
        }, 
        "model": "transformation.transformationxput", 
        "pk": 5
    }, 
    {
        "fields": {
            "x": 0.0, 
            "y": 0.0
        }, 
        "model": "transformation.transformationxput", 
        "pk": 6
    }, 
    {
        "fields": {
            "x": 0.0, 
            "y": 0.0
        }, 
        "model": "transformation.transformationxput", 
        "pk": 7
    }, 
    {
        "fields": {
            "x": 0.0, 
            "y": 0.0
        }, 
        "model": "transformation.transformationxput", 
        "pk": 8
    }, 
    {
        "fields": {
            "x": 0.0, 
            "y": 0.0
        }, 
        "model": "transformation.transformationxput", 
        "pk": 9
    }, 
    {
        "fields": {
            "x": 0.0, 
            "y": 0.0
        }, 
        "model": "transformation.transformationxput", 
        "pk": 10
    }, 
    {
        "fields": {
            "x": 0.0, 
            "y": 0.0
        }, 
        "model": "transformation.transformationxput", 
        "pk": 11
    }, 
    {
        "fields": {
            "x": 0.0, 
            "y": 0.0
        }, 
        "model": "transformation.transformationxput", 
        "pk": 12
    }, 
    {
        "fields": {
            "x": 0.0, 
            "y": 0.0
        }, 
        "model": "transformation.transformationxput", 
        "pk": 13
    }, 
    {
        "fields": {
            "x": 0.0, 
            "y": 0.0
        }, 
        "model": "transformation.transformationxput", 
        "pk": 14
    }, 
    {
        "fields": {
            "x": 0.0, 
            "y": 0.0
        }, 
        "model": "transformation.transformationxput", 
        "pk": 15
    }, 
    {
        "fields": {
            "x": 0.0, 
            "y": 0.0
        }, 
        "model": "transformation.transformationxput", 
        "pk": 16
    }, 
    {
        "fields": {
            "x": 0.0, 
            "y": 0.0
        }, 
        "model": "transformation.transformationxput", 
        "pk": 17
    }, 
    {
        "fields": {
            "x": 0.0, 
            "y": 0.0
        }, 
        "model": "transformation.transformationxput", 
        "pk": 18
    }, 
    {
        "fields": {
            "x": 0.0, 
            "y": 0.0
        }, 
        "model": "transformation.transformationxput", 
        "pk": 19
    }, 
    {
        "fields": {
            "x": 0.0, 
            "y": 0.0
        }, 
        "model": "transformation.transformationxput", 
        "pk": 20
    }, 
    {
        "fields": {
            "x": 0.0, 
            "y": 0.0
        }, 
        "model": "transformation.transformationxput", 
        "pk": 21
    }, 
    {
        "fields": {
            "x": 0.0, 
            "y": 0.0
        }, 
        "model": "transformation.transformationxput", 
        "pk": 22
    }, 
    {
        "fields": {
            "x": 0.0, 
            "y": 0.0
        }, 
        "model": "transformation.transformationxput", 
        "pk": 23
    }, 
    {
        "fields": {
            "x": 0.0, 
            "y": 0.0
        }, 
        "model": "transformation.transformationxput", 
        "pk": 24
    }, 
    {
        "fields": {
            "x": 0.0, 
            "y": 0.0
        }, 
        "model": "transformation.transformationxput", 
        "pk": 25
    }, 
    {
        "fields": {
            "x": 0.0, 
            "y": 0.0
        }, 
        "model": "transformation.transformationxput", 
        "pk": 26
    }, 
    {
        "fields": {
            "x": 0.0, 
            "y": 0.0
        }, 
        "model": "transformation.transformationxput", 
        "pk": 28
    }, 
    {
        "fields": {
            "x": 0.0, 
            "y": 0.0
        }, 
        "model": "transformation.transformationxput", 
        "pk": 29
    }, 
    {
        "fields": {
            "x": 0.0, 
            "y": 0.0
        }, 
        "model": "transformation.transformationxput", 
        "pk": 31
    }, 
    {
        "fields": {
            "x": 0.0, 
            "y": 0.0
        }, 
        "model": "transformation.transformationxput", 
        "pk": 32
    }, 
    {
        "fields": {
            "x": 0.0, 
            "y": 0.0
        }, 
        "model": "transformation.transformationxput", 
        "pk": 34
    }, 
    {
        "fields": {
            "compounddatatype": 12, 
            "max_row": null, 
            "min_row": null, 
            "transf_xput": 2
        }, 
        "model": "transformation.xputstructure", 
        "pk": 1
    }, 
    {
        "fields": {
            "compounddatatype": 12, 
            "max_row": null, 
            "min_row": null, 
            "transf_xput": 3
        }, 
        "model": "transformation.xputstructure", 
        "pk": 2
    }, 
    {
        "fields": {
            "compounddatatype": 13, 
            "max_row": null, 
            "min_row": null, 
            "transf_xput": 4
        }, 
        "model": "transformation.xputstructure", 
        "pk": 3
    }, 
    {
        "fields": {
            "compounddatatype": 14, 
            "max_row": 5, 
            "min_row": null, 
            "transf_xput": 5
        }, 
        "model": "transformation.xputstructure", 
        "pk": 4
    }, 
    {
        "fields": {
            "compounddatatype": 14, 
            "max_row": null, 
            "min_row": null, 
            "transf_xput": 6
        }, 
        "model": "transformation.xputstructure", 
        "pk": 5
    }, 
    {
        "fields": {
            "compounddatatype": 12, 
            "max_row": null, 
            "min_row": null, 
            "transf_xput": 7
        }, 
        "model": "transformation.xputstructure", 
        "pk": 6
    }, 
    {
        "fields": {
            "compounddatatype": 13, 
            "max_row": null, 
            "min_row": null, 
            "transf_xput": 8
        }, 
        "model": "transformation.xputstructure", 
        "pk": 7
    }, 
    {
        "fields": {
            "compounddatatype": 12, 
            "max_row": null, 
            "min_row": null, 
            "transf_xput": 11
        }, 
        "model": "transformation.xputstructure", 
        "pk": 8
    }, 
    {
        "fields": {
            "compounddatatype": 13, 
            "max_row": null, 
            "min_row": null, 
            "transf_xput": 12
        }, 
        "model": "transformation.xputstructure", 
        "pk": 9
    }, 
    {
        "fields": {
            "compounddatatype": 14, 
            "max_row": null, 
            "min_row": null, 
            "transf_xput": 13
        }, 
        "model": "transformation.xputstructure", 
        "pk": 10
    }, 
    {
        "fields": {
            "compounddatatype": 13, 
            "max_row": null, 
            "min_row": 10, 
            "transf_xput": 14
        }, 
        "model": "transformation.xputstructure", 
        "pk": 11
    }, 
    {
        "fields": {
            "compounddatatype": 14, 
            "max_row": 5, 
            "min_row": null, 
            "transf_xput": 16
        }, 
        "model": "transformation.xputstructure", 
        "pk": 12
    }, 
    {
        "fields": {
            "compounddatatype": 12, 
            "max_row": 5, 
            "min_row": null, 
            "transf_xput": 17
        }, 
        "model": "transformation.xputstructure", 
        "pk": 13
    }, 
    {
        "fields": {
            "compounddatatype": 13, 
            "max_row": null, 
            "min_row": null, 
            "transf_xput": 18
        }, 
        "model": "transformation.xputstructure", 
        "pk": 14
    }, 
    {
        "fields": {
            "compounddatatype": 19, 
            "max_row": null, 
            "min_row": null, 
            "transf_xput": 20
        }, 
        "model": "transformation.xputstructure", 
        "pk": 15
    }, 
    {
        "fields": {
            "compounddatatype": 19, 
            "max_row": null, 
            "min_row": null, 
            "transf_xput": 21
        }, 
        "model": "transformation.xputstructure", 
        "pk": 16
    }, 
    {
        "fields": {
            "compounddatatype": 19, 
            "max_row": null, 
            "min_row": null, 
            "transf_xput": 22
        }, 
        "model": "transformation.xputstructure", 
        "pk": 17
    }, 
    {
        "fields": {
            "compounddatatype": 19, 
            "max_row": null, 
            "min_row": null, 
            "transf_xput": 23
        }, 
        "model": "transformation.xputstructure", 
        "pk": 18
    }, 
    {
        "fields": {
            "compounddatatype": 19, 
            "max_row": null, 
            "min_row": null, 
            "transf_xput": 26
        }, 
        "model": "transformation.xputstructure", 
        "pk": 19
    }, 
    {
        "fields": {
            "compounddatatype": 19, 
            "max_row": null, 
            "min_row": null, 
            "transf_xput": 28
        }, 
        "model": "transformation.xputstructure", 
        "pk": 21
    }, 
    {
        "fields": {
            "compounddatatype": 19, 
            "max_row": null, 
            "min_row": null, 
            "transf_xput": 29
        }, 
        "model": "transformation.xputstructure", 
        "pk": 22
    }, 
    {
        "fields": {
            "compounddatatype": 19, 
            "max_row": null, 
            "min_row": null, 
            "transf_xput": 31
        }, 
        "model": "transformation.xputstructure", 
        "pk": 24
    }, 
    {
        "fields": {
            "compounddatatype": 19, 
            "max_row": null, 
            "min_row": null, 
            "transf_xput": 32
        }, 
        "model": "transformation.xputstructure", 
        "pk": 25
    }, 
    {
        "fields": {
            "compounddatatype": 19, 
            "max_row": null, 
            "min_row": null, 
            "transf_xput": 34
        }, 
        "model": "transformation.xputstructure", 
        "pk": 27
    }, 
    {
        "fields": {
            "dataset_idx": 1, 
            "dataset_name": "A1_rawin", 
            "transformation": 1
        }, 
        "model": "transformation.transformationinput", 
        "pk": 1
    }, 
    {
        "fields": {
            "dataset_idx": 1, 
            "dataset_name": "B1_in", 
            "transformation": 2
        }, 
        "model": "transformation.transformationinput", 
        "pk": 3
    }, 
    {
        "fields": {
            "dataset_idx": 2, 
            "dataset_name": "B2_in", 
            "transformation": 2
        }, 
        "model": "transformation.transformationinput", 
        "pk": 4
    }, 
    {
        "fields": {
            "dataset_idx": 1, 
            "dataset_name": "C1_in", 
            "transformation": 3
        }, 
        "model": "transformation.transformationinput", 
        "pk": 6
    }, 
    {
        "fields": {
            "dataset_idx": 2, 
            "dataset_name": "C2_in", 
            "transformation": 3
        }, 
        "model": "transformation.transformationinput", 
        "pk": 7
    }, 
    {
        "fields": {
            "dataset_idx": 1, 
            "dataset_name": "D1_in", 
            "transformation": 4
        }, 
        "model": "transformation.transformationinput", 
        "pk": 11
    }, 
    {
        "fields": {
            "dataset_idx": 2, 
            "dataset_name": "D2_in", 
            "transformation": 4
        }, 
        "model": "transformation.transformationinput", 
        "pk": 12
    }, 
    {
        "fields": {
            "dataset_idx": 1, 
            "dataset_name": "E1_in", 
            "transformation": 5
        }, 
        "model": "transformation.transformationinput", 
        "pk": 13
    }, 
    {
        "fields": {
            "dataset_idx": 2, 
            "dataset_name": "E2_in", 
            "transformation": 5
        }, 
        "model": "transformation.transformationinput", 
        "pk": 14
    }, 
    {
        "fields": {
            "dataset_idx": 3, 
            "dataset_name": "E3_rawin", 
            "transformation": 5
        }, 
        "model": "transformation.transformationinput", 
        "pk": 15
    }, 
    {
        "fields": {
            "dataset_idx": 1, 
            "dataset_name": "strings", 
            "transformation": 6
        }, 
        "model": "transformation.transformationinput", 
        "pk": 20
    }, 
    {
        "fields": {
            "dataset_idx": 1, 
            "dataset_name": "strings", 
            "transformation": 7
        }, 
        "model": "transformation.transformationinput", 
        "pk": 22
    }, 
    {
        "fields": {
            "dataset_idx": 1, 
            "dataset_name": "raw", 
            "transformation": 8
        }, 
        "model": "transformation.transformationinput", 
        "pk": 24
    }, 
    {
        "fields": {
            "dataset_idx": 1, 
            "dataset_name": "basic_in", 
            "transformation": 9
        }, 
        "model": "transformation.transformationinput", 
        "pk": 26
    }, 
    {
        "fields": {
            "dataset_idx": 1, 
            "dataset_name": "sub_in", 
            "transformation": 10
        }, 
        "model": "transformation.transformationinput", 
        "pk": 29
    }, 
    {
        "fields": {
            "dataset_idx": 1, 
            "dataset_name": "top_in", 
            "transformation": 11
        }, 
        "model": "transformation.transformationinput", 
        "pk": 32
    }, 
    {
        "fields": {
            "dataset_idx": 1, 
            "dataset_name": "A1_out", 
            "transformation": 1
        }, 
        "model": "transformation.transformationoutput", 
        "pk": 2
    }, 
    {
        "fields": {
            "dataset_idx": 1, 
            "dataset_name": "B1_out", 
            "transformation": 2
        }, 
        "model": "transformation.transformationoutput", 
        "pk": 5
    }, 
    {
        "fields": {
            "dataset_idx": 1, 
            "dataset_name": "C1_out", 
            "transformation": 3
        }, 
        "model": "transformation.transformationoutput", 
        "pk": 8
    }, 
    {
        "fields": {
            "dataset_idx": 2, 
            "dataset_name": "C2_rawout", 
            "transformation": 3
        }, 
        "model": "transformation.transformationoutput", 
        "pk": 9
    }, 
    {
        "fields": {
            "dataset_idx": 3, 
            "dataset_name": "C3_rawout", 
            "transformation": 3
        }, 
        "model": "transformation.transformationoutput", 
        "pk": 10
    }, 
    {
        "fields": {
            "dataset_idx": 1, 
            "dataset_name": "D1_out", 
            "transformation": 4
        }, 
        "model": "transformation.transformationoutput", 
        "pk": 16
    }, 
    {
        "fields": {
            "dataset_idx": 1, 
            "dataset_name": "E1_out", 
            "transformation": 5
        }, 
        "model": "transformation.transformationoutput", 
        "pk": 17
    }, 
    {
        "fields": {
            "dataset_idx": 2, 
            "dataset_name": "E2_out", 
            "transformation": 5
        }, 
        "model": "transformation.transformationoutput", 
        "pk": 18
    }, 
    {
        "fields": {
            "dataset_idx": 3, 
            "dataset_name": "E3_rawout", 
            "transformation": 5
        }, 
        "model": "transformation.transformationoutput", 
        "pk": 19
    }, 
    {
        "fields": {
            "dataset_idx": 1, 
            "dataset_name": "same_strings", 
            "transformation": 6
        }, 
        "model": "transformation.transformationoutput", 
        "pk": 21
    }, 
    {
        "fields": {
            "dataset_idx": 1, 
            "dataset_name": "untouched_strings", 
            "transformation": 7
        }, 
        "model": "transformation.transformationoutput", 
        "pk": 23
    }, 
    {
        "fields": {
            "dataset_idx": 1, 
            "dataset_name": "same_raw", 
            "transformation": 8
        }, 
        "model": "transformation.transformationoutput", 
        "pk": 25
    }, 
    {
        "fields": {
            "dataset_idx": 1, 
            "dataset_name": "basic_out", 
            "transformation": 9
        }, 
        "model": "transformation.transformationoutput", 
        "pk": 28
    }, 
    {
        "fields": {
            "dataset_idx": 1, 
            "dataset_name": "sub_out", 
            "transformation": 10
        }, 
        "model": "transformation.transformationoutput", 
        "pk": 31
    }, 
    {
        "fields": {
            "dataset_idx": 1, 
            "dataset_name": "top_out", 
            "transformation": 11
        }, 
        "model": "transformation.transformationoutput", 
        "pk": 34
    }, 
    {
        "fields": {
            "date_joined": "2000-01-01T00:00:00Z", 
            "email": "lennon@thebeatles.com", 
            "first_name": "", 
            "groups": [
                1
            ], 
            "is_active": true, 
            "is_staff": false, 
            "is_superuser": false, 
            "last_login": "2000-01-01T00:00:00Z", 
            "last_name": "", 
            "password": "pbkdf2_sha256$15000$UXtyZDzA4Bx1$Qga50tmsSXHsxx2rIe26+18ngnZ0FXSrHBVOsNH5SVE=", 
            "user_permissions": [], 
            "username": "john"
        }, 
        "model": "auth.user", 
        "pk": 2
    }, 
    {
        "fields": {
            "date_joined": "2000-01-01T00:00:00Z", 
            "email": "starr@thebeatles.com", 
            "first_name": "", 
            "groups": [], 
            "is_active": true, 
            "is_staff": false, 
            "is_superuser": false, 
            "last_login": "2000-01-01T00:00:00Z", 
            "last_name": "", 
            "password": "pbkdf2_sha256$15000$fxpBT8HtGiXL$0BwDvv+pxT/NF9LJrqN4koSphsCI4tEdgaUXi4wB+e4=", 
            "user_permissions": [], 
            "username": "ringo"
        }, 
        "model": "auth.user", 
        "pk": 3
    }, 
    {
        "fields": {
            "date_joined": "2000-01-01T00:00:02Z", 
            "email": "bob@talabs.com", 
            "first_name": "", 
            "groups": [
                1
            ], 
            "is_active": true, 
            "is_staff": false, 
            "is_superuser": false, 
            "last_login": "2000-01-01T00:00:02Z", 
            "last_name": "", 
            "password": "pbkdf2_sha256$15000$juPz8nOiNEeU$egjNs2FnPXQf4zfgVun3F2hTKa4VSnxmctvmnGWYZxA=", 
            "user_permissions": [], 
            "username": "bob"
        }, 
        "model": "auth.user", 
        "pk": 4
    }, 
    {
        "fields": {
            "date_created": "2000-01-01T00:00:00Z", 
            "description": "String consisting of ACGTacgt", 
            "groups_allowed": [
                1
            ], 
            "name": "DNANucSeq", 
            "prototype": null, 
            "restricts": [
                1
            ], 
            "user": 2, 
            "users_allowed": []
        }, 
        "model": "metadata.datatype", 
        "pk": 8
    }, 
    {
        "fields": {
            "date_created": "2000-01-01T00:00:00Z", 
            "description": "String consisting of ACGUacgu", 
            "groups_allowed": [
                1
            ], 
            "name": "RNANucSeq", 
            "prototype": null, 
            "restricts": [
                1
            ], 
            "user": 2, 
            "users_allowed": []
        }, 
        "model": "metadata.datatype", 
        "pk": 9
    }, 
    {
        "fields": {
            "date_created": "2000-01-01T00:00:03Z", 
            "description": "sequences of ASCII characters", 
            "groups_allowed": [
                1
            ], 
            "name": "my_string", 
            "prototype": null, 
            "restricts": [
                1
            ], 
            "user": 4, 
            "users_allowed": []
        }, 
        "model": "metadata.datatype", 
        "pk": 10
    }, 
    {
        "fields": {
            "groups_allowed": [
                1
            ], 
            "user": 2, 
            "users_allowed": []
        }, 
        "model": "metadata.compounddatatype", 
        "pk": 5
    }, 
    {
        "fields": {
            "groups_allowed": [], 
            "user": 2, 
            "users_allowed": [
                3
            ]
        }, 
        "model": "metadata.compounddatatype", 
        "pk": 6
    }, 
    {
        "fields": {
            "groups_allowed": [
                1
            ], 
            "user": 2, 
            "users_allowed": []
        }, 
        "model": "metadata.compounddatatype", 
        "pk": 7
    }, 
    {
        "fields": {
            "groups_allowed": [
                1
            ], 
            "user": 2, 
            "users_allowed": []
        }, 
        "model": "metadata.compounddatatype", 
        "pk": 8
    }, 
    {
        "fields": {
            "groups_allowed": [
                1
            ], 
            "user": 2, 
            "users_allowed": []
        }, 
        "model": "metadata.compounddatatype", 
        "pk": 9
    }, 
    {
        "fields": {
            "groups_allowed": [
                1
            ], 
            "user": 2, 
            "users_allowed": []
        }, 
        "model": "metadata.compounddatatype", 
        "pk": 10
    }, 
    {
        "fields": {
            "groups_allowed": [
                1
            ], 
            "user": 2, 
            "users_allowed": []
        }, 
        "model": "metadata.compounddatatype", 
        "pk": 11
    }, 
    {
        "fields": {
            "groups_allowed": [
                1
            ], 
            "user": 2, 
            "users_allowed": []
        }, 
        "model": "metadata.compounddatatype", 
        "pk": 12
    }, 
    {
        "fields": {
            "groups_allowed": [
                1
            ], 
            "user": 2, 
            "users_allowed": []
        }, 
        "model": "metadata.compounddatatype", 
        "pk": 13
    }, 
    {
        "fields": {
            "groups_allowed": [
                1
            ], 
            "user": 2, 
            "users_allowed": []
        }, 
        "model": "metadata.compounddatatype", 
        "pk": 14
    }, 
    {
        "fields": {
            "groups_allowed": [
                1
            ], 
            "user": 2, 
            "users_allowed": []
        }, 
        "model": "metadata.compounddatatype", 
        "pk": 15
    }, 
    {
        "fields": {
            "groups_allowed": [
                1
            ], 
            "user": 2, 
            "users_allowed": []
        }, 
        "model": "metadata.compounddatatype", 
        "pk": 16
    }, 
    {
        "fields": {
            "groups_allowed": [
                1
            ], 
            "user": 2, 
            "users_allowed": []
        }, 
        "model": "metadata.compounddatatype", 
        "pk": 17
    }, 
    {
        "fields": {
            "groups_allowed": [
                1
            ], 
            "user": 2, 
            "users_allowed": []
        }, 
        "model": "metadata.compounddatatype", 
        "pk": 18
    }, 
    {
        "fields": {
            "groups_allowed": [
                1
            ], 
            "user": 4, 
            "users_allowed": []
        }, 
        "model": "metadata.compounddatatype", 
        "pk": 19
    }, 
    {
        "fields": {
            "_complete": false, 
            "_successful": true, 
            "description": "", 
            "end_time": null, 
            "groups_allowed": [
                1
            ], 
            "name": "", 
            "parent_runstep": null, 
            "paused_by": null, 
            "pipeline": 11, 
            "purged": false, 
            "sandbox_path": "/Users/rliang/Documents/Research/Copperfish/copperfish/kive/Sandboxes/userbob_run6_zFjp71", 
            "start_time": "2000-01-01T00:00:08Z", 
            "stopped_by": null, 
            "time_queued": "2016-01-22T00:26:35.926Z", 
            "user": 4, 
            "users_allowed": []
        }, 
        "model": "archive.run", 
        "pk": 6
    }, 
    {
        "fields": {
            "_complete": null, 
            "_successful": null, 
            "description": "", 
            "end_time": null, 
            "groups_allowed": [
                1
            ], 
            "name": "", 
            "parent_runstep": 4, 
            "paused_by": null, 
            "pipeline": 10, 
            "purged": false, 
            "sandbox_path": "", 
            "start_time": "2000-01-01T00:00:10Z", 
            "stopped_by": null, 
            "time_queued": "2016-01-22T00:26:39.287Z", 
            "user": 4, 
            "users_allowed": []
        }, 
        "model": "archive.run", 
        "pk": 7
    }, 
    {
        "fields": {
            "_complete": null, 
            "_successful": null, 
            "description": "", 
            "end_time": null, 
            "groups_allowed": [
                1
            ], 
            "name": "", 
            "parent_runstep": 5, 
            "paused_by": null, 
            "pipeline": 9, 
            "purged": false, 
            "sandbox_path": "", 
            "start_time": null, 
            "stopped_by": null, 
            "time_queued": "2016-01-22T00:26:39.319Z", 
            "user": 4, 
            "users_allowed": []
        }, 
        "model": "archive.run", 
        "pk": 8
    }, 
    {
        "fields": {
            "_complete": null, 
            "_successful": null, 
            "description": "", 
            "end_time": null, 
            "groups_allowed": [
                1
            ], 
            "name": "", 
            "parent_runstep": 8, 
            "paused_by": null, 
            "pipeline": 9, 
            "purged": false, 
            "sandbox_path": "", 
            "start_time": null, 
            "stopped_by": null, 
            "time_queued": "2016-01-22T00:26:39.365Z", 
            "user": 4, 
            "users_allowed": []
        }, 
        "model": "archive.run", 
        "pk": 9
    }, 
    {
        "fields": {
            "_complete": null, 
            "_successful": null, 
            "description": "", 
            "end_time": null, 
            "groups_allowed": [
                1
            ], 
            "name": "", 
            "parent_runstep": 11, 
            "paused_by": null, 
            "pipeline": 10, 
            "purged": false, 
            "sandbox_path": "", 
            "start_time": null, 
            "stopped_by": null, 
            "time_queued": "2016-01-22T00:26:39.412Z", 
            "user": 4, 
            "users_allowed": []
        }, 
        "model": "archive.run", 
        "pk": 10
    }, 
    {
        "fields": {
            "_complete": null, 
            "_successful": null, 
            "description": "", 
            "end_time": null, 
            "groups_allowed": [
                1
            ], 
            "name": "", 
            "parent_runstep": 12, 
            "paused_by": null, 
            "pipeline": 9, 
            "purged": false, 
            "sandbox_path": "", 
            "start_time": null, 
            "stopped_by": null, 
            "time_queued": "2016-01-22T00:26:39.431Z", 
            "user": 4, 
            "users_allowed": []
        }, 
        "model": "archive.run", 
        "pk": 11
    }, 
    {
        "fields": {
            "_complete": null, 
            "_successful": null, 
            "description": "", 
            "end_time": null, 
            "groups_allowed": [
                1
            ], 
            "name": "", 
            "parent_runstep": 15, 
            "paused_by": null, 
            "pipeline": 9, 
            "purged": false, 
            "sandbox_path": "", 
            "start_time": null, 
            "stopped_by": null, 
            "time_queued": "2016-01-22T00:26:39.477Z", 
            "user": 4, 
            "users_allowed": []
        }, 
        "model": "archive.run", 
        "pk": 12
    }, 
    {
        "fields": {
            "_complete": null, 
            "_successful": null, 
            "description": "", 
            "end_time": null, 
            "groups_allowed": [
                1
            ], 
            "name": "", 
            "parent_runstep": 18, 
            "paused_by": null, 
            "pipeline": 10, 
            "purged": false, 
            "sandbox_path": "", 
            "start_time": null, 
            "stopped_by": null, 
            "time_queued": "2016-01-22T00:26:39.528Z", 
            "user": 4, 
            "users_allowed": []
        }, 
        "model": "archive.run", 
        "pk": 13
    }, 
    {
        "fields": {
            "_complete": null, 
            "_successful": null, 
            "description": "", 
            "end_time": null, 
            "groups_allowed": [
                1
            ], 
            "name": "", 
            "parent_runstep": 19, 
            "paused_by": null, 
            "pipeline": 9, 
            "purged": false, 
            "sandbox_path": "", 
            "start_time": null, 
            "stopped_by": null, 
            "time_queued": "2016-01-22T00:26:39.547Z", 
            "user": 4, 
            "users_allowed": []
        }, 
        "model": "archive.run", 
        "pk": 14
    }, 
    {
        "fields": {
            "_complete": null, 
            "_successful": null, 
            "description": "", 
            "end_time": null, 
            "groups_allowed": [
                1
            ], 
            "name": "", 
            "parent_runstep": 22, 
            "paused_by": null, 
            "pipeline": 9, 
            "purged": false, 
            "sandbox_path": "", 
            "start_time": null, 
            "stopped_by": null, 
            "time_queued": "2016-01-22T00:26:39.603Z", 
            "user": 4, 
            "users_allowed": []
        }, 
        "model": "archive.run", 
        "pk": 15
    }, 
    {
        "fields": {
            "MD5_checksum": "ab7afe2f453d27fd168641a1f9271f26", 
            "_redacted": false, 
            "dataset_file": "Datasets/2016_01/step_0_triplet.csv", 
            "date_created": "2000-01-01T00:00:01Z", 
            "description": "lol", 
            "file_source": null, 
            "groups_allowed": [
                1
            ], 
            "name": "triplet", 
            "user": 2, 
            "users_allowed": []
        }, 
        "model": "librarian.dataset", 
        "pk": 1
    }, 
    {
        "fields": {
            "MD5_checksum": "02d5b66858d003b81ae3dc712b74e85c", 
            "_redacted": false, 
            "dataset_file": "Datasets/2016_01/doublet_cdt.csv", 
            "date_created": "2000-01-01T00:00:01Z", 
            "description": "lol", 
            "file_source": null, 
            "groups_allowed": [
                1
            ], 
            "name": "doublet", 
            "user": 2, 
            "users_allowed": []
        }, 
        "model": "librarian.dataset", 
        "pk": 2
    }, 
    {
        "fields": {
            "MD5_checksum": "29feb269edcac613d6eea432c14640bd", 
            "_redacted": false, 
            "dataset_file": "Datasets/2016_01/singlet_cdt_large.csv", 
            "date_created": "2000-01-01T00:00:01Z", 
            "description": "lol", 
            "file_source": null, 
            "groups_allowed": [
                1
            ], 
            "name": "singlet", 
            "user": 2, 
            "users_allowed": []
        }, 
        "model": "librarian.dataset", 
        "pk": 3
    }, 
    {
        "fields": {
            "MD5_checksum": "00fd50bfe7ac63e2165a442f4101e05c", 
            "_redacted": false, 
            "dataset_file": "Datasets/2016_01/step_0_singlet.csv", 
            "date_created": "2000-01-01T00:00:01Z", 
            "description": "lol", 
            "file_source": null, 
            "groups_allowed": [
                1
            ], 
            "name": "singlet", 
            "user": 2, 
            "users_allowed": []
        }, 
        "model": "librarian.dataset", 
        "pk": 4
    }, 
    {
        "fields": {
            "MD5_checksum": "7dc85e11b5c02e434af5bd3b3da9938e", 
            "_redacted": false, 
            "dataset_file": "Datasets/2016_01/step_0_raw.fasta", 
            "date_created": "2000-01-01T00:00:01Z", 
            "description": "lol", 
            "file_source": null, 
            "groups_allowed": [
                1
            ], 
            "name": "raw_DS", 
            "user": 2, 
            "users_allowed": []
        }, 
        "model": "librarian.dataset", 
        "pk": 5
    }, 
    {
        "fields": {
            "MD5_checksum": "542676b23e121d16db8d41ccdae65fd1", 
            "_redacted": false, 
            "dataset_file": "", 
            "date_created": "2000-01-01T00:00:01Z", 
            "description": "", 
            "file_source": null, 
            "groups_allowed": [
                1
            ], 
            "name": "D1_in_doublet", 
            "user": 2, 
            "users_allowed": []
        }, 
        "model": "librarian.dataset", 
        "pk": 6
    }, 
    {
        "fields": {
            "MD5_checksum": "56f9e5585b9d699829e2fda931d944f8", 
            "_redacted": false, 
            "dataset_file": "Datasets/2016_01/C1_in_triplet.csv", 
            "date_created": "2000-01-01T00:00:01Z", 
            "description": "triplet 3 rows", 
            "file_source": null, 
            "groups_allowed": [
                1
            ], 
            "name": "C1_in_triplet", 
            "user": 2, 
            "users_allowed": []
        }, 
        "model": "librarian.dataset", 
        "pk": 7
    }, 
    {
        "fields": {
            "MD5_checksum": "10a4bd15d1300fcaf5a3bdad54ef1d28", 
            "_redacted": false, 
            "dataset_file": "", 
            "date_created": "2000-01-01T00:00:01Z", 
            "description": "", 
            "file_source": null, 
            "groups_allowed": [
                1
            ], 
            "name": "C2_in_doublet", 
            "user": 2, 
            "users_allowed": []
        }, 
        "model": "librarian.dataset", 
        "pk": 8
    }, 
    {
        "fields": {
            "MD5_checksum": "10a4bd15d1300fcaf5a3bdad54ef1d28", 
            "_redacted": false, 
            "dataset_file": "Datasets/2016_01/E11_32_output.csv", 
            "date_created": "2000-01-01T00:00:01Z", 
            "description": "result of E11_32 fed by doublet_cdt.csv", 
            "file_source": null, 
            "groups_allowed": [
                1
            ], 
            "name": "E11_32 output doublet", 
            "user": 2, 
            "users_allowed": []
        }, 
        "model": "librarian.dataset", 
        "pk": 9
    }, 
    {
        "fields": {
            "MD5_checksum": "00fd50bfe7ac63e2165a442f4101e05c", 
            "_redacted": false, 
            "dataset_file": "Datasets/2016_01/step_0_singlet_qKhtlow.csv", 
            "date_created": "2000-01-01T00:00:02Z", 
            "description": "lol", 
            "file_source": null, 
            "groups_allowed": [
                1
            ], 
            "name": "raw", 
            "user": 2, 
            "users_allowed": []
        }, 
        "model": "librarian.dataset", 
        "pk": 10
    }, 
    {
        "fields": {
            "MD5_checksum": "7dc85e11b5c02e434af5bd3b3da9938e", 
            "_redacted": false, 
            "dataset_file": "Datasets/2016_01/step_0_raw_Xz0kJCO.fasta", 
            "date_created": "2000-01-01T00:00:02Z", 
            "description": "lol", 
            "file_source": null, 
            "groups_allowed": [
                1
            ], 
            "name": "C2_out", 
            "user": 2, 
            "users_allowed": []
        }, 
        "model": "librarian.dataset", 
        "pk": 11
    }, 
    {
        "fields": {
            "MD5_checksum": "7dc85e11b5c02e434af5bd3b3da9938e", 
            "_redacted": false, 
            "dataset_file": "Datasets/2016_01/step_0_raw_uOs9tiU.fasta", 
            "date_created": "2000-01-01T00:00:02Z", 
            "description": "lol", 
            "file_source": null, 
            "groups_allowed": [
                1
            ], 
            "name": "C3_out", 
            "user": 2, 
            "users_allowed": []
        }, 
        "model": "librarian.dataset", 
        "pk": 12
    }, 
    {
        "fields": {
            "MD5_checksum": "56f9e5585b9d699829e2fda931d944f8", 
            "_redacted": false, 
            "dataset_file": "Datasets/2016_01/step_0_triplet_3_rows.csv", 
            "date_created": "2000-01-01T00:00:02Z", 
            "description": "lol", 
            "file_source": null, 
            "groups_allowed": [
                1
            ], 
            "name": "triplet", 
            "user": 2, 
            "users_allowed": []
        }, 
        "model": "librarian.dataset", 
        "pk": 13
    }, 
    {
        "fields": {
            "MD5_checksum": "83957f8aea1c75da9f7fbf9bc90da979", 
            "_redacted": false, 
            "dataset_file": "Datasets/2016_01/doublet_remuxed_from_t3r.csv", 
            "date_created": "2000-01-01T00:00:02Z", 
            "description": "doublet remuxed from triplet", 
            "file_source": null, 
            "groups_allowed": [
                1
            ], 
            "name": "E1_out", 
            "user": 2, 
            "users_allowed": []
        }, 
        "model": "librarian.dataset", 
        "pk": 14
    }, 
    {
        "fields": {
            "MD5_checksum": "d83866e4c23cd9503aa2f9fc565502b5", 
            "_redacted": false, 
            "dataset_file": "Datasets/2016_01/DNA_triplet.csv", 
            "date_created": "2000-01-01T00:00:02Z", 
            "description": "DNA triplet data", 
            "file_source": null, 
            "groups_allowed": [
                1
            ], 
            "name": "DNA_triplet", 
            "user": 2, 
            "users_allowed": []
        }, 
        "model": "librarian.dataset", 
        "pk": 15
    }, 
    {
        "fields": {
            "MD5_checksum": "9eab0dfed5fcc89bd581f61995816ef0", 
            "_redacted": false, 
            "dataset_file": "Datasets/2016_01/E01_21_DNA_doublet.csv", 
            "date_created": "2000-01-01T00:00:02Z", 
            "description": "DNA doublet data coming from DNA_triplet.csv but remultiplexed according to cable E01_21", 
            "file_source": null, 
            "groups_allowed": [
                1
            ], 
            "name": "E01_21_DNA_doublet", 
            "user": 2, 
            "users_allowed": []
        }, 
        "model": "librarian.dataset", 
        "pk": 16
    }, 
    {
        "fields": {
            "MD5_checksum": "9b55b9431da6dba74ea61edf8e2ac044", 
            "_redacted": false, 
            "dataset_file": "Datasets/2016_01/E21_41_DNA_doublet.csv", 
            "date_created": "2000-01-01T00:00:02Z", 
            "description": "DNA doublet data coming from DNA_triplet.csv but remultiplexed according to cable E21_41", 
            "file_source": null, 
            "groups_allowed": [
                1
            ], 
            "name": "E21_41_DNA_doublet", 
            "user": 2, 
            "users_allowed": []
        }, 
        "model": "librarian.dataset", 
        "pk": 17
    }, 
    {
        "fields": {
            "MD5_checksum": "092ef90fe0201f4b002cd200f7754d45", 
            "_redacted": false, 
            "dataset_file": "Datasets/2016_01/tmp6_iwg3", 
            "date_created": "2000-01-01T00:00:05Z", 
            "description": "blahblahblah", 
            "file_source": null, 
            "groups_allowed": [
                1
            ], 
            "name": "blahblah", 
            "user": 4, 
            "users_allowed": []
        }, 
        "model": "librarian.dataset", 
        "pk": 18
    }, 
    {
        "fields": {
            "description": "Just a CR", 
            "filename": "generic_script.py", 
            "groups_allowed": [
                1
            ], 
            "name": "genericCR", 
            "user": 2, 
            "users_allowed": []
        }, 
        "model": "method.coderesource", 
        "pk": 1
    }, 
    {
        "fields": {
            "description": "a script to do nothing", 
            "filename": "noop.sh", 
            "groups_allowed": [
                1
            ], 
            "name": "noop", 
            "user": 4, 
            "users_allowed": []
        }, 
        "model": "method.coderesource", 
        "pk": 2
    }, 
    {
        "fields": {
            "MD5_checksum": "e353a62fe8cb6a56d31b8c65d70b217d", 
            "coderesource": 1, 
            "content_file": "CodeResources/generic_script.py", 
            "groups_allowed": [
                1
            ], 
            "revision_DateTime": "2000-01-01T00:00:00Z", 
            "revision_desc": "desc", 
            "revision_name": "v1", 
            "revision_number": 1, 
            "revision_parent": null, 
            "user": 2, 
            "users_allowed": []
        }, 
        "model": "method.coderesourcerevision", 
        "pk": 1
    }, 
    {
        "fields": {
            "MD5_checksum": "d218c00725d473639f347d456de381d8", 
            "coderesource": 2, 
            "content_file": "CodeResources/fdopen", 
            "groups_allowed": [
                1
            ], 
            "revision_DateTime": "2000-01-01T00:00:03Z", 
            "revision_desc": "first version", 
            "revision_name": "1", 
            "revision_number": 1, 
            "revision_parent": null, 
            "user": 4, 
            "users_allowed": []
        }, 
        "model": "method.coderesourcerevision", 
        "pk": 2
    }, 
    {
        "fields": {
            "driver": 1, 
            "family": 1, 
            "groups_allowed": [
                1
            ], 
            "reusable": 1, 
            "revision_number": 1, 
            "revision_parent": null, 
            "tainted": false, 
            "threads": 1, 
            "users_allowed": []
        }, 
        "model": "method.method", 
        "pk": 1
    }, 
    {
        "fields": {
            "driver": 1, 
            "family": 1, 
            "groups_allowed": [
                1
            ], 
            "reusable": 1, 
            "revision_number": 2, 
            "revision_parent": null, 
            "tainted": false, 
            "threads": 1, 
            "users_allowed": []
        }, 
        "model": "method.method", 
        "pk": 2
    }, 
    {
        "fields": {
            "driver": 1, 
            "family": 1, 
            "groups_allowed": [
                1
            ], 
            "reusable": 1, 
            "revision_number": 3, 
            "revision_parent": null, 
            "tainted": false, 
            "threads": 1, 
            "users_allowed": []
        }, 
        "model": "method.method", 
        "pk": 3
    }, 
    {
        "fields": {
            "driver": 2, 
            "family": 2, 
            "groups_allowed": [
                1
            ], 
            "reusable": 1, 
            "revision_number": 1, 
            "revision_parent": null, 
            "tainted": false, 
            "threads": 1, 
            "users_allowed": []
        }, 
        "model": "method.method", 
        "pk": 6
    }, 
    {
        "fields": {
            "driver": 2, 
            "family": 3, 
            "groups_allowed": [
                1
            ], 
            "reusable": 1, 
            "revision_number": 1, 
            "revision_parent": null, 
            "tainted": false, 
            "threads": 1, 
            "users_allowed": []
        }, 
        "model": "method.method", 
        "pk": 7
    }, 
    {
        "fields": {
            "driver": 2, 
            "family": 4, 
            "groups_allowed": [
                1
            ], 
            "reusable": 1, 
            "revision_number": 1, 
            "revision_parent": null, 
            "tainted": false, 
            "threads": 1, 
            "users_allowed": []
        }, 
        "model": "method.method", 
        "pk": 8
    }, 
    {
        "fields": {
            "description": "Holds methods A/B/C", 
            "groups_allowed": [
                1
            ], 
            "name": "method_family", 
            "user": 2, 
            "users_allowed": []
        }, 
        "model": "method.methodfamily", 
        "pk": 1
    }, 
    {
        "fields": {
            "description": "a method to do nothing to strings", 
            "groups_allowed": [
                1
            ], 
            "name": "string noop", 
            "user": 4, 
            "users_allowed": []
        }, 
        "model": "method.methodfamily", 
        "pk": 2
    }, 
    {
        "fields": {
            "description": "a TOTALLY DIFFERENT method that TOTALLY does SOMETHING to strings by leaving them alone", 
            "groups_allowed": [
                1
            ], 
            "name": "string trivial", 
            "user": 4, 
            "users_allowed": []
        }, 
        "model": "method.methodfamily", 
        "pk": 3
    }, 
    {
        "fields": {
            "description": "do nothing to raw data", 
            "groups_allowed": [
                1
            ], 
            "name": "raw noop", 
            "user": 4, 
            "users_allowed": []
        }, 
        "model": "method.methodfamily", 
        "pk": 4
    }, 
    {
        "fields": {
            "description": "PF desc", 
            "groups_allowed": [
                1
            ], 
            "name": "Pipeline_family", 
            "user": 2, 
            "users_allowed": []
        }, 
        "model": "pipeline.pipelinefamily", 
        "pk": 1
    }, 
    {
        "fields": {
            "description": "innermost pipeline", 
            "groups_allowed": [
                1
            ], 
            "name": "p_basic", 
            "user": 2, 
            "users_allowed": []
        }, 
        "model": "pipeline.pipelinefamily", 
        "pk": 2
    }, 
    {
        "fields": {
            "description": "second-level pipeline", 
            "groups_allowed": [
                1
            ], 
            "name": "p_sub", 
            "user": 2, 
            "users_allowed": []
        }, 
        "model": "pipeline.pipelinefamily", 
        "pk": 3
    }, 
    {
        "fields": {
            "description": "top-level pipeline", 
            "groups_allowed": [
                1
            ], 
            "name": "p_top", 
            "user": 2, 
            "users_allowed": []
        }, 
        "model": "pipeline.pipelinefamily", 
        "pk": 4
    }, 
    {
        "fields": {
            "family": 1, 
            "groups_allowed": [
                1
            ], 
            "published": false, 
            "revision_number": 1, 
            "revision_parent": null, 
            "users_allowed": []
        }, 
        "model": "pipeline.pipeline", 
        "pk": 4
    }, 
    {
        "fields": {
            "family": 1, 
            "groups_allowed": [
                1
            ], 
            "published": false, 
            "revision_number": 2, 
            "revision_parent": null, 
            "users_allowed": []
        }, 
        "model": "pipeline.pipeline", 
        "pk": 5
    }, 
    {
        "fields": {
            "family": 2, 
            "groups_allowed": [
                1
            ], 
            "published": false, 
            "revision_number": 1, 
            "revision_parent": null, 
            "users_allowed": []
        }, 
        "model": "pipeline.pipeline", 
        "pk": 9
    }, 
    {
        "fields": {
            "family": 3, 
            "groups_allowed": [
                1
            ], 
            "published": false, 
            "revision_number": 1, 
            "revision_parent": null, 
            "users_allowed": []
        }, 
        "model": "pipeline.pipeline", 
        "pk": 10
    }, 
    {
        "fields": {
            "family": 4, 
            "groups_allowed": [
                1
            ], 
            "published": false, 
            "revision_number": 1, 
            "revision_parent": null, 
            "users_allowed": []
        }, 
        "model": "pipeline.pipeline", 
        "pk": 11
    }, 
    {
        "fields": {
            "groups_allowed": [
                1
            ], 
            "revision_DateTime": "2000-01-01T00:00:00Z", 
            "revision_desc": "A_desc", 
            "revision_name": "mA_name", 
            "user": 2, 
            "users_allowed": []
        }, 
        "model": "transformation.transformation", 
        "pk": 1
    }, 
    {
        "fields": {
            "groups_allowed": [
                1
            ], 
            "revision_DateTime": "2000-01-01T00:00:00Z", 
            "revision_desc": "B_desc", 
            "revision_name": "mB_name", 
            "user": 2, 
            "users_allowed": []
        }, 
        "model": "transformation.transformation", 
        "pk": 2
    }, 
    {
        "fields": {
            "groups_allowed": [
                1
            ], 
            "revision_DateTime": "2000-01-01T00:00:00Z", 
            "revision_desc": "C_desc", 
            "revision_name": "mC_name", 
            "user": 2, 
            "users_allowed": []
        }, 
        "model": "transformation.transformation", 
        "pk": 3
    }, 
    {
        "fields": {
            "groups_allowed": [
                1
            ], 
            "revision_DateTime": "2000-01-01T00:00:00Z", 
            "revision_desc": "D", 
            "revision_name": "pD_name", 
            "user": 2, 
            "users_allowed": []
        }, 
        "model": "transformation.transformation", 
        "pk": 4
    }, 
    {
        "fields": {
            "groups_allowed": [
                1
            ], 
            "revision_DateTime": "2000-01-01T00:00:00Z", 
            "revision_desc": "E", 
            "revision_name": "pE_name", 
            "user": 2, 
            "users_allowed": []
        }, 
        "model": "transformation.transformation", 
        "pk": 5
    }, 
    {
        "fields": {
            "groups_allowed": [
                1
            ], 
            "revision_DateTime": "2000-01-01T00:00:03Z", 
            "revision_desc": "first version", 
            "revision_name": "v1", 
            "user": 4, 
            "users_allowed": []
        }, 
        "model": "transformation.transformation", 
        "pk": 6
    }, 
    {
        "fields": {
            "groups_allowed": [
                1
            ], 
            "revision_DateTime": "2000-01-01T00:00:03Z", 
            "revision_desc": "first version", 
            "revision_name": "v1", 
            "user": 4, 
            "users_allowed": []
        }, 
        "model": "transformation.transformation", 
        "pk": 7
    }, 
    {
        "fields": {
            "groups_allowed": [
                1
            ], 
            "revision_DateTime": "2000-01-01T00:00:03Z", 
            "revision_desc": "first version", 
            "revision_name": "v1", 
            "user": 4, 
            "users_allowed": []
        }, 
        "model": "transformation.transformation", 
        "pk": 8
    }, 
    {
        "fields": {
            "groups_allowed": [
                1
            ], 
            "revision_DateTime": "2000-01-01T00:00:03Z", 
            "revision_desc": "first version", 
            "revision_name": "v1", 
            "user": 2, 
            "users_allowed": []
        }, 
        "model": "transformation.transformation", 
        "pk": 9
    }, 
    {
        "fields": {
            "groups_allowed": [
                1
            ], 
            "revision_DateTime": "2000-01-01T00:00:04Z", 
            "revision_desc": "first version", 
            "revision_name": "v1", 
            "user": 2, 
            "users_allowed": []
        }, 
        "model": "transformation.transformation", 
        "pk": 10
    }, 
    {
        "fields": {
            "groups_allowed": [
                1
            ], 
            "revision_DateTime": "2000-01-01T00:00:04Z", 
            "revision_desc": "first version", 
            "revision_name": "v1", 
            "user": 2, 
            "users_allowed": []
        }, 
        "model": "transformation.transformation", 
        "pk": 11
    }, 
    {
        "fields": {
            "dataset": 1, 
            "end_time": "2000-01-01T00:00:01Z", 
            "execlog": null, 
            "start_time": "2000-01-01T00:00:01Z", 
            "user": 2
        }, 
        "model": "datachecking.contentchecklog", 
        "pk": 1
    }, 
    {
        "fields": {
            "dataset": 2, 
            "end_time": "2000-01-01T00:00:01Z", 
            "execlog": null, 
            "start_time": "2000-01-01T00:00:01Z", 
            "user": 2
        }, 
        "model": "datachecking.contentchecklog", 
        "pk": 2
    }, 
    {
        "fields": {
            "dataset": 3, 
            "end_time": "2000-01-01T00:00:01Z", 
            "execlog": null, 
            "start_time": "2000-01-01T00:00:01Z", 
            "user": 2
        }, 
        "model": "datachecking.contentchecklog", 
        "pk": 3
    }, 
    {
        "fields": {
            "dataset": 4, 
            "end_time": "2000-01-01T00:00:01Z", 
            "execlog": null, 
            "start_time": "2000-01-01T00:00:01Z", 
            "user": 2
        }, 
        "model": "datachecking.contentchecklog", 
        "pk": 4
    }, 
    {
        "fields": {
            "dataset": 6, 
            "end_time": "2000-01-01T00:00:01Z", 
            "execlog": null, 
            "start_time": "2000-01-01T00:00:01Z", 
            "user": 2
        }, 
        "model": "datachecking.contentchecklog", 
        "pk": 5
    }, 
    {
        "fields": {
            "dataset": 7, 
            "end_time": "2000-01-01T00:00:01Z", 
            "execlog": null, 
            "start_time": "2000-01-01T00:00:01Z", 
            "user": 2
        }, 
        "model": "datachecking.contentchecklog", 
        "pk": 6
    }, 
    {
        "fields": {
            "dataset": 8, 
            "end_time": "2000-01-01T00:00:01Z", 
            "execlog": null, 
            "start_time": "2000-01-01T00:00:01Z", 
            "user": 2
        }, 
        "model": "datachecking.contentchecklog", 
        "pk": 7
    }, 
    {
        "fields": {
            "dataset": 9, 
            "end_time": "2000-01-01T00:00:01Z", 
            "execlog": null, 
            "start_time": "2000-01-01T00:00:01Z", 
            "user": 2
        }, 
        "model": "datachecking.contentchecklog", 
        "pk": 8
    }, 
    {
        "fields": {
            "dataset": 10, 
            "end_time": "2000-01-01T00:00:02Z", 
            "execlog": null, 
            "start_time": "2000-01-01T00:00:02Z", 
            "user": 2
        }, 
        "model": "datachecking.contentchecklog", 
        "pk": 9
    }, 
    {
        "fields": {
            "dataset": 13, 
            "end_time": "2000-01-01T00:00:02Z", 
            "execlog": null, 
            "start_time": "2000-01-01T00:00:02Z", 
            "user": 2
        }, 
        "model": "datachecking.contentchecklog", 
        "pk": 10
    }, 
    {
        "fields": {
            "dataset": 14, 
            "end_time": "2000-01-01T00:00:02Z", 
            "execlog": null, 
            "start_time": "2000-01-01T00:00:02Z", 
            "user": 2
        }, 
        "model": "datachecking.contentchecklog", 
        "pk": 11
    }, 
    {
        "fields": {
            "dataset": 15, 
            "end_time": "2000-01-01T00:00:02Z", 
            "execlog": null, 
            "start_time": "2000-01-01T00:00:02Z", 
            "user": 2
        }, 
        "model": "datachecking.contentchecklog", 
        "pk": 12
    }, 
    {
        "fields": {
            "dataset": 16, 
            "end_time": "2000-01-01T00:00:02Z", 
            "execlog": null, 
            "start_time": "2000-01-01T00:00:02Z", 
            "user": 2
        }, 
        "model": "datachecking.contentchecklog", 
        "pk": 13
    }, 
    {
        "fields": {
            "dataset": 17, 
            "end_time": "2000-01-01T00:00:02Z", 
            "execlog": null, 
            "start_time": "2000-01-01T00:00:02Z", 
            "user": 2
        }, 
        "model": "datachecking.contentchecklog", 
        "pk": 14
    }, 
    {
        "fields": {
            "dataset": 18, 
            "end_time": "2000-01-01T00:00:05Z", 
            "execlog": null, 
            "start_time": "2000-01-01T00:00:05Z", 
            "user": 4
        }, 
        "model": "datachecking.contentchecklog", 
        "pk": 15
    }, 
    {
        "fields": {
            "dataset": 18, 
            "end_time": "2000-01-01T00:00:09Z", 
            "execlog": 4, 
            "start_time": "2000-01-01T00:00:09Z", 
            "user": 4
        }, 
        "model": "datachecking.integritychecklog", 
        "pk": 1
    }
]