[
    {
        "fields": {
            "datatype": 8, 
            "rule": "^[ACGTacgt]*$", 
            "ruletype": "regexp"
        }, 
        "model": "metadata.basicconstraint", 
        "pk": 6
    }, 
    {
        "fields": {
            "datatype": 9, 
            "rule": "^[ACGUacgu]*$", 
            "ruletype": "regexp"
        }, 
        "model": "metadata.basicconstraint", 
        "pk": 7
    }, 
    {
        "fields": {
            "blankable": false, 
            "column_idx": 1, 
            "column_name": "label", 
            "compounddatatype": 5, 
            "datatype": 1
        }, 
        "model": "metadata.compounddatatypemember", 
        "pk": 7
    }, 
    {
        "fields": {
            "blankable": false, 
            "column_idx": 2, 
            "column_name": "integer", 
            "compounddatatype": 5, 
            "datatype": 4
        }, 
        "model": "metadata.compounddatatypemember", 
        "pk": 8
    }, 
    {
        "fields": {
            "blankable": false, 
            "column_idx": 3, 
            "column_name": "float", 
            "compounddatatype": 5, 
            "datatype": 3
        }, 
        "model": "metadata.compounddatatypemember", 
        "pk": 9
    }, 
    {
        "fields": {
            "blankable": false, 
            "column_idx": 4, 
            "column_name": "bool", 
            "compounddatatype": 5, 
            "datatype": 2
        }, 
        "model": "metadata.compounddatatypemember", 
        "pk": 10
    }, 
    {
        "fields": {
            "blankable": false, 
            "column_idx": 5, 
            "column_name": "rna", 
            "compounddatatype": 5, 
            "datatype": 9
        }, 
        "model": "metadata.compounddatatypemember", 
        "pk": 11
    }, 
    {
        "fields": {
            "blankable": false, 
            "column_idx": 1, 
            "column_name": "label", 
            "compounddatatype": 6, 
            "datatype": 1
        }, 
        "model": "metadata.compounddatatypemember", 
        "pk": 12
    }, 
    {
        "fields": {
            "blankable": false, 
            "column_idx": 1, 
            "column_name": "label", 
            "compounddatatype": 7, 
            "datatype": 1
        }, 
        "model": "metadata.compounddatatypemember", 
        "pk": 13
    }, 
    {
        "fields": {
            "blankable": false, 
            "column_idx": 2, 
            "column_name": "PBMCseq", 
            "compounddatatype": 7, 
            "datatype": 8
        }, 
        "model": "metadata.compounddatatypemember", 
        "pk": 14
    }, 
    {
        "fields": {
            "blankable": false, 
            "column_idx": 3, 
            "column_name": "PLAseq", 
            "compounddatatype": 7, 
            "datatype": 9
        }, 
        "model": "metadata.compounddatatypemember", 
        "pk": 15
    }, 
    {
        "fields": {
            "blankable": false, 
            "column_idx": 1, 
            "column_name": "SeqToComplement", 
            "compounddatatype": 8, 
            "datatype": 8
        }, 
        "model": "metadata.compounddatatypemember", 
        "pk": 16
    }, 
    {
        "fields": {
            "blankable": false, 
            "column_idx": 1, 
            "column_name": "ComplementedSeq", 
            "compounddatatype": 9, 
            "datatype": 8
        }, 
        "model": "metadata.compounddatatypemember", 
        "pk": 17
    }, 
    {
        "fields": {
            "blankable": false, 
            "column_idx": 1, 
            "column_name": "SeqToComplement", 
            "compounddatatype": 10, 
            "datatype": 9
        }, 
        "model": "metadata.compounddatatypemember", 
        "pk": 18
    }, 
    {
        "fields": {
            "blankable": false, 
            "column_idx": 1, 
            "column_name": "ComplementedSeq", 
            "compounddatatype": 11, 
            "datatype": 9
        }, 
        "model": "metadata.compounddatatypemember", 
        "pk": 19
    }, 
    {
        "fields": {
            "blankable": false, 
            "column_idx": 1, 
            "column_name": "x", 
            "compounddatatype": 12, 
            "datatype": 1
        }, 
        "model": "metadata.compounddatatypemember", 
        "pk": 20
    }, 
    {
        "fields": {
            "blankable": false, 
            "column_idx": 2, 
            "column_name": "y", 
            "compounddatatype": 12, 
            "datatype": 1
        }, 
        "model": "metadata.compounddatatypemember", 
        "pk": 21
    }, 
    {
        "fields": {
            "blankable": false, 
            "column_idx": 1, 
            "column_name": "k", 
            "compounddatatype": 13, 
            "datatype": 1
        }, 
        "model": "metadata.compounddatatypemember", 
        "pk": 22
    }, 
    {
        "fields": {
            "blankable": false, 
            "column_idx": 1, 
            "column_name": "a", 
            "compounddatatype": 14, 
            "datatype": 1
        }, 
        "model": "metadata.compounddatatypemember", 
        "pk": 23
    }, 
    {
        "fields": {
            "blankable": false, 
            "column_idx": 2, 
            "column_name": "b", 
            "compounddatatype": 14, 
            "datatype": 1
        }, 
        "model": "metadata.compounddatatypemember", 
        "pk": 24
    }, 
    {
        "fields": {
            "blankable": false, 
            "column_idx": 3, 
            "column_name": "c", 
            "compounddatatype": 14, 
            "datatype": 1
        }, 
        "model": "metadata.compounddatatypemember", 
        "pk": 25
    }, 
    {
        "fields": {
            "blankable": false, 
            "column_idx": 1, 
            "column_name": "a^2", 
            "compounddatatype": 15, 
            "datatype": 1
        }, 
        "model": "metadata.compounddatatypemember", 
        "pk": 26
    }, 
    {
        "fields": {
            "blankable": false, 
            "column_idx": 2, 
            "column_name": "b^2", 
            "compounddatatype": 15, 
            "datatype": 1
        }, 
        "model": "metadata.compounddatatypemember", 
        "pk": 27
    }, 
    {
        "fields": {
            "blankable": false, 
            "column_idx": 3, 
            "column_name": "c^2", 
            "compounddatatype": 15, 
            "datatype": 1
        }, 
        "model": "metadata.compounddatatypemember", 
        "pk": 28
    }, 
    {
        "fields": {
            "blankable": false, 
            "column_idx": 1, 
            "column_name": "StrCol1", 
            "compounddatatype": 16, 
            "datatype": 1
        }, 
        "model": "metadata.compounddatatypemember", 
        "pk": 29
    }, 
    {
        "fields": {
            "blankable": false, 
            "column_idx": 2, 
            "column_name": "DNACol2", 
            "compounddatatype": 16, 
            "datatype": 8
        }, 
        "model": "metadata.compounddatatypemember", 
        "pk": 30
    }, 
    {
        "fields": {
            "blankable": false, 
            "column_idx": 3, 
            "column_name": "StrCol3", 
            "compounddatatype": 16, 
            "datatype": 1
        }, 
        "model": "metadata.compounddatatypemember", 
        "pk": 31
    }, 
    {
        "fields": {
            "blankable": false, 
            "column_idx": 1, 
            "column_name": "a", 
            "compounddatatype": 17, 
            "datatype": 8
        }, 
        "model": "metadata.compounddatatypemember", 
        "pk": 32
    }, 
    {
        "fields": {
            "blankable": false, 
            "column_idx": 2, 
            "column_name": "b", 
            "compounddatatype": 17, 
            "datatype": 8
        }, 
        "model": "metadata.compounddatatypemember", 
        "pk": 33
    }, 
    {
        "fields": {
            "blankable": false, 
            "column_idx": 3, 
            "column_name": "c", 
            "compounddatatype": 17, 
            "datatype": 8
        }, 
        "model": "metadata.compounddatatypemember", 
        "pk": 34
    }, 
    {
        "fields": {
            "blankable": false, 
            "column_idx": 1, 
            "column_name": "x", 
            "compounddatatype": 18, 
            "datatype": 8
        }, 
        "model": "metadata.compounddatatypemember", 
        "pk": 35
    }, 
    {
        "fields": {
            "blankable": false, 
            "column_idx": 2, 
            "column_name": "y", 
            "compounddatatype": 18, 
            "datatype": 8
        }, 
        "model": "metadata.compounddatatypemember", 
        "pk": 36
    }, 
    {
        "fields": {
            "blankable": false, 
            "column_idx": 1, 
            "column_name": "word", 
            "compounddatatype": 19, 
            "datatype": 10
        }, 
        "model": "metadata.compounddatatypemember", 
        "pk": 37
    }, 
    {
        "fields": {
            "_complete": false, 
            "_redacted": false, 
            "_successful": true, 
            "end_time": null, 
            "execrecord": 1, 
            "is_cancelled": false, 
            "reused": false, 
            "start_time": null
        }, 
        "model": "archive.runcomponent", 
        "pk": 1
    }, 
    {
        "fields": {
            "_complete": false, 
            "_redacted": false, 
            "_successful": false, 
            "end_time": null, 
            "execrecord": 2, 
            "is_cancelled": false, 
            "reused": false, 
            "start_time": null
        }, 
        "model": "archive.runcomponent", 
        "pk": 2
    }, 
    {
        "fields": {
            "_complete": false, 
            "_redacted": false, 
            "_successful": true, 
            "end_time": null, 
            "execrecord": 3, 
            "is_cancelled": false, 
            "reused": false, 
            "start_time": null
        }, 
        "model": "archive.runcomponent", 
        "pk": 3
    }, 
    {
        "fields": {
            "_complete": true, 
            "_redacted": false, 
            "_successful": true, 
            "end_time": "2000-01-01T00:00:21Z", 
            "execrecord": null, 
            "is_cancelled": false, 
            "reused": null, 
            "start_time": "2000-01-01T00:00:06Z"
        }, 
        "model": "archive.runcomponent", 
        "pk": 4
    }, 
    {
        "fields": {
            "_complete": true, 
            "_redacted": false, 
            "_successful": true, 
            "end_time": "2000-01-01T00:00:06Z", 
            "execrecord": 4, 
            "is_cancelled": false, 
            "reused": false, 
            "start_time": "2000-01-01T00:00:06Z"
        }, 
        "model": "archive.runcomponent", 
        "pk": 5
    }, 
    {
        "fields": {
            "_complete": true, 
            "_redacted": false, 
            "_successful": true, 
            "end_time": "2000-01-01T00:00:11Z", 
            "execrecord": null, 
            "is_cancelled": false, 
            "reused": null, 
            "start_time": "2000-01-01T00:00:06Z"
        }, 
        "model": "archive.runcomponent", 
        "pk": 6
    }, 
    {
        "fields": {
            "_complete": true, 
            "_redacted": false, 
            "_successful": true, 
            "end_time": "2000-01-01T00:00:06Z", 
            "execrecord": 4, 
            "is_cancelled": false, 
            "reused": true, 
            "start_time": "2000-01-01T00:00:06Z"
        }, 
        "model": "archive.runcomponent", 
        "pk": 7
    }, 
    {
        "fields": {
            "_complete": true, 
            "_redacted": false, 
            "_successful": true, 
            "end_time": "2000-01-01T00:00:08Z", 
            "execrecord": 5, 
            "is_cancelled": false, 
            "reused": false, 
            "start_time": "2000-01-01T00:00:07Z"
        }, 
        "model": "archive.runcomponent", 
        "pk": 8
    }, 
    {
        "fields": {
            "_complete": true, 
            "_redacted": false, 
            "_successful": true, 
            "end_time": "2000-01-01T00:00:07Z", 
            "execrecord": 4, 
            "is_cancelled": false, 
            "reused": true, 
            "start_time": "2000-01-01T00:00:07Z"
        }, 
        "model": "archive.runcomponent", 
        "pk": 9
    }, 
    {
        "fields": {
            "_complete": true, 
            "_redacted": false, 
            "_successful": true, 
            "end_time": "2000-01-01T00:00:09Z", 
            "execrecord": 7, 
            "is_cancelled": false, 
            "reused": false, 
            "start_time": "2000-01-01T00:00:08Z"
        }, 
        "model": "archive.runcomponent", 
        "pk": 10
    }, 
    {
        "fields": {
            "_complete": true, 
            "_redacted": false, 
            "_successful": true, 
            "end_time": "2000-01-01T00:00:09Z", 
            "execrecord": 6, 
            "is_cancelled": false, 
            "reused": false, 
            "start_time": "2000-01-01T00:00:08Z"
        }, 
        "model": "archive.runcomponent", 
        "pk": 11
    }, 
    {
        "fields": {
            "_complete": true, 
            "_redacted": false, 
            "_successful": true, 
            "end_time": "2000-01-01T00:00:10Z", 
            "execrecord": 8, 
            "is_cancelled": false, 
            "reused": false, 
            "start_time": "2000-01-01T00:00:10Z"
        }, 
        "model": "archive.runcomponent", 
        "pk": 12
    }, 
    {
        "fields": {
            "_complete": true, 
            "_redacted": false, 
            "_successful": true, 
            "end_time": "2000-01-01T00:00:17Z", 
            "execrecord": null, 
            "is_cancelled": false, 
            "reused": null, 
            "start_time": "2000-01-01T00:00:12Z"
        }, 
        "model": "archive.runcomponent", 
        "pk": 13
    }, 
    {
        "fields": {
            "_complete": true, 
            "_redacted": false, 
            "_successful": true, 
            "end_time": "2000-01-01T00:00:13Z", 
            "execrecord": 8, 
            "is_cancelled": false, 
            "reused": true, 
            "start_time": "2000-01-01T00:00:13Z"
        }, 
        "model": "archive.runcomponent", 
        "pk": 14
    }, 
    {
        "fields": {
            "_complete": true, 
            "_redacted": false, 
            "_successful": true, 
            "end_time": "2000-01-01T00:00:14Z", 
            "execrecord": 9, 
            "is_cancelled": false, 
            "reused": false, 
            "start_time": "2000-01-01T00:00:13Z"
        }, 
        "model": "archive.runcomponent", 
        "pk": 15
    }, 
    {
        "fields": {
            "_complete": true, 
            "_redacted": false, 
            "_successful": true, 
            "end_time": "2000-01-01T00:00:13Z", 
            "execrecord": 8, 
            "is_cancelled": false, 
            "reused": true, 
            "start_time": "2000-01-01T00:00:13Z"
        }, 
        "model": "archive.runcomponent", 
        "pk": 16
    }, 
    {
        "fields": {
            "_complete": true, 
            "_redacted": false, 
            "_successful": true, 
            "end_time": "2000-01-01T00:00:16Z", 
            "execrecord": 11, 
            "is_cancelled": false, 
            "reused": false, 
            "start_time": "2000-01-01T00:00:15Z"
        }, 
        "model": "archive.runcomponent", 
        "pk": 17
    }, 
    {
        "fields": {
            "_complete": true, 
            "_redacted": false, 
            "_successful": true, 
            "end_time": "2000-01-01T00:00:15Z", 
            "execrecord": 10, 
            "is_cancelled": false, 
            "reused": false, 
            "start_time": "2000-01-01T00:00:15Z"
        }, 
        "model": "archive.runcomponent", 
        "pk": 18
    }, 
    {
        "fields": {
            "_complete": true, 
            "_redacted": false, 
            "_successful": true, 
            "end_time": "2000-01-01T00:00:16Z", 
            "execrecord": 12, 
            "is_cancelled": false, 
            "reused": false, 
            "start_time": "2000-01-01T00:00:16Z"
        }, 
        "model": "archive.runcomponent", 
        "pk": 19
    }, 
    {
        "fields": {
            "_complete": true, 
            "_redacted": false, 
            "_successful": true, 
            "end_time": "2000-01-01T00:00:19Z", 
            "execrecord": 12, 
            "is_cancelled": false, 
            "reused": true, 
            "start_time": "2000-01-01T00:00:19Z"
        }, 
        "model": "archive.runcomponent", 
        "pk": 20
    }, 
    {
        "fields": {
            "_complete": true, 
            "_redacted": false, 
            "_successful": true, 
            "end_time": "2000-01-01T00:00:43Z", 
            "execrecord": null, 
            "is_cancelled": false, 
            "reused": null, 
            "start_time": "2000-01-01T00:00:25Z"
        }, 
        "model": "archive.runcomponent", 
        "pk": 21
    }, 
    {
        "fields": {
            "_complete": true, 
            "_redacted": false, 
            "_successful": true, 
            "end_time": "2000-01-01T00:00:25Z", 
            "execrecord": 12, 
            "is_cancelled": false, 
            "reused": true, 
            "start_time": "2000-01-01T00:00:25Z"
        }, 
        "model": "archive.runcomponent", 
        "pk": 22
    }, 
    {
        "fields": {
            "_complete": true, 
            "_redacted": false, 
            "_successful": true, 
            "end_time": "2000-01-01T00:00:31Z", 
            "execrecord": null, 
            "is_cancelled": false, 
            "reused": null, 
            "start_time": "2000-01-01T00:00:26Z"
        }, 
        "model": "archive.runcomponent", 
        "pk": 23
    }, 
    {
        "fields": {
            "_complete": true, 
            "_redacted": false, 
            "_successful": true, 
            "end_time": "2000-01-01T00:00:26Z", 
            "execrecord": 12, 
            "is_cancelled": false, 
            "reused": true, 
            "start_time": "2000-01-01T00:00:26Z"
        }, 
        "model": "archive.runcomponent", 
        "pk": 24
    }, 
    {
        "fields": {
            "_complete": true, 
            "_redacted": false, 
            "_successful": true, 
            "end_time": "2000-01-01T00:00:28Z", 
            "execrecord": 13, 
            "is_cancelled": false, 
            "reused": false, 
            "start_time": "2000-01-01T00:00:27Z"
        }, 
        "model": "archive.runcomponent", 
        "pk": 25
    }, 
    {
        "fields": {
            "_complete": true, 
            "_redacted": false, 
            "_successful": true, 
            "end_time": "2000-01-01T00:00:27Z", 
            "execrecord": 12, 
            "is_cancelled": false, 
            "reused": true, 
            "start_time": "2000-01-01T00:00:27Z"
        }, 
        "model": "archive.runcomponent", 
        "pk": 26
    }, 
    {
        "fields": {
            "_complete": true, 
            "_redacted": false, 
            "_successful": true, 
            "end_time": "2000-01-01T00:00:29Z", 
            "execrecord": 15, 
            "is_cancelled": false, 
            "reused": false, 
            "start_time": "2000-01-01T00:00:28Z"
        }, 
        "model": "archive.runcomponent", 
        "pk": 27
    }, 
    {
        "fields": {
            "_complete": true, 
            "_redacted": false, 
            "_successful": true, 
            "end_time": "2000-01-01T00:00:29Z", 
            "execrecord": 14, 
            "is_cancelled": false, 
            "reused": false, 
            "start_time": "2000-01-01T00:00:28Z"
        }, 
        "model": "archive.runcomponent", 
        "pk": 28
    }, 
    {
        "fields": {
            "_complete": true, 
            "_redacted": false, 
            "_successful": true, 
            "end_time": "2000-01-01T00:00:30Z", 
            "execrecord": 16, 
            "is_cancelled": false, 
            "reused": false, 
            "start_time": "2000-01-01T00:00:30Z"
        }, 
        "model": "archive.runcomponent", 
        "pk": 29
    }, 
    {
        "fields": {
            "_complete": true, 
            "_redacted": false, 
            "_successful": true, 
            "end_time": "2000-01-01T00:00:39Z", 
            "execrecord": null, 
            "is_cancelled": false, 
            "reused": null, 
            "start_time": "2000-01-01T00:00:33Z"
        }, 
        "model": "archive.runcomponent", 
        "pk": 30
    }, 
    {
        "fields": {
            "_complete": true, 
            "_redacted": false, 
            "_successful": true, 
            "end_time": "2000-01-01T00:00:33Z", 
            "execrecord": 16, 
            "is_cancelled": false, 
            "reused": true, 
            "start_time": "2000-01-01T00:00:33Z"
        }, 
        "model": "archive.runcomponent", 
        "pk": 31
    }, 
    {
        "fields": {
            "_complete": true, 
            "_redacted": false, 
            "_successful": true, 
            "end_time": "2000-01-01T00:00:35Z", 
            "execrecord": 17, 
            "is_cancelled": false, 
            "reused": false, 
            "start_time": "2000-01-01T00:00:34Z"
        }, 
        "model": "archive.runcomponent", 
        "pk": 32
    }, 
    {
        "fields": {
            "_complete": true, 
            "_redacted": false, 
            "_successful": true, 
            "end_time": "2000-01-01T00:00:35Z", 
            "execrecord": 16, 
            "is_cancelled": false, 
            "reused": true, 
            "start_time": "2000-01-01T00:00:34Z"
        }, 
        "model": "archive.runcomponent", 
        "pk": 33
    }, 
    {
        "fields": {
            "_complete": true, 
            "_redacted": false, 
            "_successful": true, 
            "end_time": "2000-01-01T00:00:37Z", 
            "execrecord": 19, 
            "is_cancelled": false, 
            "reused": false, 
            "start_time": "2000-01-01T00:00:36Z"
        }, 
        "model": "archive.runcomponent", 
        "pk": 34
    }, 
    {
        "fields": {
            "_complete": true, 
            "_redacted": false, 
            "_successful": true, 
            "end_time": "2000-01-01T00:00:36Z", 
            "execrecord": 18, 
            "is_cancelled": false, 
            "reused": false, 
            "start_time": "2000-01-01T00:00:36Z"
        }, 
        "model": "archive.runcomponent", 
        "pk": 35
    }, 
    {
        "fields": {
            "_complete": true, 
            "_redacted": false, 
            "_successful": true, 
            "end_time": "2000-01-01T00:00:38Z", 
            "execrecord": 20, 
            "is_cancelled": false, 
            "reused": false, 
            "start_time": "2000-01-01T00:00:38Z"
        }, 
        "model": "archive.runcomponent", 
        "pk": 36
    }, 
    {
        "fields": {
            "_complete": true, 
            "_redacted": false, 
            "_successful": true, 
            "end_time": "2000-01-01T00:00:40Z", 
            "execrecord": 20, 
            "is_cancelled": false, 
            "reused": true, 
            "start_time": "2000-01-01T00:00:40Z"
        }, 
        "model": "archive.runcomponent", 
        "pk": 37
    }, 
    {
        "fields": {
            "_complete": true, 
            "_redacted": false, 
            "_successful": true, 
            "end_time": "2000-01-01T00:01:07Z", 
            "execrecord": null, 
            "is_cancelled": false, 
            "reused": null, 
            "start_time": "2000-01-01T00:00:46Z"
        }, 
        "model": "archive.runcomponent", 
        "pk": 38
    }, 
    {
        "fields": {
            "_complete": true, 
            "_redacted": false, 
            "_successful": true, 
            "end_time": "2000-01-01T00:00:47Z", 
            "execrecord": 20, 
            "is_cancelled": false, 
            "reused": true, 
            "start_time": "2000-01-01T00:00:47Z"
        }, 
        "model": "archive.runcomponent", 
        "pk": 39
    }, 
    {
        "fields": {
            "_complete": true, 
            "_redacted": false, 
            "_successful": true, 
            "end_time": "2000-01-01T00:00:55Z", 
            "execrecord": null, 
            "is_cancelled": false, 
            "reused": null, 
            "start_time": "2000-01-01T00:00:48Z"
        }, 
        "model": "archive.runcomponent", 
        "pk": 40
    }, 
    {
        "fields": {
            "_complete": true, 
            "_redacted": false, 
            "_successful": true, 
            "end_time": "2000-01-01T00:00:48Z", 
            "execrecord": 20, 
            "is_cancelled": false, 
            "reused": true, 
            "start_time": "2000-01-01T00:00:48Z"
        }, 
        "model": "archive.runcomponent", 
        "pk": 41
    }, 
    {
        "fields": {
            "_complete": true, 
            "_redacted": false, 
            "_successful": true, 
            "end_time": "2000-01-01T00:00:51Z", 
            "execrecord": 21, 
            "is_cancelled": false, 
            "reused": false, 
            "start_time": "2000-01-01T00:00:50Z"
        }, 
        "model": "archive.runcomponent", 
        "pk": 42
    }, 
    {
        "fields": {
            "_complete": true, 
            "_redacted": false, 
            "_successful": true, 
            "end_time": "2000-01-01T00:00:50Z", 
            "execrecord": 20, 
            "is_cancelled": false, 
            "reused": true, 
            "start_time": "2000-01-01T00:00:50Z"
        }, 
        "model": "archive.runcomponent", 
        "pk": 43
    }, 
    {
        "fields": {
            "_complete": true, 
            "_redacted": false, 
            "_successful": true, 
            "end_time": "2000-01-01T00:00:53Z", 
            "execrecord": 23, 
            "is_cancelled": false, 
            "reused": false, 
            "start_time": "2000-01-01T00:00:51Z"
        }, 
        "model": "archive.runcomponent", 
        "pk": 44
    }, 
    {
        "fields": {
            "_complete": true, 
            "_redacted": false, 
            "_successful": true, 
            "end_time": "2000-01-01T00:00:52Z", 
            "execrecord": 22, 
            "is_cancelled": false, 
            "reused": false, 
            "start_time": "2000-01-01T00:00:51Z"
        }, 
        "model": "archive.runcomponent", 
        "pk": 45
    }, 
    {
        "fields": {
            "_complete": true, 
            "_redacted": false, 
            "_successful": true, 
            "end_time": "2000-01-01T00:00:53Z", 
            "execrecord": 24, 
            "is_cancelled": false, 
            "reused": false, 
            "start_time": "2000-01-01T00:00:53Z"
        }, 
        "model": "archive.runcomponent", 
        "pk": 46
    }, 
    {
        "fields": {
            "_complete": true, 
            "_redacted": false, 
            "_successful": true, 
            "end_time": "2000-01-01T00:01:03Z", 
            "execrecord": null, 
            "is_cancelled": false, 
            "reused": null, 
            "start_time": "2000-01-01T00:00:56Z"
        }, 
        "model": "archive.runcomponent", 
        "pk": 47
    }, 
    {
        "fields": {
            "_complete": true, 
            "_redacted": false, 
            "_successful": true, 
            "end_time": "2000-01-01T00:00:56Z", 
            "execrecord": 24, 
            "is_cancelled": false, 
            "reused": true, 
            "start_time": "2000-01-01T00:00:56Z"
        }, 
        "model": "archive.runcomponent", 
        "pk": 48
    }, 
    {
        "fields": {
            "_complete": true, 
            "_redacted": false, 
            "_successful": true, 
            "end_time": "2000-01-01T00:00:59Z", 
            "execrecord": 25, 
            "is_cancelled": false, 
            "reused": false, 
            "start_time": "2000-01-01T00:00:58Z"
        }, 
        "model": "archive.runcomponent", 
        "pk": 49
    }, 
    {
        "fields": {
            "_complete": true, 
            "_redacted": false, 
            "_successful": true, 
            "end_time": "2000-01-01T00:00:58Z", 
            "execrecord": 24, 
            "is_cancelled": false, 
            "reused": true, 
            "start_time": "2000-01-01T00:00:58Z"
        }, 
        "model": "archive.runcomponent", 
        "pk": 50
    }, 
    {
        "fields": {
            "_complete": true, 
            "_redacted": false, 
            "_successful": true, 
            "end_time": "2000-01-01T00:01:01Z", 
            "execrecord": 27, 
            "is_cancelled": false, 
            "reused": false, 
            "start_time": "2000-01-01T00:00:59Z"
        }, 
        "model": "archive.runcomponent", 
        "pk": 51
    }, 
    {
        "fields": {
            "_complete": true, 
            "_redacted": false, 
            "_successful": true, 
            "end_time": "2000-01-01T00:01:00Z", 
            "execrecord": 26, 
            "is_cancelled": false, 
            "reused": false, 
            "start_time": "2000-01-01T00:01:00Z"
        }, 
        "model": "archive.runcomponent", 
        "pk": 52
    }, 
    {
        "fields": {
            "_complete": true, 
            "_redacted": false, 
            "_successful": true, 
            "end_time": "2000-01-01T00:01:01Z", 
            "execrecord": 28, 
            "is_cancelled": false, 
            "reused": false, 
            "start_time": "2000-01-01T00:01:01Z"
        }, 
        "model": "archive.runcomponent", 
        "pk": 53
    }, 
    {
        "fields": {
            "_complete": true, 
            "_redacted": false, 
            "_successful": true, 
            "end_time": "2000-01-01T00:01:04Z", 
            "execrecord": 28, 
            "is_cancelled": false, 
            "reused": true, 
            "start_time": "2000-01-01T00:01:04Z"
        }, 
        "model": "archive.runcomponent", 
        "pk": 54
    }, 
    {
        "fields": {
            "_complete": true, 
            "_redacted": false, 
            "_successful": true, 
            "end_time": "2000-01-01T00:01:11Z", 
            "execrecord": 28, 
            "is_cancelled": false, 
            "reused": true, 
            "start_time": "2000-01-01T00:01:11Z"
        }, 
        "model": "archive.runcomponent", 
        "pk": 55
    }, 
    {
        "fields": {
            "pipelinestep": 1, 
            "run": 3
        }, 
        "model": "archive.runstep", 
        "pk": 1
    }, 
    {
        "fields": {
            "pipelinestep": 2, 
            "run": 4
        }, 
        "model": "archive.runstep", 
        "pk": 2
    }, 
    {
        "fields": {
            "pipelinestep": 4, 
            "run": 5
        }, 
        "model": "archive.runstep", 
        "pk": 3
    }, 
    {
        "fields": {
            "pipelinestep": 9, 
            "run": 6
        }, 
        "model": "archive.runstep", 
        "pk": 4
    }, 
    {
        "fields": {
            "pipelinestep": 7, 
            "run": 7
        }, 
        "model": "archive.runstep", 
        "pk": 6
    }, 
    {
        "fields": {
            "pipelinestep": 5, 
            "run": 8
        }, 
        "model": "archive.runstep", 
        "pk": 8
    }, 
    {
        "fields": {
            "pipelinestep": 6, 
            "run": 8
        }, 
        "model": "archive.runstep", 
        "pk": 10
    }, 
    {
        "fields": {
            "pipelinestep": 8, 
            "run": 7
        }, 
        "model": "archive.runstep", 
        "pk": 13
    }, 
    {
        "fields": {
            "pipelinestep": 5, 
            "run": 9
        }, 
        "model": "archive.runstep", 
        "pk": 15
    }, 
    {
        "fields": {
            "pipelinestep": 6, 
            "run": 9
        }, 
        "model": "archive.runstep", 
        "pk": 17
    }, 
    {
        "fields": {
            "pipelinestep": 10, 
            "run": 6
        }, 
        "model": "archive.runstep", 
        "pk": 21
    }, 
    {
        "fields": {
            "pipelinestep": 7, 
            "run": 10
        }, 
        "model": "archive.runstep", 
        "pk": 23
    }, 
    {
        "fields": {
            "pipelinestep": 5, 
            "run": 11
        }, 
        "model": "archive.runstep", 
        "pk": 25
    }, 
    {
        "fields": {
            "pipelinestep": 6, 
            "run": 11
        }, 
        "model": "archive.runstep", 
        "pk": 27
    }, 
    {
        "fields": {
            "pipelinestep": 8, 
            "run": 10
        }, 
        "model": "archive.runstep", 
        "pk": 30
    }, 
    {
        "fields": {
            "pipelinestep": 5, 
            "run": 12
        }, 
        "model": "archive.runstep", 
        "pk": 32
    }, 
    {
        "fields": {
            "pipelinestep": 6, 
            "run": 12
        }, 
        "model": "archive.runstep", 
        "pk": 34
    }, 
    {
        "fields": {
            "pipelinestep": 11, 
            "run": 6
        }, 
        "model": "archive.runstep", 
        "pk": 38
    }, 
    {
        "fields": {
            "pipelinestep": 7, 
            "run": 13
        }, 
        "model": "archive.runstep", 
        "pk": 40
    }, 
    {
        "fields": {
            "pipelinestep": 5, 
            "run": 14
        }, 
        "model": "archive.runstep", 
        "pk": 42
    }, 
    {
        "fields": {
            "pipelinestep": 6, 
            "run": 14
        }, 
        "model": "archive.runstep", 
        "pk": 44
    }, 
    {
        "fields": {
            "pipelinestep": 8, 
            "run": 13
        }, 
        "model": "archive.runstep", 
        "pk": 47
    }, 
    {
        "fields": {
            "pipelinestep": 5, 
            "run": 15
        }, 
        "model": "archive.runstep", 
        "pk": 49
    }, 
    {
        "fields": {
            "pipelinestep": 6, 
            "run": 15
        }, 
        "model": "archive.runstep", 
        "pk": 51
    }, 
    {
        "fields": {
            "PSIC": 18, 
            "runstep": 4
        }, 
        "model": "archive.runsic", 
        "pk": 5
    }, 
    {
        "fields": {
            "PSIC": 15, 
            "runstep": 6
        }, 
        "model": "archive.runsic", 
        "pk": 7
    }, 
    {
        "fields": {
            "PSIC": 12, 
            "runstep": 8
        }, 
        "model": "archive.runsic", 
        "pk": 9
    }, 
    {
        "fields": {
            "PSIC": 13, 
            "runstep": 10
        }, 
        "model": "archive.runsic", 
        "pk": 11
    }, 
    {
        "fields": {
            "PSIC": 16, 
            "runstep": 13
        }, 
        "model": "archive.runsic", 
        "pk": 14
    }, 
    {
        "fields": {
            "PSIC": 12, 
            "runstep": 15
        }, 
        "model": "archive.runsic", 
        "pk": 16
    }, 
    {
        "fields": {
            "PSIC": 13, 
            "runstep": 17
        }, 
        "model": "archive.runsic", 
        "pk": 18
    }, 
    {
        "fields": {
            "PSIC": 19, 
            "runstep": 21
        }, 
        "model": "archive.runsic", 
        "pk": 22
    }, 
    {
        "fields": {
            "PSIC": 15, 
            "runstep": 23
        }, 
        "model": "archive.runsic", 
        "pk": 24
    }, 
    {
        "fields": {
            "PSIC": 12, 
            "runstep": 25
        }, 
        "model": "archive.runsic", 
        "pk": 26
    }, 
    {
        "fields": {
            "PSIC": 13, 
            "runstep": 27
        }, 
        "model": "archive.runsic", 
        "pk": 28
    }, 
    {
        "fields": {
            "PSIC": 16, 
            "runstep": 30
        }, 
        "model": "archive.runsic", 
        "pk": 31
    }, 
    {
        "fields": {
            "PSIC": 12, 
            "runstep": 32
        }, 
        "model": "archive.runsic", 
        "pk": 33
    }, 
    {
        "fields": {
            "PSIC": 13, 
            "runstep": 34
        }, 
        "model": "archive.runsic", 
        "pk": 35
    }, 
    {
        "fields": {
            "PSIC": 20, 
            "runstep": 38
        }, 
        "model": "archive.runsic", 
        "pk": 39
    }, 
    {
        "fields": {
            "PSIC": 15, 
            "runstep": 40
        }, 
        "model": "archive.runsic", 
        "pk": 41
    }, 
    {
        "fields": {
            "PSIC": 12, 
            "runstep": 42
        }, 
        "model": "archive.runsic", 
        "pk": 43
    }, 
    {
        "fields": {
            "PSIC": 13, 
            "runstep": 44
        }, 
        "model": "archive.runsic", 
        "pk": 45
    }, 
    {
        "fields": {
            "PSIC": 16, 
            "runstep": 47
        }, 
        "model": "archive.runsic", 
        "pk": 48
    }, 
    {
        "fields": {
            "PSIC": 12, 
            "runstep": 49
        }, 
        "model": "archive.runsic", 
        "pk": 50
    }, 
    {
        "fields": {
            "PSIC": 13, 
            "runstep": 51
        }, 
        "model": "archive.runsic", 
        "pk": 52
    }, 
    {
        "fields": {
            "pipelineoutputcable": 14, 
            "run": 8
        }, 
        "model": "archive.runoutputcable", 
        "pk": 12
    }, 
    {
        "fields": {
            "pipelineoutputcable": 14, 
            "run": 9
        }, 
        "model": "archive.runoutputcable", 
        "pk": 19
    }, 
    {
        "fields": {
            "pipelineoutputcable": 17, 
            "run": 7
        }, 
        "model": "archive.runoutputcable", 
        "pk": 20
    }, 
    {
        "fields": {
            "pipelineoutputcable": 14, 
            "run": 11
        }, 
        "model": "archive.runoutputcable", 
        "pk": 29
    }, 
    {
        "fields": {
            "pipelineoutputcable": 14, 
            "run": 12
        }, 
        "model": "archive.runoutputcable", 
        "pk": 36
    }, 
    {
        "fields": {
            "pipelineoutputcable": 17, 
            "run": 10
        }, 
        "model": "archive.runoutputcable", 
        "pk": 37
    }, 
    {
        "fields": {
            "pipelineoutputcable": 14, 
            "run": 14
        }, 
        "model": "archive.runoutputcable", 
        "pk": 46
    }, 
    {
        "fields": {
            "pipelineoutputcable": 14, 
            "run": 15
        }, 
        "model": "archive.runoutputcable", 
        "pk": 53
    }, 
    {
        "fields": {
            "pipelineoutputcable": 17, 
            "run": 13
        }, 
        "model": "archive.runoutputcable", 
        "pk": 54
    }, 
    {
        "fields": {
            "pipelineoutputcable": 21, 
            "run": 6
        }, 
        "model": "archive.runoutputcable", 
        "pk": 55
    }, 
    {
        "fields": {
            "end_time": null, 
            "invoking_record": 1, 
            "record": 1, 
            "start_time": null
        }, 
        "model": "archive.execlog", 
        "pk": 1
    }, 
    {
        "fields": {
            "end_time": null, 
            "invoking_record": 2, 
            "record": 2, 
            "start_time": null
        }, 
        "model": "archive.execlog", 
        "pk": 2
    }, 
    {
        "fields": {
            "end_time": null, 
            "invoking_record": 3, 
            "record": 3, 
            "start_time": null
        }, 
        "model": "archive.execlog", 
        "pk": 3
    }, 
    {
        "fields": {
            "end_time": "2000-01-01T00:00:06Z", 
            "invoking_record": 5, 
            "record": 5, 
            "start_time": "2000-01-01T00:00:06Z"
        }, 
        "model": "archive.execlog", 
        "pk": 4
    }, 
    {
        "fields": {
            "end_time": "2000-01-01T00:00:07Z", 
            "invoking_record": 8, 
            "record": 8, 
            "start_time": "2000-01-01T00:00:07Z"
        }, 
        "model": "archive.execlog", 
        "pk": 5
    }, 
    {
        "fields": {
            "end_time": "2000-01-01T00:00:08Z", 
            "invoking_record": 11, 
            "record": 11, 
            "start_time": "2000-01-01T00:00:08Z"
        }, 
        "model": "archive.execlog", 
        "pk": 6
    }, 
    {
        "fields": {
            "end_time": "2000-01-01T00:00:09Z", 
            "invoking_record": 10, 
            "record": 10, 
            "start_time": "2000-01-01T00:00:09Z"
        }, 
        "model": "archive.execlog", 
        "pk": 7
    }, 
    {
        "fields": {
            "end_time": "2000-01-01T00:00:10Z", 
            "invoking_record": 12, 
            "record": 12, 
            "start_time": "2000-01-01T00:00:10Z"
        }, 
        "model": "archive.execlog", 
        "pk": 8
    }, 
    {
        "fields": {
            "end_time": "2000-01-01T00:00:14Z", 
            "invoking_record": 15, 
            "record": 15, 
            "start_time": "2000-01-01T00:00:13Z"
        }, 
        "model": "archive.execlog", 
        "pk": 9
    }, 
    {
        "fields": {
            "end_time": "2000-01-01T00:00:15Z", 
            "invoking_record": 18, 
            "record": 18, 
            "start_time": "2000-01-01T00:00:15Z"
        }, 
        "model": "archive.execlog", 
        "pk": 10
    }, 
    {
        "fields": {
            "end_time": "2000-01-01T00:00:15Z", 
            "invoking_record": 17, 
            "record": 17, 
            "start_time": "2000-01-01T00:00:15Z"
        }, 
        "model": "archive.execlog", 
        "pk": 11
    }, 
    {
        "fields": {
            "end_time": "2000-01-01T00:00:16Z", 
            "invoking_record": 19, 
            "record": 19, 
            "start_time": "2000-01-01T00:00:16Z"
        }, 
        "model": "archive.execlog", 
        "pk": 12
    }, 
    {
        "fields": {
            "end_time": "2000-01-01T00:00:27Z", 
            "invoking_record": 25, 
            "record": 25, 
            "start_time": "2000-01-01T00:00:27Z"
        }, 
        "model": "archive.execlog", 
        "pk": 13
    }, 
    {
        "fields": {
            "end_time": "2000-01-01T00:00:28Z", 
            "invoking_record": 28, 
            "record": 28, 
            "start_time": "2000-01-01T00:00:28Z"
        }, 
        "model": "archive.execlog", 
        "pk": 14
    }, 
    {
        "fields": {
            "end_time": "2000-01-01T00:00:29Z", 
            "invoking_record": 27, 
            "record": 27, 
            "start_time": "2000-01-01T00:00:29Z"
        }, 
        "model": "archive.execlog", 
        "pk": 15
    }, 
    {
        "fields": {
            "end_time": "2000-01-01T00:00:30Z", 
            "invoking_record": 29, 
            "record": 29, 
            "start_time": "2000-01-01T00:00:30Z"
        }, 
        "model": "archive.execlog", 
        "pk": 16
    }, 
    {
        "fields": {
            "end_time": "2000-01-01T00:00:35Z", 
            "invoking_record": 32, 
            "record": 32, 
            "start_time": "2000-01-01T00:00:35Z"
        }, 
        "model": "archive.execlog", 
        "pk": 17
    }, 
    {
        "fields": {
            "end_time": "2000-01-01T00:00:36Z", 
            "invoking_record": 35, 
            "record": 35, 
            "start_time": "2000-01-01T00:00:36Z"
        }, 
        "model": "archive.execlog", 
        "pk": 18
    }, 
    {
        "fields": {
            "end_time": "2000-01-01T00:00:37Z", 
            "invoking_record": 34, 
            "record": 34, 
            "start_time": "2000-01-01T00:00:37Z"
        }, 
        "model": "archive.execlog", 
        "pk": 19
    }, 
    {
        "fields": {
            "end_time": "2000-01-01T00:00:38Z", 
            "invoking_record": 36, 
            "record": 36, 
            "start_time": "2000-01-01T00:00:38Z"
        }, 
        "model": "archive.execlog", 
        "pk": 20
    }, 
    {
        "fields": {
            "end_time": "2000-01-01T00:00:50Z", 
            "invoking_record": 42, 
            "record": 42, 
            "start_time": "2000-01-01T00:00:50Z"
        }, 
        "model": "archive.execlog", 
        "pk": 21
    }, 
    {
        "fields": {
            "end_time": "2000-01-01T00:00:52Z", 
            "invoking_record": 45, 
            "record": 45, 
            "start_time": "2000-01-01T00:00:52Z"
        }, 
        "model": "archive.execlog", 
        "pk": 22
    }, 
    {
        "fields": {
            "end_time": "2000-01-01T00:00:52Z", 
            "invoking_record": 44, 
            "record": 44, 
            "start_time": "2000-01-01T00:00:52Z"
        }, 
        "model": "archive.execlog", 
        "pk": 23
    }, 
    {
        "fields": {
            "end_time": "2000-01-01T00:00:53Z", 
            "invoking_record": 46, 
            "record": 46, 
            "start_time": "2000-01-01T00:00:53Z"
        }, 
        "model": "archive.execlog", 
        "pk": 24
    }, 
    {
        "fields": {
            "end_time": "2000-01-01T00:00:59Z", 
            "invoking_record": 49, 
            "record": 49, 
            "start_time": "2000-01-01T00:00:58Z"
        }, 
        "model": "archive.execlog", 
        "pk": 25
    }, 
    {
        "fields": {
            "end_time": "2000-01-01T00:01:00Z", 
            "invoking_record": 52, 
            "record": 52, 
            "start_time": "2000-01-01T00:01:00Z"
        }, 
        "model": "archive.execlog", 
        "pk": 26
    }, 
    {
        "fields": {
            "end_time": "2000-01-01T00:01:00Z", 
            "invoking_record": 51, 
            "record": 51, 
            "start_time": "2000-01-01T00:01:00Z"
        }, 
        "model": "archive.execlog", 
        "pk": 27
    }, 
    {
        "fields": {
            "end_time": "2000-01-01T00:01:01Z", 
            "invoking_record": 53, 
            "record": 53, 
            "start_time": "2000-01-01T00:01:01Z"
        }, 
        "model": "archive.execlog", 
        "pk": 28
    }, 
    {
        "fields": {
            "are_checksums_OK": true, 
            "code_redacted": false, 
            "error_log": "", 
            "error_redacted": false, 
            "execlog": 1, 
            "output_log": "", 
            "output_redacted": false, 
            "return_code": 0
        }, 
        "model": "archive.methodoutput", 
        "pk": 1
    }, 
    {
        "fields": {
            "are_checksums_OK": true, 
            "code_redacted": false, 
            "error_log": "", 
            "error_redacted": false, 
            "execlog": 2, 
            "output_log": "", 
            "output_redacted": false, 
            "return_code": 1
        }, 
        "model": "archive.methodoutput", 
        "pk": 2
    }, 
    {
        "fields": {
            "are_checksums_OK": true, 
            "code_redacted": false, 
            "error_log": "", 
            "error_redacted": false, 
            "execlog": 3, 
            "output_log": "", 
            "output_redacted": false, 
            "return_code": 0
        }, 
        "model": "archive.methodoutput", 
        "pk": 3
    }, 
    {
        "fields": {
            "are_checksums_OK": true, 
            "code_redacted": false, 
            "error_log": "Logs/step1_stderr.txt", 
            "error_redacted": false, 
            "execlog": 5, 
            "output_log": "Logs/step1_stdout.txt", 
            "output_redacted": false, 
            "return_code": 0
        }, 
        "model": "archive.methodoutput", 
        "pk": 4
    }, 
    {
        "fields": {
            "are_checksums_OK": true, 
            "code_redacted": false, 
            "error_log": "Logs/step2_stderr.txt", 
            "error_redacted": false, 
            "execlog": 7, 
            "output_log": "Logs/step2_stdout.txt", 
            "output_redacted": false, 
            "return_code": 0
        }, 
        "model": "archive.methodoutput", 
        "pk": 5
    }, 
    {
        "fields": {
            "are_checksums_OK": true, 
            "code_redacted": false, 
            "error_log": "Logs/step1_stderr_7wL85GV.txt", 
            "error_redacted": false, 
            "execlog": 9, 
            "output_log": "Logs/step1_stdout_X5iFvCT.txt", 
            "output_redacted": false, 
            "return_code": 0
        }, 
        "model": "archive.methodoutput", 
        "pk": 6
    }, 
    {
        "fields": {
            "are_checksums_OK": true, 
            "code_redacted": false, 
            "error_log": "Logs/step2_stderr_ogoHnKe.txt", 
            "error_redacted": false, 
            "execlog": 11, 
            "output_log": "Logs/step2_stdout_aNor7no.txt", 
            "output_redacted": false, 
            "return_code": 0
        }, 
        "model": "archive.methodoutput", 
        "pk": 7
    }, 
    {
        "fields": {
            "are_checksums_OK": true, 
            "code_redacted": false, 
            "error_log": "Logs/step1_stderr_QmkMYeZ.txt", 
            "error_redacted": false, 
            "execlog": 13, 
            "output_log": "Logs/step1_stdout_MQezVSk.txt", 
            "output_redacted": false, 
            "return_code": 0
        }, 
        "model": "archive.methodoutput", 
        "pk": 8
    }, 
    {
        "fields": {
            "are_checksums_OK": true, 
            "code_redacted": false, 
            "error_log": "Logs/step2_stderr_PFiANeE.txt", 
            "error_redacted": false, 
            "execlog": 15, 
            "output_log": "Logs/step2_stdout_tajzf4U.txt", 
            "output_redacted": false, 
            "return_code": 0
        }, 
        "model": "archive.methodoutput", 
        "pk": 9
    }, 
    {
        "fields": {
            "are_checksums_OK": true, 
            "code_redacted": false, 
            "error_log": "Logs/step1_stderr_KvaScwG.txt", 
            "error_redacted": false, 
            "execlog": 17, 
            "output_log": "Logs/step1_stdout_bkk8DRw.txt", 
            "output_redacted": false, 
            "return_code": 0
        }, 
        "model": "archive.methodoutput", 
        "pk": 10
    }, 
    {
        "fields": {
            "are_checksums_OK": true, 
            "code_redacted": false, 
            "error_log": "Logs/step2_stderr_20A8pCf.txt", 
            "error_redacted": false, 
            "execlog": 19, 
            "output_log": "Logs/step2_stdout_t2do017.txt", 
            "output_redacted": false, 
            "return_code": 0
        }, 
        "model": "archive.methodoutput", 
        "pk": 11
    }, 
    {
        "fields": {
            "are_checksums_OK": true, 
            "code_redacted": false, 
            "error_log": "Logs/step1_stderr_FqCtDRq.txt", 
            "error_redacted": false, 
            "execlog": 21, 
            "output_log": "Logs/step1_stdout_CMdP9Ug.txt", 
            "output_redacted": false, 
            "return_code": 0
        }, 
        "model": "archive.methodoutput", 
        "pk": 12
    }, 
    {
        "fields": {
            "are_checksums_OK": true, 
            "code_redacted": false, 
            "error_log": "Logs/step2_stderr_cKVD5s9.txt", 
            "error_redacted": false, 
            "execlog": 23, 
            "output_log": "Logs/step2_stdout_KkbpLrj.txt", 
            "output_redacted": false, 
            "return_code": 0
        }, 
        "model": "archive.methodoutput", 
        "pk": 13
    }, 
    {
        "fields": {
            "are_checksums_OK": true, 
            "code_redacted": false, 
            "error_log": "Logs/step1_stderr_Ko7vL59.txt", 
            "error_redacted": false, 
            "execlog": 25, 
            "output_log": "Logs/step1_stdout_Ze4PKGi.txt", 
            "output_redacted": false, 
            "return_code": 0
        }, 
        "model": "archive.methodoutput", 
        "pk": 14
    }, 
    {
        "fields": {
            "are_checksums_OK": true, 
            "code_redacted": false, 
            "error_log": "Logs/step2_stderr_riusRCx.txt", 
            "error_redacted": false, 
            "execlog": 27, 
            "output_log": "Logs/step2_stdout_BIGagkb.txt", 
            "output_redacted": false, 
            "return_code": 0
        }, 
        "model": "archive.methodoutput", 
        "pk": 15
    }, 
    {
        "fields": {
            "compounddatatype": 14, 
            "dataset": 1, 
            "num_rows": 10
        }, 
        "model": "librarian.datasetstructure", 
        "pk": 1
    }, 
    {
        "fields": {
            "compounddatatype": 12, 
            "dataset": 2, 
            "num_rows": 3
        }, 
        "model": "librarian.datasetstructure", 
        "pk": 2
    }, 
    {
        "fields": {
            "compounddatatype": 13, 
            "dataset": 3, 
            "num_rows": 13
        }, 
        "model": "librarian.datasetstructure", 
        "pk": 3
    }, 
    {
        "fields": {
            "compounddatatype": 13, 
            "dataset": 4, 
            "num_rows": 3
        }, 
        "model": "librarian.datasetstructure", 
        "pk": 4
    }, 
    {
        "fields": {
            "compounddatatype": 12, 
            "dataset": 6, 
            "num_rows": 10
        }, 
        "model": "librarian.datasetstructure", 
        "pk": 5
    }, 
    {
        "fields": {
            "compounddatatype": 14, 
            "dataset": 7, 
            "num_rows": 3
        }, 
        "model": "librarian.datasetstructure", 
        "pk": 6
    }, 
    {
        "fields": {
            "compounddatatype": 12, 
            "dataset": 8, 
            "num_rows": 3
        }, 
        "model": "librarian.datasetstructure", 
        "pk": 7
    }, 
    {
        "fields": {
            "compounddatatype": 12, 
            "dataset": 9, 
            "num_rows": 3
        }, 
        "model": "librarian.datasetstructure", 
        "pk": 8
    }, 
    {
        "fields": {
            "compounddatatype": 13, 
            "dataset": 10, 
            "num_rows": 3
        }, 
        "model": "librarian.datasetstructure", 
        "pk": 9
    }, 
    {
        "fields": {
            "compounddatatype": 14, 
            "dataset": 13, 
            "num_rows": 3
        }, 
        "model": "librarian.datasetstructure", 
        "pk": 10
    }, 
    {
        "fields": {
            "compounddatatype": 12, 
            "dataset": 14, 
            "num_rows": 3
        }, 
        "model": "librarian.datasetstructure", 
        "pk": 11
    }, 
    {
        "fields": {
            "compounddatatype": 17, 
            "dataset": 15, 
            "num_rows": 3
        }, 
        "model": "librarian.datasetstructure", 
        "pk": 12
    }, 
    {
        "fields": {
            "compounddatatype": 18, 
            "dataset": 16, 
            "num_rows": 3
        }, 
        "model": "librarian.datasetstructure", 
        "pk": 13
    }, 
    {
        "fields": {
            "compounddatatype": 18, 
            "dataset": 17, 
            "num_rows": 3
        }, 
        "model": "librarian.datasetstructure", 
        "pk": 14
    }, 
    {
        "fields": {
            "compounddatatype": 19, 
            "dataset": 18, 
            "num_rows": 1
        }, 
        "model": "librarian.datasetstructure", 
        "pk": 15
    }, 
    {
        "fields": {
            "compounddatatype": 19, 
            "dataset": 19, 
            "num_rows": 1
        }, 
        "model": "librarian.datasetstructure", 
        "pk": 16
    }, 
    {
        "fields": {
            "compounddatatype": 19, 
            "dataset": 20, 
            "num_rows": 1
        }, 
        "model": "librarian.datasetstructure", 
        "pk": 17
    }, 
    {
        "fields": {
            "compounddatatype": 19, 
            "dataset": 21, 
            "num_rows": 1
        }, 
        "model": "librarian.datasetstructure", 
        "pk": 18
    }, 
    {
        "fields": {
            "compounddatatype": 19, 
            "dataset": 22, 
            "num_rows": 1
        }, 
        "model": "librarian.datasetstructure", 
        "pk": 19
    }, 
    {
        "fields": {
            "compounddatatype": 19, 
            "dataset": 23, 
            "num_rows": 1
        }, 
        "model": "librarian.datasetstructure", 
        "pk": 20
    }, 
    {
        "fields": {
            "compounddatatype": 19, 
            "dataset": 24, 
            "num_rows": 1
        }, 
        "model": "librarian.datasetstructure", 
        "pk": 21
    }, 
    {
        "fields": {
            "compounddatatype": 19, 
            "dataset": 25, 
            "num_rows": 1
        }, 
        "model": "librarian.datasetstructure", 
        "pk": 22
    }, 
    {
        "fields": {
            "compounddatatype": 19, 
            "dataset": 26, 
            "num_rows": 1
        }, 
        "model": "librarian.datasetstructure", 
        "pk": 23
    }, 
    {
        "fields": {
            "compounddatatype": 19, 
            "dataset": 27, 
            "num_rows": 1
        }, 
        "model": "librarian.datasetstructure", 
        "pk": 24
    }, 
    {
        "fields": {
            "compounddatatype": 19, 
            "dataset": 28, 
            "num_rows": 1
        }, 
        "model": "librarian.datasetstructure", 
        "pk": 25
    }, 
    {
        "fields": {
            "compounddatatype": 19, 
            "dataset": 29, 
            "num_rows": 1
        }, 
        "model": "librarian.datasetstructure", 
        "pk": 26
    }, 
    {
        "fields": {
            "compounddatatype": 19, 
            "dataset": 30, 
            "num_rows": 1
        }, 
        "model": "librarian.datasetstructure", 
        "pk": 27
    }, 
    {
        "fields": {
            "generator": 1
        }, 
        "model": "librarian.execrecord", 
        "pk": 1
    }, 
    {
        "fields": {
            "generator": 2
        }, 
        "model": "librarian.execrecord", 
        "pk": 2
    }, 
    {
        "fields": {
            "generator": 3
        }, 
        "model": "librarian.execrecord", 
        "pk": 3
    }, 
    {
        "fields": {
            "generator": 4
        }, 
        "model": "librarian.execrecord", 
        "pk": 4
    }, 
    {
        "fields": {
            "generator": 5
        }, 
        "model": "librarian.execrecord", 
        "pk": 5
    }, 
    {
        "fields": {
            "generator": 6
        }, 
        "model": "librarian.execrecord", 
        "pk": 6
    }, 
    {
        "fields": {
            "generator": 7
        }, 
        "model": "librarian.execrecord", 
        "pk": 7
    }, 
    {
        "fields": {
            "generator": 8
        }, 
        "model": "librarian.execrecord", 
        "pk": 8
    }, 
    {
        "fields": {
            "generator": 9
        }, 
        "model": "librarian.execrecord", 
        "pk": 9
    }, 
    {
        "fields": {
            "generator": 10
        }, 
        "model": "librarian.execrecord", 
        "pk": 10
    }, 
    {
        "fields": {
            "generator": 11
        }, 
        "model": "librarian.execrecord", 
        "pk": 11
    }, 
    {
        "fields": {
            "generator": 12
        }, 
        "model": "librarian.execrecord", 
        "pk": 12
    }, 
    {
        "fields": {
            "generator": 13
        }, 
        "model": "librarian.execrecord", 
        "pk": 13
    }, 
    {
        "fields": {
            "generator": 14
        }, 
        "model": "librarian.execrecord", 
        "pk": 14
    }, 
    {
        "fields": {
            "generator": 15
        }, 
        "model": "librarian.execrecord", 
        "pk": 15
    }, 
    {
        "fields": {
            "generator": 16
        }, 
        "model": "librarian.execrecord", 
        "pk": 16
    }, 
    {
        "fields": {
            "generator": 17
        }, 
        "model": "librarian.execrecord", 
        "pk": 17
    }, 
    {
        "fields": {
            "generator": 18
        }, 
        "model": "librarian.execrecord", 
        "pk": 18
    }, 
    {
        "fields": {
            "generator": 19
        }, 
        "model": "librarian.execrecord", 
        "pk": 19
    }, 
    {
        "fields": {
            "generator": 20
        }, 
        "model": "librarian.execrecord", 
        "pk": 20
    }, 
    {
        "fields": {
            "generator": 21
        }, 
        "model": "librarian.execrecord", 
        "pk": 21
    }, 
    {
        "fields": {
            "generator": 22
        }, 
        "model": "librarian.execrecord", 
        "pk": 22
    }, 
    {
        "fields": {
            "generator": 23
        }, 
        "model": "librarian.execrecord", 
        "pk": 23
    }, 
    {
        "fields": {
            "generator": 24
        }, 
        "model": "librarian.execrecord", 
        "pk": 24
    }, 
    {
        "fields": {
            "generator": 25
        }, 
        "model": "librarian.execrecord", 
        "pk": 25
    }, 
    {
        "fields": {
            "generator": 26
        }, 
        "model": "librarian.execrecord", 
        "pk": 26
    }, 
    {
        "fields": {
            "generator": 27
        }, 
        "model": "librarian.execrecord", 
        "pk": 27
    }, 
    {
        "fields": {
            "generator": 28
        }, 
        "model": "librarian.execrecord", 
        "pk": 28
    }, 
    {
        "fields": {
            "dataset": 10, 
            "execrecord": 1, 
            "generic_input": 4
        }, 
        "model": "librarian.execrecordin", 
        "pk": 1
    }, 
    {
        "fields": {
            "dataset": 14, 
            "execrecord": 1, 
            "generic_input": 3
        }, 
        "model": "librarian.execrecordin", 
        "pk": 2
    }, 
    {
        "fields": {
            "dataset": 12, 
            "execrecord": 2, 
            "generic_input": 1
        }, 
        "model": "librarian.execrecordin", 
        "pk": 3
    }, 
    {
        "fields": {
            "dataset": 14, 
            "execrecord": 3, 
            "generic_input": 7
        }, 
        "model": "librarian.execrecordin", 
        "pk": 4
    }, 
    {
        "fields": {
            "dataset": 13, 
            "execrecord": 3, 
            "generic_input": 6
        }, 
        "model": "librarian.execrecordin", 
        "pk": 5
    }, 
    {
        "fields": {
            "dataset": 18, 
            "execrecord": 4, 
            "generic_input": 32
        }, 
        "model": "librarian.execrecordin", 
        "pk": 6
    }, 
    {
        "fields": {
            "dataset": 18, 
            "execrecord": 5, 
            "generic_input": 20
        }, 
        "model": "librarian.execrecordin", 
        "pk": 7
    }, 
    {
        "fields": {
            "dataset": 19, 
            "execrecord": 6, 
            "generic_input": 21
        }, 
        "model": "librarian.execrecordin", 
        "pk": 8
    }, 
    {
        "fields": {
            "dataset": 19, 
            "execrecord": 7, 
            "generic_input": 20
        }, 
        "model": "librarian.execrecordin", 
        "pk": 9
    }, 
    {
        "fields": {
            "dataset": 20, 
            "execrecord": 8, 
            "generic_input": 21
        }, 
        "model": "librarian.execrecordin", 
        "pk": 10
    }, 
    {
        "fields": {
            "dataset": 20, 
            "execrecord": 9, 
            "generic_input": 20
        }, 
        "model": "librarian.execrecordin", 
        "pk": 11
    }, 
    {
        "fields": {
            "dataset": 21, 
            "execrecord": 10, 
            "generic_input": 21
        }, 
        "model": "librarian.execrecordin", 
        "pk": 12
    }, 
    {
        "fields": {
            "dataset": 21, 
            "execrecord": 11, 
            "generic_input": 20
        }, 
        "model": "librarian.execrecordin", 
        "pk": 13
    }, 
    {
        "fields": {
            "dataset": 22, 
            "execrecord": 12, 
            "generic_input": 21
        }, 
        "model": "librarian.execrecordin", 
        "pk": 14
    }, 
    {
        "fields": {
            "dataset": 22, 
            "execrecord": 13, 
            "generic_input": 20
        }, 
        "model": "librarian.execrecordin", 
        "pk": 15
    }, 
    {
        "fields": {
            "dataset": 23, 
            "execrecord": 14, 
            "generic_input": 21
        }, 
        "model": "librarian.execrecordin", 
        "pk": 16
    }, 
    {
        "fields": {
            "dataset": 23, 
            "execrecord": 15, 
            "generic_input": 20
        }, 
        "model": "librarian.execrecordin", 
        "pk": 17
    }, 
    {
        "fields": {
            "dataset": 24, 
            "execrecord": 16, 
            "generic_input": 21
        }, 
        "model": "librarian.execrecordin", 
        "pk": 18
    }, 
    {
        "fields": {
            "dataset": 24, 
            "execrecord": 17, 
            "generic_input": 20
        }, 
        "model": "librarian.execrecordin", 
        "pk": 19
    }, 
    {
        "fields": {
            "dataset": 25, 
            "execrecord": 18, 
            "generic_input": 21
        }, 
        "model": "librarian.execrecordin", 
        "pk": 20
    }, 
    {
        "fields": {
            "dataset": 25, 
            "execrecord": 19, 
            "generic_input": 20
        }, 
        "model": "librarian.execrecordin", 
        "pk": 21
    }, 
    {
        "fields": {
            "dataset": 26, 
            "execrecord": 20, 
            "generic_input": 21
        }, 
        "model": "librarian.execrecordin", 
        "pk": 22
    }, 
    {
        "fields": {
            "dataset": 26, 
            "execrecord": 21, 
            "generic_input": 20
        }, 
        "model": "librarian.execrecordin", 
        "pk": 23
    }, 
    {
        "fields": {
            "dataset": 27, 
            "execrecord": 22, 
            "generic_input": 21
        }, 
        "model": "librarian.execrecordin", 
        "pk": 24
    }, 
    {
        "fields": {
            "dataset": 27, 
            "execrecord": 23, 
            "generic_input": 20
        }, 
        "model": "librarian.execrecordin", 
        "pk": 25
    }, 
    {
        "fields": {
            "dataset": 28, 
            "execrecord": 24, 
            "generic_input": 21
        }, 
        "model": "librarian.execrecordin", 
        "pk": 26
    }, 
    {
        "fields": {
            "dataset": 28, 
            "execrecord": 25, 
            "generic_input": 20
        }, 
        "model": "librarian.execrecordin", 
        "pk": 27
    }, 
    {
        "fields": {
            "dataset": 29, 
            "execrecord": 26, 
            "generic_input": 21
        }, 
        "model": "librarian.execrecordin", 
        "pk": 28
    }, 
    {
        "fields": {
            "dataset": 29, 
            "execrecord": 27, 
            "generic_input": 20
        }, 
        "model": "librarian.execrecordin", 
        "pk": 29
    }, 
    {
        "fields": {
            "dataset": 30, 
            "execrecord": 28, 
            "generic_input": 21
        }, 
        "model": "librarian.execrecordin", 
        "pk": 30
    }, 
    {
        "fields": {
            "dataset": 18, 
            "execrecord": 4, 
            "generic_output": 29
        }, 
        "model": "librarian.execrecordout", 
        "pk": 1
    }, 
    {
        "fields": {
            "dataset": 19, 
            "execrecord": 5, 
            "generic_output": 21
        }, 
        "model": "librarian.execrecordout", 
        "pk": 2
    }, 
    {
        "fields": {
            "dataset": 19, 
            "execrecord": 6, 
            "generic_output": 20
        }, 
        "model": "librarian.execrecordout", 
        "pk": 3
    }, 
    {
        "fields": {
            "dataset": 20, 
            "execrecord": 7, 
            "generic_output": 21
        }, 
        "model": "librarian.execrecordout", 
        "pk": 4
    }, 
    {
        "fields": {
            "dataset": 20, 
            "execrecord": 8, 
            "generic_output": 28
        }, 
        "model": "librarian.execrecordout", 
        "pk": 5
    }, 
    {
        "fields": {
            "dataset": 21, 
            "execrecord": 9, 
            "generic_output": 21
        }, 
        "model": "librarian.execrecordout", 
        "pk": 6
    }, 
    {
        "fields": {
            "dataset": 21, 
            "execrecord": 10, 
            "generic_output": 20
        }, 
        "model": "librarian.execrecordout", 
        "pk": 7
    }, 
    {
        "fields": {
            "dataset": 22, 
            "execrecord": 11, 
            "generic_output": 21
        }, 
        "model": "librarian.execrecordout", 
        "pk": 8
    }, 
    {
        "fields": {
            "dataset": 22, 
            "execrecord": 12, 
            "generic_output": 28
        }, 
        "model": "librarian.execrecordout", 
        "pk": 9
    }, 
    {
        "fields": {
            "dataset": 23, 
            "execrecord": 13, 
            "generic_output": 21
        }, 
        "model": "librarian.execrecordout", 
        "pk": 10
    }, 
    {
        "fields": {
            "dataset": 23, 
            "execrecord": 14, 
            "generic_output": 20
        }, 
        "model": "librarian.execrecordout", 
        "pk": 11
    }, 
    {
        "fields": {
            "dataset": 24, 
            "execrecord": 15, 
            "generic_output": 21
        }, 
        "model": "librarian.execrecordout", 
        "pk": 12
    }, 
    {
        "fields": {
            "dataset": 24, 
            "execrecord": 16, 
            "generic_output": 28
        }, 
        "model": "librarian.execrecordout", 
        "pk": 13
    }, 
    {
        "fields": {
            "dataset": 25, 
            "execrecord": 17, 
            "generic_output": 21
        }, 
        "model": "librarian.execrecordout", 
        "pk": 14
    }, 
    {
        "fields": {
            "dataset": 25, 
            "execrecord": 18, 
            "generic_output": 20
        }, 
        "model": "librarian.execrecordout", 
        "pk": 15
    }, 
    {
        "fields": {
            "dataset": 26, 
            "execrecord": 19, 
            "generic_output": 21
        }, 
        "model": "librarian.execrecordout", 
        "pk": 16
    }, 
    {
        "fields": {
            "dataset": 26, 
            "execrecord": 20, 
            "generic_output": 28
        }, 
        "model": "librarian.execrecordout", 
        "pk": 17
    }, 
    {
        "fields": {
            "dataset": 27, 
            "execrecord": 21, 
            "generic_output": 21
        }, 
        "model": "librarian.execrecordout", 
        "pk": 18
    }, 
    {
        "fields": {
            "dataset": 27, 
            "execrecord": 22, 
            "generic_output": 20
        }, 
        "model": "librarian.execrecordout", 
        "pk": 19
    }, 
    {
        "fields": {
            "dataset": 28, 
            "execrecord": 23, 
            "generic_output": 21
        }, 
        "model": "librarian.execrecordout", 
        "pk": 20
    }, 
    {
        "fields": {
            "dataset": 28, 
            "execrecord": 24, 
            "generic_output": 28
        }, 
        "model": "librarian.execrecordout", 
        "pk": 21
    }, 
    {
        "fields": {
            "dataset": 29, 
            "execrecord": 25, 
            "generic_output": 21
        }, 
        "model": "librarian.execrecordout", 
        "pk": 22
    }, 
    {
        "fields": {
            "dataset": 29, 
            "execrecord": 26, 
            "generic_output": 20
        }, 
        "model": "librarian.execrecordout", 
        "pk": 23
    }, 
    {
        "fields": {
            "dataset": 30, 
            "execrecord": 27, 
            "generic_output": 21
        }, 
        "model": "librarian.execrecordout", 
        "pk": 24
    }, 
    {
        "fields": {
            "dataset": 30, 
            "execrecord": 28, 
            "generic_output": 28
        }, 
        "model": "librarian.execrecordout", 
        "pk": 25
    }, 
    {
        "fields": {
            "fill_colour": "", 
            "name": "", 
            "outputs_to_delete": [], 
            "pipeline": 4, 
            "step_num": 1, 
            "transformation": 2, 
            "x": 0.0, 
            "y": 0.0
        }, 
        "model": "pipeline.pipelinestep", 
        "pk": 1
    }, 
    {
        "fields": {
            "fill_colour": "", 
            "name": "", 
            "outputs_to_delete": [], 
            "pipeline": 5, 
            "step_num": 1, 
            "transformation": 1, 
            "x": 0.0, 
            "y": 0.0
        }, 
        "model": "pipeline.pipelinestep", 
        "pk": 2
    }, 
    {
        "fields": {
            "fill_colour": "", 
            "name": "", 
            "outputs_to_delete": [], 
            "pipeline": 5, 
            "step_num": 2, 
            "transformation": 4, 
            "x": 0.0, 
            "y": 0.0
        }, 
        "model": "pipeline.pipelinestep", 
        "pk": 3
    }, 
    {
        "fields": {
            "fill_colour": "", 
            "name": "", 
            "outputs_to_delete": [], 
            "pipeline": 5, 
            "step_num": 3, 
            "transformation": 3, 
            "x": 0.0, 
            "y": 0.0
        }, 
        "model": "pipeline.pipelinestep", 
        "pk": 4
    }, 
    {
        "fields": {
            "fill_colour": "", 
            "name": "", 
            "outputs_to_delete": [], 
            "pipeline": 9, 
            "step_num": 1, 
            "transformation": 6, 
            "x": 0.0, 
            "y": 0.0
        }, 
        "model": "pipeline.pipelinestep", 
        "pk": 5
    }, 
    {
        "fields": {
            "fill_colour": "", 
            "name": "", 
            "outputs_to_delete": [], 
            "pipeline": 9, 
            "step_num": 2, 
            "transformation": 6, 
            "x": 0.0, 
            "y": 0.0
        }, 
        "model": "pipeline.pipelinestep", 
        "pk": 6
    }, 
    {
        "fields": {
            "fill_colour": "", 
            "name": "", 
            "outputs_to_delete": [], 
            "pipeline": 10, 
            "step_num": 1, 
            "transformation": 9, 
            "x": 0.0, 
            "y": 0.0
        }, 
        "model": "pipeline.pipelinestep", 
        "pk": 7
    }, 
    {
        "fields": {
            "fill_colour": "", 
            "name": "", 
            "outputs_to_delete": [], 
            "pipeline": 10, 
            "step_num": 2, 
            "transformation": 9, 
            "x": 0.0, 
            "y": 0.0
        }, 
        "model": "pipeline.pipelinestep", 
        "pk": 8
    }, 
    {
        "fields": {
            "fill_colour": "", 
            "name": "", 
            "outputs_to_delete": [], 
            "pipeline": 11, 
            "step_num": 1, 
            "transformation": 10, 
            "x": 0.0, 
            "y": 0.0
        }, 
        "model": "pipeline.pipelinestep", 
        "pk": 9
    }, 
    {
        "fields": {
            "fill_colour": "", 
            "name": "", 
            "outputs_to_delete": [], 
            "pipeline": 11, 
            "step_num": 2, 
            "transformation": 10, 
            "x": 0.0, 
            "y": 0.0
        }, 
        "model": "pipeline.pipelinestep", 
        "pk": 10
    }, 
    {
        "fields": {
            "fill_colour": "", 
            "name": "", 
            "outputs_to_delete": [], 
            "pipeline": 11, 
            "step_num": 3, 
            "transformation": 10, 
            "x": 0.0, 
            "y": 0.0
        }, 
        "model": "pipeline.pipelinestep", 
        "pk": 11
    }, 
    {
        "fields": {}, 
        "model": "pipeline.pipelinecable", 
        "pk": 1
    }, 
    {
        "fields": {}, 
        "model": "pipeline.pipelinecable", 
        "pk": 2
    }, 
    {
        "fields": {}, 
        "model": "pipeline.pipelinecable", 
        "pk": 3
    }, 
    {
        "fields": {}, 
        "model": "pipeline.pipelinecable", 
        "pk": 4
    }, 
    {
        "fields": {}, 
        "model": "pipeline.pipelinecable", 
        "pk": 5
    }, 
    {
        "fields": {}, 
        "model": "pipeline.pipelinecable", 
        "pk": 6
    }, 
    {
        "fields": {}, 
        "model": "pipeline.pipelinecable", 
        "pk": 7
    }, 
    {
        "fields": {}, 
        "model": "pipeline.pipelinecable", 
        "pk": 8
    }, 
    {
        "fields": {}, 
        "model": "pipeline.pipelinecable", 
        "pk": 9
    }, 
    {
        "fields": {}, 
        "model": "pipeline.pipelinecable", 
        "pk": 10
    }, 
    {
        "fields": {}, 
        "model": "pipeline.pipelinecable", 
        "pk": 11
    }, 
    {
        "fields": {}, 
        "model": "pipeline.pipelinecable", 
        "pk": 12
    }, 
    {
        "fields": {}, 
        "model": "pipeline.pipelinecable", 
        "pk": 13
    }, 
    {
        "fields": {}, 
        "model": "pipeline.pipelinecable", 
        "pk": 14
    }, 
    {
        "fields": {}, 
        "model": "pipeline.pipelinecable", 
        "pk": 15
    }, 
    {
        "fields": {}, 
        "model": "pipeline.pipelinecable", 
        "pk": 16
    }, 
    {
        "fields": {}, 
        "model": "pipeline.pipelinecable", 
        "pk": 17
    }, 
    {
        "fields": {}, 
        "model": "pipeline.pipelinecable", 
        "pk": 18
    }, 
    {
        "fields": {}, 
        "model": "pipeline.pipelinecable", 
        "pk": 19
    }, 
    {
        "fields": {}, 
        "model": "pipeline.pipelinecable", 
        "pk": 20
    }, 
    {
        "fields": {}, 
        "model": "pipeline.pipelinecable", 
        "pk": 21
    }, 
    {
        "fields": {
            "dest": 3, 
            "keep_output": false, 
            "pipelinestep": 1, 
            "source": 11, 
            "source_step": 0
        }, 
        "model": "pipeline.pipelinestepinputcable", 
        "pk": 1
    }, 
    {
        "fields": {
            "dest": 4, 
            "keep_output": false, 
            "pipelinestep": 1, 
            "source": 12, 
            "source_step": 0
        }, 
        "model": "pipeline.pipelinestepinputcable", 
        "pk": 2
    }, 
    {
        "fields": {
            "dest": 1, 
            "keep_output": false, 
            "pipelinestep": 2, 
            "source": 15, 
            "source_step": 0
        }, 
        "model": "pipeline.pipelinestepinputcable", 
        "pk": 4
    }, 
    {
        "fields": {
            "dest": 11, 
            "keep_output": false, 
            "pipelinestep": 3, 
            "source": 13, 
            "source_step": 0
        }, 
        "model": "pipeline.pipelinestepinputcable", 
        "pk": 5
    }, 
    {
        "fields": {
            "dest": 12, 
            "keep_output": false, 
            "pipelinestep": 3, 
            "source": 14, 
            "source_step": 0
        }, 
        "model": "pipeline.pipelinestepinputcable", 
        "pk": 6
    }, 
    {
        "fields": {
            "dest": 7, 
            "keep_output": false, 
            "pipelinestep": 4, 
            "source": 2, 
            "source_step": 1
        }, 
        "model": "pipeline.pipelinestepinputcable", 
        "pk": 7
    }, 
    {
        "fields": {
            "dest": 6, 
            "keep_output": false, 
            "pipelinestep": 4, 
            "source": 16, 
            "source_step": 2
        }, 
        "model": "pipeline.pipelinestepinputcable", 
        "pk": 8
    }, 
    {
        "fields": {
            "dest": 20, 
            "keep_output": false, 
            "pipelinestep": 5, 
            "source": 26, 
            "source_step": 0
        }, 
        "model": "pipeline.pipelinestepinputcable", 
        "pk": 12
    }, 
    {
        "fields": {
            "dest": 20, 
            "keep_output": false, 
            "pipelinestep": 6, 
            "source": 21, 
            "source_step": 1
        }, 
        "model": "pipeline.pipelinestepinputcable", 
        "pk": 13
    }, 
    {
        "fields": {
            "dest": 26, 
            "keep_output": false, 
            "pipelinestep": 7, 
            "source": 29, 
            "source_step": 0
        }, 
        "model": "pipeline.pipelinestepinputcable", 
        "pk": 15
    }, 
    {
        "fields": {
            "dest": 26, 
            "keep_output": false, 
            "pipelinestep": 8, 
            "source": 28, 
            "source_step": 1
        }, 
        "model": "pipeline.pipelinestepinputcable", 
        "pk": 16
    }, 
    {
        "fields": {
            "dest": 29, 
            "keep_output": false, 
            "pipelinestep": 9, 
            "source": 32, 
            "source_step": 0
        }, 
        "model": "pipeline.pipelinestepinputcable", 
        "pk": 18
    }, 
    {
        "fields": {
            "dest": 29, 
            "keep_output": false, 
            "pipelinestep": 10, 
            "source": 31, 
            "source_step": 1
        }, 
        "model": "pipeline.pipelinestepinputcable", 
        "pk": 19
    }, 
    {
        "fields": {
            "dest": 29, 
            "keep_output": false, 
            "pipelinestep": 11, 
            "source": 31, 
            "source_step": 2
        }, 
        "model": "pipeline.pipelinestepinputcable", 
        "pk": 20
    }, 
    {
        "fields": {
            "cable": 5, 
            "dest_pin": 21, 
            "source_pin": 23
        }, 
        "model": "pipeline.customcablewire", 
        "pk": 1
    }, 
    {
        "fields": {
            "cable": 5, 
            "dest_pin": 20, 
            "source_pin": 25
        }, 
        "model": "pipeline.customcablewire", 
        "pk": 2
    }, 
    {
        "fields": {
            "cable": 7, 
            "dest_pin": 21, 
            "source_pin": 20
        }, 
        "model": "pipeline.customcablewire", 
        "pk": 3
    }, 
    {
        "fields": {
            "cable": 7, 
            "dest_pin": 20, 
            "source_pin": 21
        }, 
        "model": "pipeline.customcablewire", 
        "pk": 4
    }, 
    {
        "fields": {
            "cable": 9, 
            "dest_pin": 21, 
            "source_pin": 24
        }, 
        "model": "pipeline.customcablewire", 
        "pk": 5
    }, 
    {
        "fields": {
            "cable": 9, 
            "dest_pin": 20, 
            "source_pin": 25
        }, 
        "model": "pipeline.customcablewire", 
        "pk": 6
    }, 
    {
        "fields": {
            "output_cdt": 14, 
            "output_idx": 1, 
            "output_name": "D1_out", 
            "pipeline": 4, 
            "source": 5, 
            "source_step": 1
        }, 
        "model": "pipeline.pipelineoutputcable", 
        "pk": 3
    }, 
    {
        "fields": {
            "output_cdt": 12, 
            "output_idx": 1, 
            "output_name": "E1_out", 
            "pipeline": 5, 
            "source": 16, 
            "source_step": 2
        }, 
        "model": "pipeline.pipelineoutputcable", 
        "pk": 9
    }, 
    {
        "fields": {
            "output_cdt": 13, 
            "output_idx": 2, 
            "output_name": "E2_out", 
            "pipeline": 5, 
            "source": 8, 
            "source_step": 3
        }, 
        "model": "pipeline.pipelineoutputcable", 
        "pk": 10
    }, 
    {
        "fields": {
            "output_cdt": null, 
            "output_idx": 3, 
            "output_name": "E3_rawout", 
            "pipeline": 5, 
            "source": 10, 
            "source_step": 3
        }, 
        "model": "pipeline.pipelineoutputcable", 
        "pk": 11
    }, 
    {
        "fields": {
            "output_cdt": 19, 
            "output_idx": 1, 
            "output_name": "basic_out", 
            "pipeline": 9, 
            "source": 21, 
            "source_step": 2
        }, 
        "model": "pipeline.pipelineoutputcable", 
        "pk": 14
    }, 
    {
        "fields": {
            "output_cdt": 19, 
            "output_idx": 1, 
            "output_name": "sub_out", 
            "pipeline": 10, 
            "source": 28, 
            "source_step": 2
        }, 
        "model": "pipeline.pipelineoutputcable", 
        "pk": 17
    }, 
    {
        "fields": {
            "output_cdt": 19, 
            "output_idx": 1, 
            "output_name": "top_out", 
            "pipeline": 11, 
            "source": 31, 
            "source_step": 3
        }, 
        "model": "pipeline.pipelineoutputcable", 
        "pk": 21
    }, 
    {
        "fields": {
            "x": 0.0, 
            "y": 0.0
        }, 
        "model": "transformation.transformationxput", 
        "pk": 1
    }, 
    {
        "fields": {
            "x": 0.0, 
            "y": 0.0
        }, 
        "model": "transformation.transformationxput", 
        "pk": 2
    }, 
    {
        "fields": {
            "x": 0.0, 
            "y": 0.0
        }, 
        "model": "transformation.transformationxput", 
        "pk": 3
    }, 
    {
        "fields": {
            "x": 0.0, 
            "y": 0.0
        }, 
        "model": "transformation.transformationxput", 
        "pk": 4
    }, 
    {
        "fields": {
            "x": 0.0, 
            "y": 0.0
        }, 
        "model": "transformation.transformationxput", 
        "pk": 5
    }, 
    {
        "fields": {
            "x": 0.0, 
            "y": 0.0
        }, 
        "model": "transformation.transformationxput", 
        "pk": 6
    }, 
    {
        "fields": {
            "x": 0.0, 
            "y": 0.0
        }, 
        "model": "transformation.transformationxput", 
        "pk": 7
    }, 
    {
        "fields": {
            "x": 0.0, 
            "y": 0.0
        }, 
        "model": "transformation.transformationxput", 
        "pk": 8
    }, 
    {
        "fields": {
            "x": 0.0, 
            "y": 0.0
        }, 
        "model": "transformation.transformationxput", 
        "pk": 9
    }, 
    {
        "fields": {
            "x": 0.0, 
            "y": 0.0
        }, 
        "model": "transformation.transformationxput", 
        "pk": 10
    }, 
    {
        "fields": {
            "x": 0.0, 
            "y": 0.0
        }, 
        "model": "transformation.transformationxput", 
        "pk": 11
    }, 
    {
        "fields": {
            "x": 0.0, 
            "y": 0.0
        }, 
        "model": "transformation.transformationxput", 
        "pk": 12
    }, 
    {
        "fields": {
            "x": 0.0, 
            "y": 0.0
        }, 
        "model": "transformation.transformationxput", 
        "pk": 13
    }, 
    {
        "fields": {
            "x": 0.0, 
            "y": 0.0
        }, 
        "model": "transformation.transformationxput", 
        "pk": 14
    }, 
    {
        "fields": {
            "x": 0.0, 
            "y": 0.0
        }, 
        "model": "transformation.transformationxput", 
        "pk": 15
    }, 
    {
        "fields": {
            "x": 0.0, 
            "y": 0.0
        }, 
        "model": "transformation.transformationxput", 
        "pk": 16
    }, 
    {
        "fields": {
            "x": 0.0, 
            "y": 0.0
        }, 
        "model": "transformation.transformationxput", 
        "pk": 17
    }, 
    {
        "fields": {
            "x": 0.0, 
            "y": 0.0
        }, 
        "model": "transformation.transformationxput", 
        "pk": 18
    }, 
    {
        "fields": {
            "x": 0.0, 
            "y": 0.0
        }, 
        "model": "transformation.transformationxput", 
        "pk": 19
    }, 
    {
        "fields": {
            "x": 0.0, 
            "y": 0.0
        }, 
        "model": "transformation.transformationxput", 
        "pk": 20
    }, 
    {
        "fields": {
            "x": 0.0, 
            "y": 0.0
        }, 
        "model": "transformation.transformationxput", 
        "pk": 21
    }, 
    {
        "fields": {
            "x": 0.0, 
            "y": 0.0
        }, 
        "model": "transformation.transformationxput", 
        "pk": 22
    }, 
    {
        "fields": {
            "x": 0.0, 
            "y": 0.0
        }, 
        "model": "transformation.transformationxput", 
        "pk": 23
    }, 
    {
        "fields": {
            "x": 0.0, 
            "y": 0.0
        }, 
        "model": "transformation.transformationxput", 
        "pk": 24
    }, 
    {
        "fields": {
            "x": 0.0, 
            "y": 0.0
        }, 
        "model": "transformation.transformationxput", 
        "pk": 25
    }, 
    {
        "fields": {
            "x": 0.0, 
            "y": 0.0
        }, 
        "model": "transformation.transformationxput", 
        "pk": 26
    }, 
    {
        "fields": {
            "x": 0.0, 
            "y": 0.0
        }, 
        "model": "transformation.transformationxput", 
        "pk": 28
    }, 
    {
        "fields": {
            "x": 0.0, 
            "y": 0.0
        }, 
        "model": "transformation.transformationxput", 
        "pk": 29
    }, 
    {
        "fields": {
            "x": 0.0, 
            "y": 0.0
        }, 
        "model": "transformation.transformationxput", 
        "pk": 31
    }, 
    {
        "fields": {
            "x": 0.0, 
            "y": 0.0
        }, 
        "model": "transformation.transformationxput", 
        "pk": 32
    }, 
    {
        "fields": {
            "x": 0.0, 
            "y": 0.0
        }, 
        "model": "transformation.transformationxput", 
        "pk": 34
    }, 
    {
        "fields": {
            "compounddatatype": 12, 
            "max_row": null, 
            "min_row": null, 
            "transf_xput": 2
        }, 
        "model": "transformation.xputstructure", 
        "pk": 1
    }, 
    {
        "fields": {
            "compounddatatype": 12, 
            "max_row": null, 
            "min_row": null, 
            "transf_xput": 3
        }, 
        "model": "transformation.xputstructure", 
        "pk": 2
    }, 
    {
        "fields": {
            "compounddatatype": 13, 
            "max_row": null, 
            "min_row": null, 
            "transf_xput": 4
        }, 
        "model": "transformation.xputstructure", 
        "pk": 3
    }, 
    {
        "fields": {
            "compounddatatype": 14, 
            "max_row": 5, 
            "min_row": null, 
            "transf_xput": 5
        }, 
        "model": "transformation.xputstructure", 
        "pk": 4
    }, 
    {
        "fields": {
            "compounddatatype": 14, 
            "max_row": null, 
            "min_row": null, 
            "transf_xput": 6
        }, 
        "model": "transformation.xputstructure", 
        "pk": 5
    }, 
    {
        "fields": {
            "compounddatatype": 12, 
            "max_row": null, 
            "min_row": null, 
            "transf_xput": 7
        }, 
        "model": "transformation.xputstructure", 
        "pk": 6
    }, 
    {
        "fields": {
            "compounddatatype": 13, 
            "max_row": null, 
            "min_row": null, 
            "transf_xput": 8
        }, 
        "model": "transformation.xputstructure", 
        "pk": 7
    }, 
    {
        "fields": {
            "compounddatatype": 12, 
            "max_row": null, 
            "min_row": null, 
            "transf_xput": 11
        }, 
        "model": "transformation.xputstructure", 
        "pk": 8
    }, 
    {
        "fields": {
            "compounddatatype": 13, 
            "max_row": null, 
            "min_row": null, 
            "transf_xput": 12
        }, 
        "model": "transformation.xputstructure", 
        "pk": 9
    }, 
    {
        "fields": {
            "compounddatatype": 14, 
            "max_row": null, 
            "min_row": null, 
            "transf_xput": 13
        }, 
        "model": "transformation.xputstructure", 
        "pk": 10
    }, 
    {
        "fields": {
            "compounddatatype": 13, 
            "max_row": null, 
            "min_row": 10, 
            "transf_xput": 14
        }, 
        "model": "transformation.xputstructure", 
        "pk": 11
    }, 
    {
        "fields": {
            "compounddatatype": 14, 
            "max_row": 5, 
            "min_row": null, 
            "transf_xput": 16
        }, 
        "model": "transformation.xputstructure", 
        "pk": 12
    }, 
    {
        "fields": {
            "compounddatatype": 12, 
            "max_row": 5, 
            "min_row": null, 
            "transf_xput": 17
        }, 
        "model": "transformation.xputstructure", 
        "pk": 13
    }, 
    {
        "fields": {
            "compounddatatype": 13, 
            "max_row": null, 
            "min_row": null, 
            "transf_xput": 18
        }, 
        "model": "transformation.xputstructure", 
        "pk": 14
    }, 
    {
        "fields": {
            "compounddatatype": 19, 
            "max_row": null, 
            "min_row": null, 
            "transf_xput": 20
        }, 
        "model": "transformation.xputstructure", 
        "pk": 15
    }, 
    {
        "fields": {
            "compounddatatype": 19, 
            "max_row": null, 
            "min_row": null, 
            "transf_xput": 21
        }, 
        "model": "transformation.xputstructure", 
        "pk": 16
    }, 
    {
        "fields": {
            "compounddatatype": 19, 
            "max_row": null, 
            "min_row": null, 
            "transf_xput": 22
        }, 
        "model": "transformation.xputstructure", 
        "pk": 17
    }, 
    {
        "fields": {
            "compounddatatype": 19, 
            "max_row": null, 
            "min_row": null, 
            "transf_xput": 23
        }, 
        "model": "transformation.xputstructure", 
        "pk": 18
    }, 
    {
        "fields": {
            "compounddatatype": 19, 
            "max_row": null, 
            "min_row": null, 
            "transf_xput": 26
        }, 
        "model": "transformation.xputstructure", 
        "pk": 19
    }, 
    {
        "fields": {
            "compounddatatype": 19, 
            "max_row": null, 
            "min_row": null, 
            "transf_xput": 28
        }, 
        "model": "transformation.xputstructure", 
        "pk": 21
    }, 
    {
        "fields": {
            "compounddatatype": 19, 
            "max_row": null, 
            "min_row": null, 
            "transf_xput": 29
        }, 
        "model": "transformation.xputstructure", 
        "pk": 22
    }, 
    {
        "fields": {
            "compounddatatype": 19, 
            "max_row": null, 
            "min_row": null, 
            "transf_xput": 31
        }, 
        "model": "transformation.xputstructure", 
        "pk": 24
    }, 
    {
        "fields": {
            "compounddatatype": 19, 
            "max_row": null, 
            "min_row": null, 
            "transf_xput": 32
        }, 
        "model": "transformation.xputstructure", 
        "pk": 25
    }, 
    {
        "fields": {
            "compounddatatype": 19, 
            "max_row": null, 
            "min_row": null, 
            "transf_xput": 34
        }, 
        "model": "transformation.xputstructure", 
        "pk": 27
    }, 
    {
        "fields": {
            "dataset_idx": 1, 
            "dataset_name": "A1_rawin", 
            "transformation": 1
        }, 
        "model": "transformation.transformationinput", 
        "pk": 1
    }, 
    {
        "fields": {
            "dataset_idx": 1, 
            "dataset_name": "B1_in", 
            "transformation": 2
        }, 
        "model": "transformation.transformationinput", 
        "pk": 3
    }, 
    {
        "fields": {
            "dataset_idx": 2, 
            "dataset_name": "B2_in", 
            "transformation": 2
        }, 
        "model": "transformation.transformationinput", 
        "pk": 4
    }, 
    {
        "fields": {
            "dataset_idx": 1, 
            "dataset_name": "C1_in", 
            "transformation": 3
        }, 
        "model": "transformation.transformationinput", 
        "pk": 6
    }, 
    {
        "fields": {
            "dataset_idx": 2, 
            "dataset_name": "C2_in", 
            "transformation": 3
        }, 
        "model": "transformation.transformationinput", 
        "pk": 7
    }, 
    {
        "fields": {
            "dataset_idx": 1, 
            "dataset_name": "D1_in", 
            "transformation": 4
        }, 
        "model": "transformation.transformationinput", 
        "pk": 11
    }, 
    {
        "fields": {
            "dataset_idx": 2, 
            "dataset_name": "D2_in", 
            "transformation": 4
        }, 
        "model": "transformation.transformationinput", 
        "pk": 12
    }, 
    {
        "fields": {
            "dataset_idx": 1, 
            "dataset_name": "E1_in", 
            "transformation": 5
        }, 
        "model": "transformation.transformationinput", 
        "pk": 13
    }, 
    {
        "fields": {
            "dataset_idx": 2, 
            "dataset_name": "E2_in", 
            "transformation": 5
        }, 
        "model": "transformation.transformationinput", 
        "pk": 14
    }, 
    {
        "fields": {
            "dataset_idx": 3, 
            "dataset_name": "E3_rawin", 
            "transformation": 5
        }, 
        "model": "transformation.transformationinput", 
        "pk": 15
    }, 
    {
        "fields": {
            "dataset_idx": 1, 
            "dataset_name": "strings", 
            "transformation": 6
        }, 
        "model": "transformation.transformationinput", 
        "pk": 20
    }, 
    {
        "fields": {
            "dataset_idx": 1, 
            "dataset_name": "strings", 
            "transformation": 7
        }, 
        "model": "transformation.transformationinput", 
        "pk": 22
    }, 
    {
        "fields": {
            "dataset_idx": 1, 
            "dataset_name": "raw", 
            "transformation": 8
        }, 
        "model": "transformation.transformationinput", 
        "pk": 24
    }, 
    {
        "fields": {
            "dataset_idx": 1, 
            "dataset_name": "basic_in", 
            "transformation": 9
        }, 
        "model": "transformation.transformationinput", 
        "pk": 26
    }, 
    {
        "fields": {
            "dataset_idx": 1, 
            "dataset_name": "sub_in", 
            "transformation": 10
        }, 
        "model": "transformation.transformationinput", 
        "pk": 29
    }, 
    {
        "fields": {
            "dataset_idx": 1, 
            "dataset_name": "top_in", 
            "transformation": 11
        }, 
        "model": "transformation.transformationinput", 
        "pk": 32
    }, 
    {
        "fields": {
            "dataset_idx": 1, 
            "dataset_name": "A1_out", 
            "transformation": 1
        }, 
        "model": "transformation.transformationoutput", 
        "pk": 2
    }, 
    {
        "fields": {
            "dataset_idx": 1, 
            "dataset_name": "B1_out", 
            "transformation": 2
        }, 
        "model": "transformation.transformationoutput", 
        "pk": 5
    }, 
    {
        "fields": {
            "dataset_idx": 1, 
            "dataset_name": "C1_out", 
            "transformation": 3
        }, 
        "model": "transformation.transformationoutput", 
        "pk": 8
    }, 
    {
        "fields": {
            "dataset_idx": 2, 
            "dataset_name": "C2_rawout", 
            "transformation": 3
        }, 
        "model": "transformation.transformationoutput", 
        "pk": 9
    }, 
    {
        "fields": {
            "dataset_idx": 3, 
            "dataset_name": "C3_rawout", 
            "transformation": 3
        }, 
        "model": "transformation.transformationoutput", 
        "pk": 10
    }, 
    {
        "fields": {
            "dataset_idx": 1, 
            "dataset_name": "D1_out", 
            "transformation": 4
        }, 
        "model": "transformation.transformationoutput", 
        "pk": 16
    }, 
    {
        "fields": {
            "dataset_idx": 1, 
            "dataset_name": "E1_out", 
            "transformation": 5
        }, 
        "model": "transformation.transformationoutput", 
        "pk": 17
    }, 
    {
        "fields": {
            "dataset_idx": 2, 
            "dataset_name": "E2_out", 
            "transformation": 5
        }, 
        "model": "transformation.transformationoutput", 
        "pk": 18
    }, 
    {
        "fields": {
            "dataset_idx": 3, 
            "dataset_name": "E3_rawout", 
            "transformation": 5
        }, 
        "model": "transformation.transformationoutput", 
        "pk": 19
    }, 
    {
        "fields": {
            "dataset_idx": 1, 
            "dataset_name": "same_strings", 
            "transformation": 6
        }, 
        "model": "transformation.transformationoutput", 
        "pk": 21
    }, 
    {
        "fields": {
            "dataset_idx": 1, 
            "dataset_name": "untouched_strings", 
            "transformation": 7
        }, 
        "model": "transformation.transformationoutput", 
        "pk": 23
    }, 
    {
        "fields": {
            "dataset_idx": 1, 
            "dataset_name": "same_raw", 
            "transformation": 8
        }, 
        "model": "transformation.transformationoutput", 
        "pk": 25
    }, 
    {
        "fields": {
            "dataset_idx": 1, 
            "dataset_name": "basic_out", 
            "transformation": 9
        }, 
        "model": "transformation.transformationoutput", 
        "pk": 28
    }, 
    {
        "fields": {
            "dataset_idx": 1, 
            "dataset_name": "sub_out", 
            "transformation": 10
        }, 
        "model": "transformation.transformationoutput", 
        "pk": 31
    }, 
    {
        "fields": {
            "dataset_idx": 1, 
            "dataset_name": "top_out", 
            "transformation": 11
        }, 
        "model": "transformation.transformationoutput", 
        "pk": 34
    }, 
    {
        "fields": {
            "date_joined": "2000-01-01T00:00:00Z", 
            "email": "lennon@thebeatles.com", 
            "first_name": "", 
            "groups": [
                1
            ], 
            "is_active": true, 
            "is_staff": false, 
            "is_superuser": false, 
            "last_login": "2000-01-01T00:00:00Z", 
            "last_name": "", 
            "password": "pbkdf2_sha256$15000$zrHP2gRtWy8C$GT2L7TEimpZFgNB1ihTNAYLj9TcvHvuvggaQ2rHBiRY=", 
            "user_permissions": [], 
            "username": "john"
        }, 
        "model": "auth.user", 
        "pk": 2
    }, 
    {
        "fields": {
            "date_joined": "2000-01-01T00:00:00Z", 
            "email": "starr@thebeatles.com", 
            "first_name": "", 
            "groups": [], 
            "is_active": true, 
            "is_staff": false, 
            "is_superuser": false, 
            "last_login": "2000-01-01T00:00:00Z", 
            "last_name": "", 
            "password": "pbkdf2_sha256$15000$w0sFU9YUvOM7$rEaU5pjOTi8g9XtYw25+B3PXVkwJXFoHPtqGBL/Bcrw=", 
            "user_permissions": [], 
            "username": "ringo"
        }, 
        "model": "auth.user", 
        "pk": 3
    }, 
    {
        "fields": {
            "date_joined": "2000-01-01T00:00:04Z", 
            "email": "bob@talabs.com", 
            "first_name": "", 
            "groups": [
                1
            ], 
            "is_active": true, 
            "is_staff": false, 
            "is_superuser": false, 
            "last_login": "2000-01-01T00:00:04Z", 
            "last_name": "", 
            "password": "pbkdf2_sha256$15000$NncezurhQEt6$onPtiD6Y1jk30LCWqn+gM96FrjzXEAuHQtlLX4UUqwE=", 
            "user_permissions": [], 
            "username": "bob"
        }, 
        "model": "auth.user", 
        "pk": 4
    }, 
    {
        "fields": {
            "date_created": "2000-01-01T00:00:00Z", 
            "description": "String consisting of ACGTacgt", 
            "groups_allowed": [
                1
            ], 
            "name": "DNANucSeq", 
            "prototype": null, 
            "restricts": [
                1
            ], 
            "user": 2, 
            "users_allowed": []
        }, 
        "model": "metadata.datatype", 
        "pk": 8
    }, 
    {
        "fields": {
            "date_created": "2000-01-01T00:00:00Z", 
            "description": "String consisting of ACGUacgu", 
            "groups_allowed": [
                1
            ], 
            "name": "RNANucSeq", 
            "prototype": null, 
            "restricts": [
                1
            ], 
            "user": 2, 
            "users_allowed": []
        }, 
        "model": "metadata.datatype", 
        "pk": 9
    }, 
    {
        "fields": {
            "date_created": "2000-01-01T00:00:04Z", 
            "description": "sequences of ASCII characters", 
            "groups_allowed": [
                1
            ], 
            "name": "my_string", 
            "prototype": null, 
            "restricts": [
                1
            ], 
            "user": 4, 
            "users_allowed": []
        }, 
        "model": "metadata.datatype", 
        "pk": 10
    }, 
    {
        "fields": {
            "groups_allowed": [
                1
            ], 
            "user": 2, 
            "users_allowed": []
        }, 
        "model": "metadata.compounddatatype", 
        "pk": 5
    }, 
    {
        "fields": {
            "groups_allowed": [], 
            "user": 2, 
            "users_allowed": [
                3
            ]
        }, 
        "model": "metadata.compounddatatype", 
        "pk": 6
    }, 
    {
        "fields": {
            "groups_allowed": [
                1
            ], 
            "user": 2, 
            "users_allowed": []
        }, 
        "model": "metadata.compounddatatype", 
        "pk": 7
    }, 
    {
        "fields": {
            "groups_allowed": [
                1
            ], 
            "user": 2, 
            "users_allowed": []
        }, 
        "model": "metadata.compounddatatype", 
        "pk": 8
    }, 
    {
        "fields": {
            "groups_allowed": [
                1
            ], 
            "user": 2, 
            "users_allowed": []
        }, 
        "model": "metadata.compounddatatype", 
        "pk": 9
    }, 
    {
        "fields": {
            "groups_allowed": [
                1
            ], 
            "user": 2, 
            "users_allowed": []
        }, 
        "model": "metadata.compounddatatype", 
        "pk": 10
    }, 
    {
        "fields": {
            "groups_allowed": [
                1
            ], 
            "user": 2, 
            "users_allowed": []
        }, 
        "model": "metadata.compounddatatype", 
        "pk": 11
    }, 
    {
        "fields": {
            "groups_allowed": [
                1
            ], 
            "user": 2, 
            "users_allowed": []
        }, 
        "model": "metadata.compounddatatype", 
        "pk": 12
    }, 
    {
        "fields": {
            "groups_allowed": [
                1
            ], 
            "user": 2, 
            "users_allowed": []
        }, 
        "model": "metadata.compounddatatype", 
        "pk": 13
    }, 
    {
        "fields": {
            "groups_allowed": [
                1
            ], 
            "user": 2, 
            "users_allowed": []
        }, 
        "model": "metadata.compounddatatype", 
        "pk": 14
    }, 
    {
        "fields": {
            "groups_allowed": [
                1
            ], 
            "user": 2, 
            "users_allowed": []
        }, 
        "model": "metadata.compounddatatype", 
        "pk": 15
    }, 
    {
        "fields": {
            "groups_allowed": [
                1
            ], 
            "user": 2, 
            "users_allowed": []
        }, 
        "model": "metadata.compounddatatype", 
        "pk": 16
    }, 
    {
        "fields": {
            "groups_allowed": [
                1
            ], 
            "user": 2, 
            "users_allowed": []
        }, 
        "model": "metadata.compounddatatype", 
        "pk": 17
    }, 
    {
        "fields": {
            "groups_allowed": [
                1
            ], 
            "user": 2, 
            "users_allowed": []
        }, 
        "model": "metadata.compounddatatype", 
        "pk": 18
    }, 
    {
        "fields": {
            "groups_allowed": [
                1
            ], 
            "user": 4, 
            "users_allowed": []
        }, 
        "model": "metadata.compounddatatype", 
        "pk": 19
    }, 
    {
        "fields": {
            "description": "", 
            "end_time": null, 
            "groups_allowed": [
                1
            ], 
            "name": "pD_run", 
            "parent_runstep": null, 
            "paused_by": null, 
            "pipeline": 4, 
            "purged": false, 
            "sandbox_path": "", 
            "start_time": null, 
            "stopped_by": null, 
            "time_queued": "2015-11-19T01:11:57.654Z", 
            "user": 2, 
            "users_allowed": []
        }, 
        "model": "archive.run", 
        "pk": 1
    }, 
    {
        "fields": {
            "description": "", 
            "end_time": null, 
            "groups_allowed": [
                1
            ], 
            "name": "pE_run", 
            "parent_runstep": null, 
            "paused_by": null, 
            "pipeline": 5, 
            "purged": false, 
            "sandbox_path": "", 
            "start_time": null, 
            "stopped_by": null, 
            "time_queued": "2015-11-19T01:11:57.673Z", 
            "user": 2, 
            "users_allowed": []
        }, 
        "model": "archive.run", 
        "pk": 2
    }, 
    {
        "fields": {
            "description": "", 
            "end_time": null, 
            "groups_allowed": [], 
            "name": "", 
            "parent_runstep": null, 
            "paused_by": null, 
            "pipeline": 4, 
            "purged": false, 
            "sandbox_path": "", 
            "start_time": null, 
            "stopped_by": null, 
            "time_queued": "2015-11-19T01:12:00.358Z", 
            "user": 2, 
            "users_allowed": []
        }, 
        "model": "archive.run", 
        "pk": 3
    }, 
    {
        "fields": {
            "description": "", 
            "end_time": null, 
            "groups_allowed": [], 
            "name": "", 
            "parent_runstep": null, 
            "paused_by": null, 
            "pipeline": 5, 
            "purged": false, 
            "sandbox_path": "", 
            "start_time": null, 
            "stopped_by": null, 
            "time_queued": "2015-11-19T01:12:00.454Z", 
            "user": 2, 
            "users_allowed": []
        }, 
        "model": "archive.run", 
        "pk": 4
    }, 
    {
        "fields": {
            "description": "", 
            "end_time": null, 
            "groups_allowed": [], 
            "name": "", 
            "parent_runstep": null, 
            "paused_by": null, 
            "pipeline": 5, 
            "purged": false, 
            "sandbox_path": "", 
            "start_time": null, 
            "stopped_by": null, 
            "time_queued": "2015-11-19T01:12:00.530Z", 
            "user": 2, 
            "users_allowed": []
        }, 
        "model": "archive.run", 
        "pk": 5
    }, 
    {
        "fields": {
            "description": "", 
            "end_time": "2000-01-01T00:01:11Z", 
            "groups_allowed": [
                1
            ], 
            "name": "", 
            "parent_runstep": null, 
            "paused_by": null, 
            "pipeline": 11, 
            "purged": false, 
            "sandbox_path": "/Users/rliang/Documents/Research/Copperfish/copperfish/kive/Sandboxes/userbob_run6_7MQFkJ", 
            "start_time": "2000-01-01T00:00:06Z", 
            "stopped_by": null, 
            "time_queued": "2015-11-19T01:12:02.794Z", 
            "user": 4, 
            "users_allowed": []
        }, 
        "model": "archive.run", 
        "pk": 6
    }, 
    {
        "fields": {
            "description": "", 
            "end_time": "2000-01-01T00:00:19Z", 
            "groups_allowed": [
                1
            ], 
            "name": "", 
            "parent_runstep": 4, 
            "paused_by": null, 
            "pipeline": 10, 
            "purged": false, 
            "sandbox_path": "", 
            "start_time": "2000-01-01T00:00:06Z", 
            "stopped_by": null, 
            "time_queued": "2015-11-19T01:12:03.231Z", 
            "user": 4, 
            "users_allowed": []
        }, 
        "model": "archive.run", 
        "pk": 7
    }, 
    {
        "fields": {
            "description": "", 
            "end_time": "2000-01-01T00:00:10Z", 
            "groups_allowed": [
                1
            ], 
            "name": "", 
            "parent_runstep": 6, 
            "paused_by": null, 
            "pipeline": 9, 
            "purged": false, 
            "sandbox_path": "", 
            "start_time": "2000-01-01T00:00:07Z", 
            "stopped_by": null, 
            "time_queued": "2015-11-19T01:12:03.515Z", 
            "user": 4, 
            "users_allowed": []
        }, 
        "model": "archive.run", 
        "pk": 8
    }, 
    {
        "fields": {
            "description": "", 
            "end_time": "2000-01-01T00:00:16Z", 
            "groups_allowed": [
                1
            ], 
            "name": "", 
            "parent_runstep": 13, 
            "paused_by": null, 
            "pipeline": 9, 
            "purged": false, 
            "sandbox_path": "", 
            "start_time": "2000-01-01T00:00:13Z", 
            "stopped_by": null, 
            "time_queued": "2015-11-19T01:12:09.903Z", 
            "user": 4, 
            "users_allowed": []
        }, 
        "model": "archive.run", 
        "pk": 9
    }, 
    {
        "fields": {
            "description": "", 
            "end_time": "2000-01-01T00:00:41Z", 
            "groups_allowed": [
                1
            ], 
            "name": "", 
            "parent_runstep": 21, 
            "paused_by": null, 
            "pipeline": 10, 
            "purged": false, 
            "sandbox_path": "", 
            "start_time": "2000-01-01T00:00:26Z", 
            "stopped_by": null, 
            "time_queued": "2015-11-19T01:12:22.629Z", 
            "user": 4, 
            "users_allowed": []
        }, 
        "model": "archive.run", 
        "pk": 10
    }, 
    {
        "fields": {
            "description": "", 
            "end_time": "2000-01-01T00:00:30Z", 
            "groups_allowed": [
                1
            ], 
            "name": "", 
            "parent_runstep": 23, 
            "paused_by": null, 
            "pipeline": 9, 
            "purged": false, 
            "sandbox_path": "", 
            "start_time": "2000-01-01T00:00:27Z", 
            "stopped_by": null, 
            "time_queued": "2015-11-19T01:12:23.610Z", 
            "user": 4, 
            "users_allowed": []
        }, 
        "model": "archive.run", 
        "pk": 11
    }, 
    {
        "fields": {
            "description": "", 
            "end_time": "2000-01-01T00:00:38Z", 
            "groups_allowed": [
                1
            ], 
            "name": "", 
            "parent_runstep": 30, 
            "paused_by": null, 
            "pipeline": 9, 
            "purged": false, 
            "sandbox_path": "", 
            "start_time": "2000-01-01T00:00:34Z", 
            "stopped_by": null, 
            "time_queued": "2015-11-19T01:12:31.278Z", 
            "user": 4, 
            "users_allowed": []
        }, 
        "model": "archive.run", 
        "pk": 12
    }, 
    {
        "fields": {
            "description": "", 
            "end_time": "2000-01-01T00:01:05Z", 
            "groups_allowed": [
                1
            ], 
            "name": "", 
            "parent_runstep": 38, 
            "paused_by": null, 
            "pipeline": 10, 
            "purged": false, 
            "sandbox_path": "", 
            "start_time": "2000-01-01T00:00:48Z", 
            "stopped_by": null, 
            "time_queued": "2015-11-19T01:12:45.001Z", 
            "user": 4, 
            "users_allowed": []
        }, 
        "model": "archive.run", 
        "pk": 13
    }, 
    {
        "fields": {
            "description": "", 
            "end_time": "2000-01-01T00:00:54Z", 
            "groups_allowed": [
                1
            ], 
            "name": "", 
            "parent_runstep": 40, 
            "paused_by": null, 
            "pipeline": 9, 
            "purged": false, 
            "sandbox_path": "", 
            "start_time": "2000-01-01T00:00:50Z", 
            "stopped_by": null, 
            "time_queued": "2015-11-19T01:12:46.600Z", 
            "user": 4, 
            "users_allowed": []
        }, 
        "model": "archive.run", 
        "pk": 14
    }, 
    {
        "fields": {
            "description": "", 
            "end_time": "2000-01-01T00:01:02Z", 
            "groups_allowed": [
                1
            ], 
            "name": "", 
            "parent_runstep": 47, 
            "paused_by": null, 
            "pipeline": 9, 
            "purged": false, 
            "sandbox_path": "", 
            "start_time": "2000-01-01T00:00:58Z", 
            "stopped_by": null, 
            "time_queued": "2015-11-19T01:12:54.708Z", 
            "user": 4, 
            "users_allowed": []
        }, 
        "model": "archive.run", 
        "pk": 15
    }, 
    {
        "fields": {
            "MD5_checksum": "ab7afe2f453d27fd168641a1f9271f26", 
            "_redacted": false, 
            "dataset_file": "Datasets/2015_11/step_0_triplet.csv", 
            "date_created": "2000-01-01T00:00:01Z", 
            "description": "lol", 
            "file_source": null, 
            "groups_allowed": [
                1
            ], 
            "name": "triplet", 
            "user": 2, 
            "users_allowed": []
        }, 
        "model": "librarian.dataset", 
        "pk": 1
    }, 
    {
        "fields": {
            "MD5_checksum": "02d5b66858d003b81ae3dc712b74e85c", 
            "_redacted": false, 
            "dataset_file": "Datasets/2015_11/doublet_cdt.csv", 
            "date_created": "2000-01-01T00:00:01Z", 
            "description": "lol", 
            "file_source": null, 
            "groups_allowed": [
                1
            ], 
            "name": "doublet", 
            "user": 2, 
            "users_allowed": []
        }, 
        "model": "librarian.dataset", 
        "pk": 2
    }, 
    {
        "fields": {
            "MD5_checksum": "29feb269edcac613d6eea432c14640bd", 
            "_redacted": false, 
            "dataset_file": "Datasets/2015_11/singlet_cdt_large.csv", 
            "date_created": "2000-01-01T00:00:01Z", 
            "description": "lol", 
            "file_source": null, 
            "groups_allowed": [
                1
            ], 
            "name": "singlet", 
            "user": 2, 
            "users_allowed": []
        }, 
        "model": "librarian.dataset", 
        "pk": 3
    }, 
    {
        "fields": {
            "MD5_checksum": "00fd50bfe7ac63e2165a442f4101e05c", 
            "_redacted": false, 
            "dataset_file": "Datasets/2015_11/step_0_singlet.csv", 
            "date_created": "2000-01-01T00:00:01Z", 
            "description": "lol", 
            "file_source": null, 
            "groups_allowed": [
                1
            ], 
            "name": "singlet", 
            "user": 2, 
            "users_allowed": []
        }, 
        "model": "librarian.dataset", 
        "pk": 4
    }, 
    {
        "fields": {
            "MD5_checksum": "7dc85e11b5c02e434af5bd3b3da9938e", 
            "_redacted": false, 
            "dataset_file": "Datasets/2015_11/step_0_raw.fasta", 
            "date_created": "2000-01-01T00:00:01Z", 
            "description": "lol", 
            "file_source": null, 
            "groups_allowed": [
                1
            ], 
            "name": "raw_DS", 
            "user": 2, 
            "users_allowed": []
        }, 
        "model": "librarian.dataset", 
        "pk": 5
    }, 
    {
        "fields": {
            "MD5_checksum": "542676b23e121d16db8d41ccdae65fd1", 
            "_redacted": false, 
            "dataset_file": "", 
            "date_created": "2000-01-01T00:00:01Z", 
            "description": "", 
            "file_source": null, 
            "groups_allowed": [
                1
            ], 
            "name": "", 
            "user": 2, 
            "users_allowed": []
        }, 
        "model": "librarian.dataset", 
        "pk": 6
    }, 
    {
        "fields": {
            "MD5_checksum": "56f9e5585b9d699829e2fda931d944f8", 
            "_redacted": false, 
            "dataset_file": "Datasets/2015_11/C1_in_triplet.csv", 
            "date_created": "2000-01-01T00:00:01Z", 
            "description": "triplet 3 rows", 
            "file_source": null, 
            "groups_allowed": [
                1
            ], 
            "name": "C1_in_triplet", 
            "user": 2, 
            "users_allowed": []
        }, 
        "model": "librarian.dataset", 
        "pk": 7
    }, 
    {
        "fields": {
            "MD5_checksum": "10a4bd15d1300fcaf5a3bdad54ef1d28", 
            "_redacted": false, 
            "dataset_file": "", 
            "date_created": "2000-01-01T00:00:02Z", 
            "description": "", 
            "file_source": null, 
            "groups_allowed": [
                1
            ], 
            "name": "", 
            "user": 2, 
            "users_allowed": []
        }, 
        "model": "librarian.dataset", 
        "pk": 8
    }, 
    {
        "fields": {
            "MD5_checksum": "10a4bd15d1300fcaf5a3bdad54ef1d28", 
            "_redacted": false, 
            "dataset_file": "Datasets/2015_11/E11_32_output.csv", 
            "date_created": "2000-01-01T00:00:02Z", 
            "description": "result of E11_32 fed by doublet_cdt.csv", 
            "file_source": null, 
            "groups_allowed": [
                1
            ], 
            "name": "E11_32 output doublet", 
            "user": 2, 
            "users_allowed": []
        }, 
        "model": "librarian.dataset", 
        "pk": 9
    }, 
    {
        "fields": {
            "MD5_checksum": "00fd50bfe7ac63e2165a442f4101e05c", 
            "_redacted": false, 
            "dataset_file": "Datasets/2015_11/step_0_singlet_GK2xJ5D.csv", 
            "date_created": "2000-01-01T00:00:03Z", 
            "description": "lol", 
            "file_source": null, 
            "groups_allowed": [
                1
            ], 
            "name": "raw", 
            "user": 2, 
            "users_allowed": []
        }, 
        "model": "librarian.dataset", 
        "pk": 10
    }, 
    {
        "fields": {
            "MD5_checksum": "7dc85e11b5c02e434af5bd3b3da9938e", 
            "_redacted": false, 
            "dataset_file": "Datasets/2015_11/step_0_raw_DC9roPa.fasta", 
            "date_created": "2000-01-01T00:00:03Z", 
            "description": "lol", 
            "file_source": null, 
            "groups_allowed": [
                1
            ], 
            "name": "C2_out", 
            "user": 2, 
            "users_allowed": []
        }, 
        "model": "librarian.dataset", 
        "pk": 11
    }, 
    {
        "fields": {
            "MD5_checksum": "7dc85e11b5c02e434af5bd3b3da9938e", 
            "_redacted": false, 
            "dataset_file": "Datasets/2015_11/step_0_raw_M7t9akQ.fasta", 
            "date_created": "2000-01-01T00:00:03Z", 
            "description": "lol", 
            "file_source": null, 
            "groups_allowed": [
                1
            ], 
            "name": "C3_out", 
            "user": 2, 
            "users_allowed": []
        }, 
        "model": "librarian.dataset", 
        "pk": 12
    }, 
    {
        "fields": {
            "MD5_checksum": "56f9e5585b9d699829e2fda931d944f8", 
            "_redacted": false, 
            "dataset_file": "Datasets/2015_11/step_0_triplet_3_rows.csv", 
            "date_created": "2000-01-01T00:00:03Z", 
            "description": "lol", 
            "file_source": null, 
            "groups_allowed": [
                1
            ], 
            "name": "triplet", 
            "user": 2, 
            "users_allowed": []
        }, 
        "model": "librarian.dataset", 
        "pk": 13
    }, 
    {
        "fields": {
            "MD5_checksum": "83957f8aea1c75da9f7fbf9bc90da979", 
            "_redacted": false, 
            "dataset_file": "Datasets/2015_11/doublet_remuxed_from_t3r.csv", 
            "date_created": "2000-01-01T00:00:03Z", 
            "description": "doublet remuxed from triplet", 
            "file_source": null, 
            "groups_allowed": [
                1
            ], 
            "name": "E1_out", 
            "user": 2, 
            "users_allowed": []
        }, 
        "model": "librarian.dataset", 
        "pk": 14
    }, 
    {
        "fields": {
            "MD5_checksum": "d83866e4c23cd9503aa2f9fc565502b5", 
            "_redacted": false, 
            "dataset_file": "Datasets/2015_11/DNA_triplet.csv", 
            "date_created": "2000-01-01T00:00:03Z", 
            "description": "DNA triplet data", 
            "file_source": null, 
            "groups_allowed": [
                1
            ], 
            "name": "DNA_triplet", 
            "user": 2, 
            "users_allowed": []
        }, 
        "model": "librarian.dataset", 
        "pk": 15
    }, 
    {
        "fields": {
            "MD5_checksum": "9eab0dfed5fcc89bd581f61995816ef0", 
            "_redacted": false, 
            "dataset_file": "Datasets/2015_11/E01_21_DNA_doublet.csv", 
            "date_created": "2000-01-01T00:00:03Z", 
            "description": "DNA doublet data coming from DNA_triplet.csv but remultiplexed according to cable E01_21", 
            "file_source": null, 
            "groups_allowed": [
                1
            ], 
            "name": "E01_21_DNA_doublet", 
            "user": 2, 
            "users_allowed": []
        }, 
        "model": "librarian.dataset", 
        "pk": 16
    }, 
    {
        "fields": {
            "MD5_checksum": "9b55b9431da6dba74ea61edf8e2ac044", 
            "_redacted": false, 
            "dataset_file": "Datasets/2015_11/E21_41_DNA_doublet.csv", 
            "date_created": "2000-01-01T00:00:03Z", 
            "description": "DNA doublet data coming from DNA_triplet.csv but remultiplexed according to cable E21_41", 
            "file_source": null, 
            "groups_allowed": [
                1
            ], 
            "name": "E21_41_DNA_doublet", 
            "user": 2, 
            "users_allowed": []
        }, 
        "model": "librarian.dataset", 
        "pk": 17
    }, 
    {
        "fields": {
            "MD5_checksum": "092ef90fe0201f4b002cd200f7754d45", 
            "_redacted": false, 
            "dataset_file": "Datasets/2015_11/tmpRbiOIK", 
            "date_created": "2000-01-01T00:00:06Z", 
            "description": "blahblahblah", 
            "file_source": null, 
            "groups_allowed": [
                1
            ], 
            "name": "blahblah", 
            "user": 4, 
            "users_allowed": []
        }, 
        "model": "librarian.dataset", 
        "pk": 18
    }, 
    {
        "fields": {
            "MD5_checksum": "092ef90fe0201f4b002cd200f7754d45", 
            "_redacted": false, 
            "dataset_file": "Datasets/2015_11/step1_same_strings.csv", 
            "date_created": "2000-01-01T00:00:07Z", 
            "description": "Generated data from a run of pipeline \"p_basic:1 (v1)\" started at 2015-11-19 01:12:03.522515+00:00 by bob\nrun: 8\nuser: bob\nstep: 1\noutput: same_strings", 
            "file_source": 8, 
            "groups_allowed": [
                1
            ], 
            "name": "run8_step1_outputsame_strings", 
            "user": 4, 
            "users_allowed": []
        }, 
        "model": "librarian.dataset", 
        "pk": 19
    }, 
    {
        "fields": {
            "MD5_checksum": "092ef90fe0201f4b002cd200f7754d45", 
            "_redacted": false, 
            "dataset_file": "Datasets/2015_11/step2_same_strings.csv", 
            "date_created": "2000-01-01T00:00:09Z", 
            "description": "Generated data from a run of pipeline \"p_basic:1 (v1)\" started at 2015-11-19 01:12:03.522515+00:00 by bob\nrun: 8\nuser: bob\nstep: 2\noutput: same_strings", 
            "file_source": 10, 
            "groups_allowed": [
                1
            ], 
            "name": "run8_step2_outputsame_strings", 
            "user": 4, 
            "users_allowed": []
        }, 
        "model": "librarian.dataset", 
        "pk": 20
    }, 
    {
        "fields": {
            "MD5_checksum": "092ef90fe0201f4b002cd200f7754d45", 
            "_redacted": false, 
            "dataset_file": "Datasets/2015_11/step1_same_strings_OsB92VX.csv", 
            "date_created": "2000-01-01T00:00:14Z", 
            "description": "Generated data from a run of pipeline \"p_basic:1 (v1)\" started at 2015-11-19 01:12:09.925226+00:00 by bob\nrun: 9\nuser: bob\nstep: 1\noutput: same_strings", 
            "file_source": 15, 
            "groups_allowed": [
                1
            ], 
            "name": "run9_step1_outputsame_strings", 
            "user": 4, 
            "users_allowed": []
        }, 
        "model": "librarian.dataset", 
        "pk": 21
    }, 
    {
        "fields": {
            "MD5_checksum": "092ef90fe0201f4b002cd200f7754d45", 
            "_redacted": false, 
            "dataset_file": "Datasets/2015_11/step2_same_strings_ao0eWRp.csv", 
            "date_created": "2000-01-01T00:00:15Z", 
            "description": "Generated data from a run of pipeline \"p_basic:1 (v1)\" started at 2015-11-19 01:12:09.925226+00:00 by bob\nrun: 9\nuser: bob\nstep: 2\noutput: same_strings", 
            "file_source": 17, 
            "groups_allowed": [
                1
            ], 
            "name": "run9_step2_outputsame_strings", 
            "user": 4, 
            "users_allowed": []
        }, 
        "model": "librarian.dataset", 
        "pk": 22
    }, 
    {
        "fields": {
            "MD5_checksum": "092ef90fe0201f4b002cd200f7754d45", 
            "_redacted": false, 
            "dataset_file": "Datasets/2015_11/step1_same_strings_mOZ9Gcx.csv", 
            "date_created": "2000-01-01T00:00:27Z", 
            "description": "Generated data from a run of pipeline \"p_basic:1 (v1)\" started at 2015-11-19 01:12:23.617832+00:00 by bob\nrun: 11\nuser: bob\nstep: 1\noutput: same_strings", 
            "file_source": 25, 
            "groups_allowed": [
                1
            ], 
            "name": "run11_step1_outputsame_strings", 
            "user": 4, 
            "users_allowed": []
        }, 
        "model": "librarian.dataset", 
        "pk": 23
    }, 
    {
        "fields": {
            "MD5_checksum": "092ef90fe0201f4b002cd200f7754d45", 
            "_redacted": false, 
            "dataset_file": "Datasets/2015_11/step2_same_strings_QPutYbw.csv", 
            "date_created": "2000-01-01T00:00:29Z", 
            "description": "Generated data from a run of pipeline \"p_basic:1 (v1)\" started at 2015-11-19 01:12:23.617832+00:00 by bob\nrun: 11\nuser: bob\nstep: 2\noutput: same_strings", 
            "file_source": 27, 
            "groups_allowed": [
                1
            ], 
            "name": "run11_step2_outputsame_strings", 
            "user": 4, 
            "users_allowed": []
        }, 
        "model": "librarian.dataset", 
        "pk": 24
    }, 
    {
        "fields": {
            "MD5_checksum": "092ef90fe0201f4b002cd200f7754d45", 
            "_redacted": false, 
            "dataset_file": "Datasets/2015_11/step1_same_strings_jrvw9B9.csv", 
            "date_created": "2000-01-01T00:00:35Z", 
            "description": "Generated data from a run of pipeline \"p_basic:1 (v1)\" started at 2015-11-19 01:12:31.286755+00:00 by bob\nrun: 12\nuser: bob\nstep: 1\noutput: same_strings", 
            "file_source": 32, 
            "groups_allowed": [
                1
            ], 
            "name": "run12_step1_outputsame_strings", 
            "user": 4, 
            "users_allowed": []
        }, 
        "model": "librarian.dataset", 
        "pk": 25
    }, 
    {
        "fields": {
            "MD5_checksum": "092ef90fe0201f4b002cd200f7754d45", 
            "_redacted": false, 
            "dataset_file": "Datasets/2015_11/step2_same_strings_VhJp02u.csv", 
            "date_created": "2000-01-01T00:00:37Z", 
            "description": "Generated data from a run of pipeline \"p_basic:1 (v1)\" started at 2015-11-19 01:12:31.286755+00:00 by bob\nrun: 12\nuser: bob\nstep: 2\noutput: same_strings", 
            "file_source": 34, 
            "groups_allowed": [
                1
            ], 
            "name": "run12_step2_outputsame_strings", 
            "user": 4, 
            "users_allowed": []
        }, 
        "model": "librarian.dataset", 
        "pk": 26
    }, 
    {
        "fields": {
            "MD5_checksum": "092ef90fe0201f4b002cd200f7754d45", 
            "_redacted": false, 
            "dataset_file": "Datasets/2015_11/step1_same_strings_qRVG09G.csv", 
            "date_created": "2000-01-01T00:00:50Z", 
            "description": "Generated data from a run of pipeline \"p_basic:1 (v1)\" started at 2015-11-19 01:12:46.607101+00:00 by bob\nrun: 14\nuser: bob\nstep: 1\noutput: same_strings", 
            "file_source": 42, 
            "groups_allowed": [
                1
            ], 
            "name": "run14_step1_outputsame_strings", 
            "user": 4, 
            "users_allowed": []
        }, 
        "model": "librarian.dataset", 
        "pk": 27
    }, 
    {
        "fields": {
            "MD5_checksum": "092ef90fe0201f4b002cd200f7754d45", 
            "_redacted": false, 
            "dataset_file": "Datasets/2015_11/step2_same_strings_pDq6ez7.csv", 
            "date_created": "2000-01-01T00:00:52Z", 
            "description": "Generated data from a run of pipeline \"p_basic:1 (v1)\" started at 2015-11-19 01:12:46.607101+00:00 by bob\nrun: 14\nuser: bob\nstep: 2\noutput: same_strings", 
            "file_source": 44, 
            "groups_allowed": [
                1
            ], 
            "name": "run14_step2_outputsame_strings", 
            "user": 4, 
            "users_allowed": []
        }, 
        "model": "librarian.dataset", 
        "pk": 28
    }, 
    {
        "fields": {
            "MD5_checksum": "092ef90fe0201f4b002cd200f7754d45", 
            "_redacted": false, 
            "dataset_file": "Datasets/2015_11/step1_same_strings_5L5wlFZ.csv", 
            "date_created": "2000-01-01T00:00:59Z", 
            "description": "Generated data from a run of pipeline \"p_basic:1 (v1)\" started at 2015-11-19 01:12:54.714681+00:00 by bob\nrun: 15\nuser: bob\nstep: 1\noutput: same_strings", 
            "file_source": 49, 
            "groups_allowed": [
                1
            ], 
            "name": "run15_step1_outputsame_strings", 
            "user": 4, 
            "users_allowed": []
        }, 
        "model": "librarian.dataset", 
        "pk": 29
    }, 
    {
        "fields": {
            "MD5_checksum": "092ef90fe0201f4b002cd200f7754d45", 
            "_redacted": false, 
            "dataset_file": "Datasets/2015_11/step2_same_strings_u9i21Bb.csv", 
            "date_created": "2000-01-01T00:01:00Z", 
            "description": "Generated data from a run of pipeline \"p_basic:1 (v1)\" started at 2015-11-19 01:12:54.714681+00:00 by bob\nrun: 15\nuser: bob\nstep: 2\noutput: same_strings", 
            "file_source": 51, 
            "groups_allowed": [
                1
            ], 
            "name": "run15_step2_outputsame_strings", 
            "user": 4, 
            "users_allowed": []
        }, 
        "model": "librarian.dataset", 
        "pk": 30
    }, 
    {
        "fields": {
            "description": "Just a CR", 
            "filename": "generic_script.py", 
            "groups_allowed": [
                1
            ], 
            "name": "genericCR", 
            "user": 2, 
            "users_allowed": []
        }, 
        "model": "method.coderesource", 
        "pk": 1
    }, 
    {
        "fields": {
            "description": "a script to do nothing", 
            "filename": "noop.sh", 
            "groups_allowed": [
                1
            ], 
            "name": "noop", 
            "user": 4, 
            "users_allowed": []
        }, 
        "model": "method.coderesource", 
        "pk": 2
    }, 
    {
        "fields": {
            "MD5_checksum": "e353a62fe8cb6a56d31b8c65d70b217d", 
            "coderesource": 1, 
            "content_file": "CodeResources/generic_script.py", 
            "groups_allowed": [
                1
            ], 
            "revision_DateTime": "2000-01-01T00:00:00Z", 
            "revision_desc": "desc", 
            "revision_name": "v1", 
            "revision_number": 1, 
            "revision_parent": null, 
            "user": 2, 
            "users_allowed": []
        }, 
        "model": "method.coderesourcerevision", 
        "pk": 1
    }, 
    {
        "fields": {
            "MD5_checksum": "d218c00725d473639f347d456de381d8", 
            "coderesource": 2, 
            "content_file": "CodeResources/fdopen", 
            "groups_allowed": [
                1
            ], 
            "revision_DateTime": "2000-01-01T00:00:04Z", 
            "revision_desc": "first version", 
            "revision_name": "1", 
            "revision_number": 1, 
            "revision_parent": null, 
            "user": 4, 
            "users_allowed": []
        }, 
        "model": "method.coderesourcerevision", 
        "pk": 2
    }, 
    {
        "fields": {
            "driver": 1, 
            "family": 1, 
            "groups_allowed": [
                1
            ], 
            "reusable": 1, 
            "revision_number": 1, 
            "revision_parent": null, 
            "tainted": false, 
            "threads": 1, 
            "users_allowed": []
        }, 
        "model": "method.method", 
        "pk": 1
    }, 
    {
        "fields": {
            "driver": 1, 
            "family": 1, 
            "groups_allowed": [
                1
            ], 
            "reusable": 1, 
            "revision_number": 2, 
            "revision_parent": null, 
            "tainted": false, 
            "threads": 1, 
            "users_allowed": []
        }, 
        "model": "method.method", 
        "pk": 2
    }, 
    {
        "fields": {
            "driver": 1, 
            "family": 1, 
            "groups_allowed": [
                1
            ], 
            "reusable": 1, 
            "revision_number": 3, 
            "revision_parent": null, 
            "tainted": false, 
            "threads": 1, 
            "users_allowed": []
        }, 
        "model": "method.method", 
        "pk": 3
    }, 
    {
        "fields": {
            "driver": 2, 
            "family": 2, 
            "groups_allowed": [
                1
            ], 
            "reusable": 1, 
            "revision_number": 1, 
            "revision_parent": null, 
            "tainted": false, 
            "threads": 1, 
            "users_allowed": []
        }, 
        "model": "method.method", 
        "pk": 6
    }, 
    {
        "fields": {
            "driver": 2, 
            "family": 3, 
            "groups_allowed": [
                1
            ], 
            "reusable": 1, 
            "revision_number": 1, 
            "revision_parent": null, 
            "tainted": false, 
            "threads": 1, 
            "users_allowed": []
        }, 
        "model": "method.method", 
        "pk": 7
    }, 
    {
        "fields": {
            "driver": 2, 
            "family": 4, 
            "groups_allowed": [
                1
            ], 
            "reusable": 1, 
            "revision_number": 1, 
            "revision_parent": null, 
            "tainted": false, 
            "threads": 1, 
            "users_allowed": []
        }, 
        "model": "method.method", 
        "pk": 8
    }, 
    {
        "fields": {
            "description": "Holds methods A/B/C", 
            "groups_allowed": [
                1
            ], 
            "name": "method_family", 
            "user": 2, 
            "users_allowed": []
        }, 
        "model": "method.methodfamily", 
        "pk": 1
    }, 
    {
        "fields": {
            "description": "a method to do nothing to strings", 
            "groups_allowed": [
                1
            ], 
            "name": "string noop", 
            "user": 4, 
            "users_allowed": []
        }, 
        "model": "method.methodfamily", 
        "pk": 2
    }, 
    {
        "fields": {
            "description": "a TOTALLY DIFFERENT method that TOTALLY does SOMETHING to strings by leaving them alone", 
            "groups_allowed": [
                1
            ], 
            "name": "string trivial", 
            "user": 4, 
            "users_allowed": []
        }, 
        "model": "method.methodfamily", 
        "pk": 3
    }, 
    {
        "fields": {
            "description": "do nothing to raw data", 
            "groups_allowed": [
                1
            ], 
            "name": "raw noop", 
            "user": 4, 
            "users_allowed": []
        }, 
        "model": "method.methodfamily", 
        "pk": 4
    }, 
    {
        "fields": {
            "description": "PF desc", 
            "groups_allowed": [
                1
            ], 
            "name": "Pipeline_family", 
            "user": 2, 
            "users_allowed": []
        }, 
        "model": "pipeline.pipelinefamily", 
        "pk": 1
    }, 
    {
        "fields": {
            "description": "innermost pipeline", 
            "groups_allowed": [
                1
            ], 
            "name": "p_basic", 
            "user": 2, 
            "users_allowed": []
        }, 
        "model": "pipeline.pipelinefamily", 
        "pk": 2
    }, 
    {
        "fields": {
            "description": "second-level pipeline", 
            "groups_allowed": [
                1
            ], 
            "name": "p_sub", 
            "user": 2, 
            "users_allowed": []
        }, 
        "model": "pipeline.pipelinefamily", 
        "pk": 3
    }, 
    {
        "fields": {
            "description": "top-level pipeline", 
            "groups_allowed": [
                1
            ], 
            "name": "p_top", 
            "user": 2, 
            "users_allowed": []
        }, 
        "model": "pipeline.pipelinefamily", 
        "pk": 4
    }, 
    {
        "fields": {
            "family": 1, 
            "groups_allowed": [
                1
            ], 
            "published": false, 
            "revision_number": 1, 
            "revision_parent": null, 
            "users_allowed": []
        }, 
        "model": "pipeline.pipeline", 
        "pk": 4
    }, 
    {
        "fields": {
            "family": 1, 
            "groups_allowed": [
                1
            ], 
            "published": false, 
            "revision_number": 2, 
            "revision_parent": null, 
            "users_allowed": []
        }, 
        "model": "pipeline.pipeline", 
        "pk": 5
    }, 
    {
        "fields": {
            "family": 2, 
            "groups_allowed": [
                1
            ], 
            "published": false, 
            "revision_number": 1, 
            "revision_parent": null, 
            "users_allowed": []
        }, 
        "model": "pipeline.pipeline", 
        "pk": 9
    }, 
    {
        "fields": {
            "family": 3, 
            "groups_allowed": [
                1
            ], 
            "published": false, 
            "revision_number": 1, 
            "revision_parent": null, 
            "users_allowed": []
        }, 
        "model": "pipeline.pipeline", 
        "pk": 10
    }, 
    {
        "fields": {
            "family": 4, 
            "groups_allowed": [
                1
            ], 
            "published": false, 
            "revision_number": 1, 
            "revision_parent": null, 
            "users_allowed": []
        }, 
        "model": "pipeline.pipeline", 
        "pk": 11
    }, 
    {
        "fields": {
            "groups_allowed": [
                1
            ], 
            "revision_DateTime": "2000-01-01T00:00:00Z", 
            "revision_desc": "A_desc", 
            "revision_name": "mA_name", 
            "user": 2, 
            "users_allowed": []
        }, 
        "model": "transformation.transformation", 
        "pk": 1
    }, 
    {
        "fields": {
            "groups_allowed": [
                1
            ], 
            "revision_DateTime": "2000-01-01T00:00:00Z", 
            "revision_desc": "B_desc", 
            "revision_name": "mB_name", 
            "user": 2, 
            "users_allowed": []
        }, 
        "model": "transformation.transformation", 
        "pk": 2
    }, 
    {
        "fields": {
            "groups_allowed": [
                1
            ], 
            "revision_DateTime": "2000-01-01T00:00:00Z", 
            "revision_desc": "C_desc", 
            "revision_name": "mC_name", 
            "user": 2, 
            "users_allowed": []
        }, 
        "model": "transformation.transformation", 
        "pk": 3
    }, 
    {
        "fields": {
            "groups_allowed": [
                1
            ], 
            "revision_DateTime": "2000-01-01T00:00:00Z", 
            "revision_desc": "D", 
            "revision_name": "pD_name", 
            "user": 2, 
            "users_allowed": []
        }, 
        "model": "transformation.transformation", 
        "pk": 4
    }, 
    {
        "fields": {
            "groups_allowed": [
                1
            ], 
            "revision_DateTime": "2000-01-01T00:00:00Z", 
            "revision_desc": "E", 
            "revision_name": "pE_name", 
            "user": 2, 
            "users_allowed": []
        }, 
        "model": "transformation.transformation", 
        "pk": 5
    }, 
    {
        "fields": {
            "groups_allowed": [
                1
            ], 
            "revision_DateTime": "2000-01-01T00:00:04Z", 
            "revision_desc": "first version", 
            "revision_name": "v1", 
            "user": 4, 
            "users_allowed": []
        }, 
        "model": "transformation.transformation", 
        "pk": 6
    }, 
    {
        "fields": {
            "groups_allowed": [
                1
            ], 
            "revision_DateTime": "2000-01-01T00:00:04Z", 
            "revision_desc": "first version", 
            "revision_name": "v1", 
            "user": 4, 
            "users_allowed": []
        }, 
        "model": "transformation.transformation", 
        "pk": 7
    }, 
    {
        "fields": {
            "groups_allowed": [
                1
            ], 
            "revision_DateTime": "2000-01-01T00:00:04Z", 
            "revision_desc": "first version", 
            "revision_name": "v1", 
            "user": 4, 
            "users_allowed": []
        }, 
        "model": "transformation.transformation", 
        "pk": 8
    }, 
    {
        "fields": {
            "groups_allowed": [
                1
            ], 
            "revision_DateTime": "2000-01-01T00:00:04Z", 
            "revision_desc": "first version", 
            "revision_name": "v1", 
            "user": 2, 
            "users_allowed": []
        }, 
        "model": "transformation.transformation", 
        "pk": 9
    }, 
    {
        "fields": {
            "groups_allowed": [
                1
            ], 
            "revision_DateTime": "2000-01-01T00:00:05Z", 
            "revision_desc": "first version", 
            "revision_name": "v1", 
            "user": 2, 
            "users_allowed": []
        }, 
        "model": "transformation.transformation", 
        "pk": 10
    }, 
    {
        "fields": {
            "groups_allowed": [
                1
            ], 
            "revision_DateTime": "2000-01-01T00:00:05Z", 
            "revision_desc": "first version", 
            "revision_name": "v1", 
            "user": 2, 
            "users_allowed": []
        }, 
        "model": "transformation.transformation", 
        "pk": 11
    }, 
    {
        "fields": {
            "dataset": 1, 
            "end_time": "2000-01-01T00:00:01Z", 
            "execlog": null, 
            "start_time": "2000-01-01T00:00:01Z", 
            "user": 2
        }, 
        "model": "datachecking.contentchecklog", 
        "pk": 1
    }, 
    {
        "fields": {
            "dataset": 2, 
            "end_time": "2000-01-01T00:00:01Z", 
            "execlog": null, 
            "start_time": "2000-01-01T00:00:01Z", 
            "user": 2
        }, 
        "model": "datachecking.contentchecklog", 
        "pk": 2
    }, 
    {
        "fields": {
            "dataset": 3, 
            "end_time": "2000-01-01T00:00:01Z", 
            "execlog": null, 
            "start_time": "2000-01-01T00:00:01Z", 
            "user": 2
        }, 
        "model": "datachecking.contentchecklog", 
        "pk": 3
    }, 
    {
        "fields": {
            "dataset": 4, 
            "end_time": "2000-01-01T00:00:01Z", 
            "execlog": null, 
            "start_time": "2000-01-01T00:00:01Z", 
            "user": 2
        }, 
        "model": "datachecking.contentchecklog", 
        "pk": 4
    }, 
    {
        "fields": {
            "dataset": 6, 
            "end_time": "2000-01-01T00:00:01Z", 
            "execlog": null, 
            "start_time": "2000-01-01T00:00:01Z", 
            "user": 2
        }, 
        "model": "datachecking.contentchecklog", 
        "pk": 5
    }, 
    {
        "fields": {
            "dataset": 7, 
            "end_time": "2000-01-01T00:00:02Z", 
            "execlog": null, 
            "start_time": "2000-01-01T00:00:01Z", 
            "user": 2
        }, 
        "model": "datachecking.contentchecklog", 
        "pk": 6
    }, 
    {
        "fields": {
            "dataset": 8, 
            "end_time": "2000-01-01T00:00:02Z", 
            "execlog": null, 
            "start_time": "2000-01-01T00:00:02Z", 
            "user": 2
        }, 
        "model": "datachecking.contentchecklog", 
        "pk": 7
    }, 
    {
        "fields": {
            "dataset": 9, 
            "end_time": "2000-01-01T00:00:02Z", 
            "execlog": null, 
            "start_time": "2000-01-01T00:00:02Z", 
            "user": 2
        }, 
        "model": "datachecking.contentchecklog", 
        "pk": 8
    }, 
    {
        "fields": {
            "dataset": 10, 
            "end_time": "2000-01-01T00:00:03Z", 
            "execlog": null, 
            "start_time": "2000-01-01T00:00:03Z", 
            "user": 2
        }, 
        "model": "datachecking.contentchecklog", 
        "pk": 9
    }, 
    {
        "fields": {
            "dataset": 13, 
            "end_time": "2000-01-01T00:00:03Z", 
            "execlog": null, 
            "start_time": "2000-01-01T00:00:03Z", 
            "user": 2
        }, 
        "model": "datachecking.contentchecklog", 
        "pk": 10
    }, 
    {
        "fields": {
            "dataset": 14, 
            "end_time": "2000-01-01T00:00:03Z", 
            "execlog": null, 
            "start_time": "2000-01-01T00:00:03Z", 
            "user": 2
        }, 
        "model": "datachecking.contentchecklog", 
        "pk": 11
    }, 
    {
        "fields": {
            "dataset": 15, 
            "end_time": "2000-01-01T00:00:03Z", 
            "execlog": null, 
            "start_time": "2000-01-01T00:00:03Z", 
            "user": 2
        }, 
        "model": "datachecking.contentchecklog", 
        "pk": 12
    }, 
    {
        "fields": {
            "dataset": 16, 
            "end_time": "2000-01-01T00:00:03Z", 
            "execlog": null, 
            "start_time": "2000-01-01T00:00:03Z", 
            "user": 2
        }, 
        "model": "datachecking.contentchecklog", 
        "pk": 13
    }, 
    {
        "fields": {
            "dataset": 17, 
            "end_time": "2000-01-01T00:00:03Z", 
            "execlog": null, 
            "start_time": "2000-01-01T00:00:03Z", 
            "user": 2
        }, 
        "model": "datachecking.contentchecklog", 
        "pk": 14
    }, 
    {
        "fields": {
            "dataset": 18, 
            "end_time": "2000-01-01T00:00:06Z", 
            "execlog": null, 
            "start_time": "2000-01-01T00:00:06Z", 
            "user": 4
        }, 
        "model": "datachecking.contentchecklog", 
        "pk": 15
    }, 
    {
        "fields": {
            "dataset": 19, 
            "end_time": "2000-01-01T00:00:08Z", 
            "execlog": 5, 
            "start_time": "2000-01-01T00:00:08Z", 
            "user": 4
        }, 
        "model": "datachecking.contentchecklog", 
        "pk": 16
    }, 
    {
        "fields": {
            "dataset": 20, 
            "end_time": "2000-01-01T00:00:09Z", 
            "execlog": 7, 
            "start_time": "2000-01-01T00:00:09Z", 
            "user": 4
        }, 
        "model": "datachecking.contentchecklog", 
        "pk": 17
    }, 
    {
        "fields": {
            "dataset": 21, 
            "end_time": "2000-01-01T00:00:14Z", 
            "execlog": 9, 
            "start_time": "2000-01-01T00:00:14Z", 
            "user": 4
        }, 
        "model": "datachecking.contentchecklog", 
        "pk": 18
    }, 
    {
        "fields": {
            "dataset": 22, 
            "end_time": "2000-01-01T00:00:16Z", 
            "execlog": 11, 
            "start_time": "2000-01-01T00:00:16Z", 
            "user": 4
        }, 
        "model": "datachecking.contentchecklog", 
        "pk": 19
    }, 
    {
        "fields": {
            "dataset": 23, 
            "end_time": "2000-01-01T00:00:28Z", 
            "execlog": 13, 
            "start_time": "2000-01-01T00:00:28Z", 
            "user": 4
        }, 
        "model": "datachecking.contentchecklog", 
        "pk": 20
    }, 
    {
        "fields": {
            "dataset": 24, 
            "end_time": "2000-01-01T00:00:29Z", 
            "execlog": 15, 
            "start_time": "2000-01-01T00:00:29Z", 
            "user": 4
        }, 
        "model": "datachecking.contentchecklog", 
        "pk": 21
    }, 
    {
        "fields": {
            "dataset": 25, 
            "end_time": "2000-01-01T00:00:35Z", 
            "execlog": 17, 
            "start_time": "2000-01-01T00:00:35Z", 
            "user": 4
        }, 
        "model": "datachecking.contentchecklog", 
        "pk": 22
    }, 
    {
        "fields": {
            "dataset": 26, 
            "end_time": "2000-01-01T00:00:37Z", 
            "execlog": 19, 
            "start_time": "2000-01-01T00:00:37Z", 
            "user": 4
        }, 
        "model": "datachecking.contentchecklog", 
        "pk": 23
    }, 
    {
        "fields": {
            "dataset": 27, 
            "end_time": "2000-01-01T00:00:51Z", 
            "execlog": 21, 
            "start_time": "2000-01-01T00:00:51Z", 
            "user": 4
        }, 
        "model": "datachecking.contentchecklog", 
        "pk": 24
    }, 
    {
        "fields": {
            "dataset": 28, 
            "end_time": "2000-01-01T00:00:53Z", 
            "execlog": 23, 
            "start_time": "2000-01-01T00:00:53Z", 
            "user": 4
        }, 
        "model": "datachecking.contentchecklog", 
        "pk": 25
    }, 
    {
        "fields": {
            "dataset": 29, 
            "end_time": "2000-01-01T00:00:59Z", 
            "execlog": 25, 
            "start_time": "2000-01-01T00:00:59Z", 
            "user": 4
        }, 
        "model": "datachecking.contentchecklog", 
        "pk": 26
    }, 
    {
        "fields": {
            "dataset": 30, 
            "end_time": "2000-01-01T00:01:01Z", 
            "execlog": 27, 
            "start_time": "2000-01-01T00:01:01Z", 
            "user": 4
        }, 
        "model": "datachecking.contentchecklog", 
        "pk": 27
    }, 
    {
        "fields": {
            "dataset": 18, 
            "end_time": "2000-01-01T00:00:06Z", 
            "execlog": 4, 
            "start_time": "2000-01-01T00:00:06Z", 
            "user": 4
        }, 
        "model": "datachecking.integritychecklog", 
        "pk": 1
    }, 
    {
        "fields": {
            "dataset": 19, 
            "end_time": "2000-01-01T00:00:09Z", 
            "execlog": 6, 
            "start_time": "2000-01-01T00:00:09Z", 
            "user": 4
        }, 
        "model": "datachecking.integritychecklog", 
        "pk": 2
    }, 
    {
        "fields": {
            "dataset": 20, 
            "end_time": "2000-01-01T00:00:10Z", 
            "execlog": 8, 
            "start_time": "2000-01-01T00:00:10Z", 
            "user": 4
        }, 
        "model": "datachecking.integritychecklog", 
        "pk": 3
    }, 
    {
        "fields": {
            "dataset": 21, 
            "end_time": "2000-01-01T00:00:15Z", 
            "execlog": 10, 
            "start_time": "2000-01-01T00:00:15Z", 
            "user": 4
        }, 
        "model": "datachecking.integritychecklog", 
        "pk": 4
    }, 
    {
        "fields": {
            "dataset": 22, 
            "end_time": "2000-01-01T00:00:16Z", 
            "execlog": 12, 
            "start_time": "2000-01-01T00:00:16Z", 
            "user": 4
        }, 
        "model": "datachecking.integritychecklog", 
        "pk": 5
    }, 
    {
        "fields": {
            "dataset": 23, 
            "end_time": "2000-01-01T00:00:29Z", 
            "execlog": 14, 
            "start_time": "2000-01-01T00:00:29Z", 
            "user": 4
        }, 
        "model": "datachecking.integritychecklog", 
        "pk": 6
    }, 
    {
        "fields": {
            "dataset": 24, 
            "end_time": "2000-01-01T00:00:30Z", 
            "execlog": 16, 
            "start_time": "2000-01-01T00:00:30Z", 
            "user": 4
        }, 
        "model": "datachecking.integritychecklog", 
        "pk": 7
    }, 
    {
        "fields": {
            "dataset": 25, 
            "end_time": "2000-01-01T00:00:36Z", 
            "execlog": 18, 
            "start_time": "2000-01-01T00:00:36Z", 
            "user": 4
        }, 
        "model": "datachecking.integritychecklog", 
        "pk": 8
    }, 
    {
        "fields": {
            "dataset": 26, 
            "end_time": "2000-01-01T00:00:38Z", 
            "execlog": 20, 
            "start_time": "2000-01-01T00:00:38Z", 
            "user": 4
        }, 
        "model": "datachecking.integritychecklog", 
        "pk": 9
    }, 
    {
        "fields": {
            "dataset": 27, 
            "end_time": "2000-01-01T00:00:52Z", 
            "execlog": 22, 
            "start_time": "2000-01-01T00:00:52Z", 
            "user": 4
        }, 
        "model": "datachecking.integritychecklog", 
        "pk": 10
    }, 
    {
        "fields": {
            "dataset": 28, 
            "end_time": "2000-01-01T00:00:53Z", 
            "execlog": 24, 
            "start_time": "2000-01-01T00:00:53Z", 
            "user": 4
        }, 
        "model": "datachecking.integritychecklog", 
        "pk": 11
    }, 
    {
        "fields": {
            "dataset": 29, 
            "end_time": "2000-01-01T00:01:00Z", 
            "execlog": 26, 
            "start_time": "2000-01-01T00:01:00Z", 
            "user": 4
        }, 
        "model": "datachecking.integritychecklog", 
        "pk": 12
    }, 
    {
        "fields": {
            "dataset": 30, 
            "end_time": "2000-01-01T00:01:01Z", 
            "execlog": 28, 
            "start_time": "2000-01-01T00:01:01Z", 
            "user": 4
        }, 
        "model": "datachecking.integritychecklog", 
        "pk": 13
    }
]