[
    {
        "fields": {
            "datatype": 8, 
            "rule": "^[ACGTacgt]*$", 
            "ruletype": "regexp"
        }, 
        "model": "metadata.basicconstraint", 
        "pk": 6
    }, 
    {
        "fields": {
            "datatype": 9, 
            "rule": "^[ACGUacgu]*$", 
            "ruletype": "regexp"
        }, 
        "model": "metadata.basicconstraint", 
        "pk": 7
    }, 
    {
        "fields": {
            "blankable": false, 
            "column_idx": 1, 
            "column_name": "label", 
            "compounddatatype": 5, 
            "datatype": 1
        }, 
        "model": "metadata.compounddatatypemember", 
        "pk": 7
    }, 
    {
        "fields": {
            "blankable": false, 
            "column_idx": 2, 
            "column_name": "integer", 
            "compounddatatype": 5, 
            "datatype": 4
        }, 
        "model": "metadata.compounddatatypemember", 
        "pk": 8
    }, 
    {
        "fields": {
            "blankable": false, 
            "column_idx": 3, 
            "column_name": "float", 
            "compounddatatype": 5, 
            "datatype": 3
        }, 
        "model": "metadata.compounddatatypemember", 
        "pk": 9
    }, 
    {
        "fields": {
            "blankable": false, 
            "column_idx": 4, 
            "column_name": "bool", 
            "compounddatatype": 5, 
            "datatype": 2
        }, 
        "model": "metadata.compounddatatypemember", 
        "pk": 10
    }, 
    {
        "fields": {
            "blankable": false, 
            "column_idx": 5, 
            "column_name": "rna", 
            "compounddatatype": 5, 
            "datatype": 9
        }, 
        "model": "metadata.compounddatatypemember", 
        "pk": 11
    }, 
    {
        "fields": {
            "blankable": false, 
            "column_idx": 1, 
            "column_name": "label", 
            "compounddatatype": 6, 
            "datatype": 1
        }, 
        "model": "metadata.compounddatatypemember", 
        "pk": 12
    }, 
    {
        "fields": {
            "blankable": false, 
            "column_idx": 2, 
            "column_name": "PBMCseq", 
            "compounddatatype": 6, 
            "datatype": 8
        }, 
        "model": "metadata.compounddatatypemember", 
        "pk": 13
    }, 
    {
        "fields": {
            "blankable": false, 
            "column_idx": 3, 
            "column_name": "PLAseq", 
            "compounddatatype": 6, 
            "datatype": 9
        }, 
        "model": "metadata.compounddatatypemember", 
        "pk": 14
    }, 
    {
        "fields": {
            "blankable": false, 
            "column_idx": 1, 
            "column_name": "SeqToComplement", 
            "compounddatatype": 7, 
            "datatype": 8
        }, 
        "model": "metadata.compounddatatypemember", 
        "pk": 15
    }, 
    {
        "fields": {
            "blankable": false, 
            "column_idx": 1, 
            "column_name": "ComplementedSeq", 
            "compounddatatype": 8, 
            "datatype": 8
        }, 
        "model": "metadata.compounddatatypemember", 
        "pk": 16
    }, 
    {
        "fields": {
            "blankable": false, 
            "column_idx": 1, 
            "column_name": "SeqToComplement", 
            "compounddatatype": 9, 
            "datatype": 9
        }, 
        "model": "metadata.compounddatatypemember", 
        "pk": 17
    }, 
    {
        "fields": {
            "blankable": false, 
            "column_idx": 1, 
            "column_name": "ComplementedSeq", 
            "compounddatatype": 10, 
            "datatype": 9
        }, 
        "model": "metadata.compounddatatypemember", 
        "pk": 18
    }, 
    {
        "fields": {
            "blankable": false, 
            "column_idx": 1, 
            "column_name": "x", 
            "compounddatatype": 11, 
            "datatype": 1
        }, 
        "model": "metadata.compounddatatypemember", 
        "pk": 19
    }, 
    {
        "fields": {
            "blankable": false, 
            "column_idx": 2, 
            "column_name": "y", 
            "compounddatatype": 11, 
            "datatype": 1
        }, 
        "model": "metadata.compounddatatypemember", 
        "pk": 20
    }, 
    {
        "fields": {
            "blankable": false, 
            "column_idx": 1, 
            "column_name": "k", 
            "compounddatatype": 12, 
            "datatype": 1
        }, 
        "model": "metadata.compounddatatypemember", 
        "pk": 21
    }, 
    {
        "fields": {
            "blankable": false, 
            "column_idx": 1, 
            "column_name": "a", 
            "compounddatatype": 13, 
            "datatype": 1
        }, 
        "model": "metadata.compounddatatypemember", 
        "pk": 22
    }, 
    {
        "fields": {
            "blankable": false, 
            "column_idx": 2, 
            "column_name": "b", 
            "compounddatatype": 13, 
            "datatype": 1
        }, 
        "model": "metadata.compounddatatypemember", 
        "pk": 23
    }, 
    {
        "fields": {
            "blankable": false, 
            "column_idx": 3, 
            "column_name": "c", 
            "compounddatatype": 13, 
            "datatype": 1
        }, 
        "model": "metadata.compounddatatypemember", 
        "pk": 24
    }, 
    {
        "fields": {
            "blankable": false, 
            "column_idx": 1, 
            "column_name": "a^2", 
            "compounddatatype": 14, 
            "datatype": 1
        }, 
        "model": "metadata.compounddatatypemember", 
        "pk": 25
    }, 
    {
        "fields": {
            "blankable": false, 
            "column_idx": 2, 
            "column_name": "b^2", 
            "compounddatatype": 14, 
            "datatype": 1
        }, 
        "model": "metadata.compounddatatypemember", 
        "pk": 26
    }, 
    {
        "fields": {
            "blankable": false, 
            "column_idx": 3, 
            "column_name": "c^2", 
            "compounddatatype": 14, 
            "datatype": 1
        }, 
        "model": "metadata.compounddatatypemember", 
        "pk": 27
    }, 
    {
        "fields": {
            "blankable": false, 
            "column_idx": 1, 
            "column_name": "StrCol1", 
            "compounddatatype": 15, 
            "datatype": 1
        }, 
        "model": "metadata.compounddatatypemember", 
        "pk": 28
    }, 
    {
        "fields": {
            "blankable": false, 
            "column_idx": 2, 
            "column_name": "DNACol2", 
            "compounddatatype": 15, 
            "datatype": 8
        }, 
        "model": "metadata.compounddatatypemember", 
        "pk": 29
    }, 
    {
        "fields": {
            "blankable": false, 
            "column_idx": 3, 
            "column_name": "StrCol3", 
            "compounddatatype": 15, 
            "datatype": 1
        }, 
        "model": "metadata.compounddatatypemember", 
        "pk": 30
    }, 
    {
        "fields": {
            "blankable": false, 
            "column_idx": 1, 
            "column_name": "x", 
            "compounddatatype": 16, 
            "datatype": 1
        }, 
        "model": "metadata.compounddatatypemember", 
        "pk": 31
    }, 
    {
        "fields": {
            "blankable": false, 
            "column_idx": 2, 
            "column_name": "y", 
            "compounddatatype": 16, 
            "datatype": 1
        }, 
        "model": "metadata.compounddatatypemember", 
        "pk": 32
    }, 
    {
        "fields": {
            "blankable": false, 
            "column_idx": 1, 
            "column_name": "a", 
            "compounddatatype": 17, 
            "datatype": 8
        }, 
        "model": "metadata.compounddatatypemember", 
        "pk": 33
    }, 
    {
        "fields": {
            "blankable": false, 
            "column_idx": 2, 
            "column_name": "b", 
            "compounddatatype": 17, 
            "datatype": 8
        }, 
        "model": "metadata.compounddatatypemember", 
        "pk": 34
    }, 
    {
        "fields": {
            "blankable": false, 
            "column_idx": 3, 
            "column_name": "c", 
            "compounddatatype": 17, 
            "datatype": 8
        }, 
        "model": "metadata.compounddatatypemember", 
        "pk": 35
    }, 
    {
        "fields": {
            "blankable": false, 
            "column_idx": 1, 
            "column_name": "x", 
            "compounddatatype": 18, 
            "datatype": 8
        }, 
        "model": "metadata.compounddatatypemember", 
        "pk": 36
    }, 
    {
        "fields": {
            "blankable": false, 
            "column_idx": 2, 
            "column_name": "y", 
            "compounddatatype": 18, 
            "datatype": 8
        }, 
        "model": "metadata.compounddatatypemember", 
        "pk": 37
    }, 
    {
        "fields": {
            "blankable": false, 
            "column_idx": 1, 
            "column_name": "word", 
            "compounddatatype": 19, 
            "datatype": 10
        }, 
        "model": "metadata.compounddatatypemember", 
        "pk": 38
    }, 
    {
        "fields": {
            "_complete": false, 
            "_redacted": false, 
            "_successful": true, 
            "end_time": null, 
            "execrecord": 1, 
            "is_cancelled": false, 
            "reused": false, 
            "start_time": null
        }, 
        "model": "archive.runcomponent", 
        "pk": 1
    }, 
    {
        "fields": {
            "_complete": false, 
            "_redacted": false, 
            "_successful": false, 
            "end_time": null, 
            "execrecord": 2, 
            "is_cancelled": false, 
            "reused": false, 
            "start_time": null
        }, 
        "model": "archive.runcomponent", 
        "pk": 2
    }, 
    {
        "fields": {
            "_complete": false, 
            "_redacted": false, 
            "_successful": true, 
            "end_time": null, 
            "execrecord": 3, 
            "is_cancelled": false, 
            "reused": false, 
            "start_time": null
        }, 
        "model": "archive.runcomponent", 
        "pk": 3
    }, 
    {
        "fields": {
            "_complete": true, 
            "_redacted": false, 
            "_successful": true, 
            "end_time": "2015-07-17T23:11:30.345Z", 
            "execrecord": null, 
            "is_cancelled": false, 
            "reused": null, 
            "start_time": "2015-07-17T23:11:15.326Z"
        }, 
        "model": "archive.runcomponent", 
        "pk": 4
    }, 
    {
        "fields": {
            "_complete": true, 
            "_redacted": false, 
            "_successful": true, 
            "end_time": "2015-07-17T23:11:15.560Z", 
            "execrecord": 4, 
            "is_cancelled": false, 
            "reused": false, 
            "start_time": "2015-07-17T23:11:15.397Z"
        }, 
        "model": "archive.runcomponent", 
        "pk": 5
    }, 
    {
        "fields": {
            "_complete": true, 
            "_redacted": false, 
            "_successful": true, 
            "end_time": "2015-07-17T23:11:20.677Z", 
            "execrecord": null, 
            "is_cancelled": false, 
            "reused": null, 
            "start_time": "2015-07-17T23:11:15.716Z"
        }, 
        "model": "archive.runcomponent", 
        "pk": 6
    }, 
    {
        "fields": {
            "_complete": true, 
            "_redacted": false, 
            "_successful": true, 
            "end_time": "2015-07-17T23:11:15.860Z", 
            "execrecord": 4, 
            "is_cancelled": false, 
            "reused": true, 
            "start_time": "2015-07-17T23:11:15.783Z"
        }, 
        "model": "archive.runcomponent", 
        "pk": 7
    }, 
    {
        "fields": {
            "_complete": true, 
            "_redacted": false, 
            "_successful": true, 
            "end_time": "2015-07-17T23:11:17.603Z", 
            "execrecord": 5, 
            "is_cancelled": false, 
            "reused": false, 
            "start_time": "2015-07-17T23:11:16.000Z"
        }, 
        "model": "archive.runcomponent", 
        "pk": 8
    }, 
    {
        "fields": {
            "_complete": true, 
            "_redacted": false, 
            "_successful": true, 
            "end_time": "2015-07-17T23:11:16.142Z", 
            "execrecord": 4, 
            "is_cancelled": false, 
            "reused": true, 
            "start_time": "2015-07-17T23:11:16.075Z"
        }, 
        "model": "archive.runcomponent", 
        "pk": 9
    }, 
    {
        "fields": {
            "_complete": true, 
            "_redacted": false, 
            "_successful": true, 
            "end_time": "2015-07-17T23:11:19.015Z", 
            "execrecord": 7, 
            "is_cancelled": false, 
            "reused": false, 
            "start_time": "2015-07-17T23:11:17.955Z"
        }, 
        "model": "archive.runcomponent", 
        "pk": 10
    }, 
    {
        "fields": {
            "_complete": true, 
            "_redacted": false, 
            "_successful": true, 
            "end_time": "2015-07-17T23:11:18.217Z", 
            "execrecord": 6, 
            "is_cancelled": false, 
            "reused": false, 
            "start_time": "2015-07-17T23:11:18.041Z"
        }, 
        "model": "archive.runcomponent", 
        "pk": 11
    }, 
    {
        "fields": {
            "_complete": true, 
            "_redacted": false, 
            "_successful": true, 
            "end_time": "2015-07-17T23:11:19.684Z", 
            "execrecord": 8, 
            "is_cancelled": false, 
            "reused": false, 
            "start_time": "2015-07-17T23:11:19.500Z"
        }, 
        "model": "archive.runcomponent", 
        "pk": 12
    }, 
    {
        "fields": {
            "_complete": true, 
            "_redacted": false, 
            "_successful": true, 
            "end_time": "2015-07-17T23:11:26.568Z", 
            "execrecord": null, 
            "is_cancelled": false, 
            "reused": null, 
            "start_time": "2015-07-17T23:11:21.920Z"
        }, 
        "model": "archive.runcomponent", 
        "pk": 13
    }, 
    {
        "fields": {
            "_complete": true, 
            "_redacted": false, 
            "_successful": true, 
            "end_time": "2015-07-17T23:11:22.075Z", 
            "execrecord": 8, 
            "is_cancelled": false, 
            "reused": true, 
            "start_time": "2015-07-17T23:11:22.001Z"
        }, 
        "model": "archive.runcomponent", 
        "pk": 14
    }, 
    {
        "fields": {
            "_complete": true, 
            "_redacted": false, 
            "_successful": true, 
            "end_time": "2015-07-17T23:11:23.368Z", 
            "execrecord": 9, 
            "is_cancelled": false, 
            "reused": false, 
            "start_time": "2015-07-17T23:11:22.432Z"
        }, 
        "model": "archive.runcomponent", 
        "pk": 15
    }, 
    {
        "fields": {
            "_complete": true, 
            "_redacted": false, 
            "_successful": true, 
            "end_time": "2015-07-17T23:11:22.598Z", 
            "execrecord": 8, 
            "is_cancelled": false, 
            "reused": true, 
            "start_time": "2015-07-17T23:11:22.524Z"
        }, 
        "model": "archive.runcomponent", 
        "pk": 16
    }, 
    {
        "fields": {
            "_complete": true, 
            "_redacted": false, 
            "_successful": true, 
            "end_time": "2015-07-17T23:11:24.873Z", 
            "execrecord": 11, 
            "is_cancelled": false, 
            "reused": false, 
            "start_time": "2015-07-17T23:11:23.752Z"
        }, 
        "model": "archive.runcomponent", 
        "pk": 17
    }, 
    {
        "fields": {
            "_complete": true, 
            "_redacted": false, 
            "_successful": true, 
            "end_time": "2015-07-17T23:11:24.017Z", 
            "execrecord": 10, 
            "is_cancelled": false, 
            "reused": false, 
            "start_time": "2015-07-17T23:11:23.840Z"
        }, 
        "model": "archive.runcomponent", 
        "pk": 18
    }, 
    {
        "fields": {
            "_complete": true, 
            "_redacted": false, 
            "_successful": true, 
            "end_time": "2015-07-17T23:11:25.534Z", 
            "execrecord": 12, 
            "is_cancelled": false, 
            "reused": false, 
            "start_time": "2015-07-17T23:11:25.351Z"
        }, 
        "model": "archive.runcomponent", 
        "pk": 19
    }, 
    {
        "fields": {
            "_complete": true, 
            "_redacted": false, 
            "_successful": true, 
            "end_time": "2015-07-17T23:11:27.958Z", 
            "execrecord": 12, 
            "is_cancelled": false, 
            "reused": true, 
            "start_time": "2015-07-17T23:11:27.884Z"
        }, 
        "model": "archive.runcomponent", 
        "pk": 20
    }, 
    {
        "fields": {
            "_complete": true, 
            "_redacted": false, 
            "_successful": true, 
            "end_time": "2015-07-17T23:11:50.348Z", 
            "execrecord": null, 
            "is_cancelled": false, 
            "reused": null, 
            "start_time": "2015-07-17T23:11:33.489Z"
        }, 
        "model": "archive.runcomponent", 
        "pk": 21
    }, 
    {
        "fields": {
            "_complete": true, 
            "_redacted": false, 
            "_successful": true, 
            "end_time": "2015-07-17T23:11:33.651Z", 
            "execrecord": 12, 
            "is_cancelled": false, 
            "reused": true, 
            "start_time": "2015-07-17T23:11:33.575Z"
        }, 
        "model": "archive.runcomponent", 
        "pk": 22
    }, 
    {
        "fields": {
            "_complete": true, 
            "_redacted": false, 
            "_successful": true, 
            "end_time": "2015-07-17T23:11:39.594Z", 
            "execrecord": null, 
            "is_cancelled": false, 
            "reused": null, 
            "start_time": "2015-07-17T23:11:34.412Z"
        }, 
        "model": "archive.runcomponent", 
        "pk": 23
    }, 
    {
        "fields": {
            "_complete": true, 
            "_redacted": false, 
            "_successful": true, 
            "end_time": "2015-07-17T23:11:34.575Z", 
            "execrecord": 12, 
            "is_cancelled": false, 
            "reused": true, 
            "start_time": "2015-07-17T23:11:34.499Z"
        }, 
        "model": "archive.runcomponent", 
        "pk": 24
    }, 
    {
        "fields": {
            "_complete": true, 
            "_redacted": false, 
            "_successful": true, 
            "end_time": "2015-07-17T23:11:36.357Z", 
            "execrecord": 13, 
            "is_cancelled": false, 
            "reused": false, 
            "start_time": "2015-07-17T23:11:35.336Z"
        }, 
        "model": "archive.runcomponent", 
        "pk": 25
    }, 
    {
        "fields": {
            "_complete": true, 
            "_redacted": false, 
            "_successful": true, 
            "end_time": "2015-07-17T23:11:35.501Z", 
            "execrecord": 12, 
            "is_cancelled": false, 
            "reused": true, 
            "start_time": "2015-07-17T23:11:35.425Z"
        }, 
        "model": "archive.runcomponent", 
        "pk": 26
    }, 
    {
        "fields": {
            "_complete": true, 
            "_redacted": false, 
            "_successful": true, 
            "end_time": "2015-07-17T23:11:37.911Z", 
            "execrecord": 15, 
            "is_cancelled": false, 
            "reused": false, 
            "start_time": "2015-07-17T23:11:36.755Z"
        }, 
        "model": "archive.runcomponent", 
        "pk": 27
    }, 
    {
        "fields": {
            "_complete": true, 
            "_redacted": false, 
            "_successful": true, 
            "end_time": "2015-07-17T23:11:37.028Z", 
            "execrecord": 14, 
            "is_cancelled": false, 
            "reused": false, 
            "start_time": "2015-07-17T23:11:36.849Z"
        }, 
        "model": "archive.runcomponent", 
        "pk": 28
    }, 
    {
        "fields": {
            "_complete": true, 
            "_redacted": false, 
            "_successful": true, 
            "end_time": "2015-07-17T23:11:38.568Z", 
            "execrecord": 16, 
            "is_cancelled": false, 
            "reused": false, 
            "start_time": "2015-07-17T23:11:38.383Z"
        }, 
        "model": "archive.runcomponent", 
        "pk": 29
    }, 
    {
        "fields": {
            "_complete": true, 
            "_redacted": false, 
            "_successful": true, 
            "end_time": "2015-07-17T23:11:46.358Z", 
            "execrecord": null, 
            "is_cancelled": false, 
            "reused": null, 
            "start_time": "2015-07-17T23:11:40.908Z"
        }, 
        "model": "archive.runcomponent", 
        "pk": 30
    }, 
    {
        "fields": {
            "_complete": true, 
            "_redacted": false, 
            "_successful": true, 
            "end_time": "2015-07-17T23:11:41.055Z", 
            "execrecord": 16, 
            "is_cancelled": false, 
            "reused": true, 
            "start_time": "2015-07-17T23:11:40.982Z"
        }, 
        "model": "archive.runcomponent", 
        "pk": 31
    }, 
    {
        "fields": {
            "_complete": true, 
            "_redacted": false, 
            "_successful": true, 
            "end_time": "2015-07-17T23:11:43.081Z", 
            "execrecord": 17, 
            "is_cancelled": false, 
            "reused": false, 
            "start_time": "2015-07-17T23:11:42.046Z"
        }, 
        "model": "archive.runcomponent", 
        "pk": 32
    }, 
    {
        "fields": {
            "_complete": true, 
            "_redacted": false, 
            "_successful": true, 
            "end_time": "2015-07-17T23:11:42.208Z", 
            "execrecord": 16, 
            "is_cancelled": false, 
            "reused": true, 
            "start_time": "2015-07-17T23:11:42.133Z"
        }, 
        "model": "archive.runcomponent", 
        "pk": 33
    }, 
    {
        "fields": {
            "_complete": true, 
            "_redacted": false, 
            "_successful": true, 
            "end_time": "2015-07-17T23:11:44.660Z", 
            "execrecord": 19, 
            "is_cancelled": false, 
            "reused": false, 
            "start_time": "2015-07-17T23:11:43.464Z"
        }, 
        "model": "archive.runcomponent", 
        "pk": 34
    }, 
    {
        "fields": {
            "_complete": true, 
            "_redacted": false, 
            "_successful": true, 
            "end_time": "2015-07-17T23:11:43.729Z", 
            "execrecord": 18, 
            "is_cancelled": false, 
            "reused": false, 
            "start_time": "2015-07-17T23:11:43.550Z"
        }, 
        "model": "archive.runcomponent", 
        "pk": 35
    }, 
    {
        "fields": {
            "_complete": true, 
            "_redacted": false, 
            "_successful": true, 
            "end_time": "2015-07-17T23:11:45.319Z", 
            "execrecord": 20, 
            "is_cancelled": false, 
            "reused": false, 
            "start_time": "2015-07-17T23:11:45.134Z"
        }, 
        "model": "archive.runcomponent", 
        "pk": 36
    }, 
    {
        "fields": {
            "_complete": true, 
            "_redacted": false, 
            "_successful": true, 
            "end_time": "2015-07-17T23:11:47.882Z", 
            "execrecord": 20, 
            "is_cancelled": false, 
            "reused": true, 
            "start_time": "2015-07-17T23:11:47.807Z"
        }, 
        "model": "archive.runcomponent", 
        "pk": 37
    }, 
    {
        "fields": {
            "_complete": true, 
            "_redacted": false, 
            "_successful": true, 
            "end_time": "2015-07-17T23:12:13.035Z", 
            "execrecord": null, 
            "is_cancelled": false, 
            "reused": null, 
            "start_time": "2015-07-17T23:11:53.625Z"
        }, 
        "model": "archive.runcomponent", 
        "pk": 38
    }, 
    {
        "fields": {
            "_complete": true, 
            "_redacted": false, 
            "_successful": true, 
            "end_time": "2015-07-17T23:11:53.784Z", 
            "execrecord": 20, 
            "is_cancelled": false, 
            "reused": true, 
            "start_time": "2015-07-17T23:11:53.710Z"
        }, 
        "model": "archive.runcomponent", 
        "pk": 39
    }, 
    {
        "fields": {
            "_complete": true, 
            "_redacted": false, 
            "_successful": true, 
            "end_time": "2015-07-17T23:12:01.203Z", 
            "execrecord": null, 
            "is_cancelled": false, 
            "reused": null, 
            "start_time": "2015-07-17T23:11:55.173Z"
        }, 
        "model": "archive.runcomponent", 
        "pk": 40
    }, 
    {
        "fields": {
            "_complete": true, 
            "_redacted": false, 
            "_successful": true, 
            "end_time": "2015-07-17T23:11:55.334Z", 
            "execrecord": 20, 
            "is_cancelled": false, 
            "reused": true, 
            "start_time": "2015-07-17T23:11:55.260Z"
        }, 
        "model": "archive.runcomponent", 
        "pk": 41
    }, 
    {
        "fields": {
            "_complete": true, 
            "_redacted": false, 
            "_successful": true, 
            "end_time": "2015-07-17T23:11:57.876Z", 
            "execrecord": 21, 
            "is_cancelled": false, 
            "reused": false, 
            "start_time": "2015-07-17T23:11:56.755Z"
        }, 
        "model": "archive.runcomponent", 
        "pk": 42
    }, 
    {
        "fields": {
            "_complete": true, 
            "_redacted": false, 
            "_successful": true, 
            "end_time": "2015-07-17T23:11:56.920Z", 
            "execrecord": 20, 
            "is_cancelled": false, 
            "reused": true, 
            "start_time": "2015-07-17T23:11:56.843Z"
        }, 
        "model": "archive.runcomponent", 
        "pk": 43
    }, 
    {
        "fields": {
            "_complete": true, 
            "_redacted": false, 
            "_successful": true, 
            "end_time": "2015-07-17T23:11:59.539Z", 
            "execrecord": 23, 
            "is_cancelled": false, 
            "reused": false, 
            "start_time": "2015-07-17T23:11:58.284Z"
        }, 
        "model": "archive.runcomponent", 
        "pk": 44
    }, 
    {
        "fields": {
            "_complete": true, 
            "_redacted": false, 
            "_successful": true, 
            "end_time": "2015-07-17T23:11:58.554Z", 
            "execrecord": 22, 
            "is_cancelled": false, 
            "reused": false, 
            "start_time": "2015-07-17T23:11:58.375Z"
        }, 
        "model": "archive.runcomponent", 
        "pk": 45
    }, 
    {
        "fields": {
            "_complete": true, 
            "_redacted": false, 
            "_successful": true, 
            "end_time": "2015-07-17T23:12:00.184Z", 
            "execrecord": 24, 
            "is_cancelled": false, 
            "reused": false, 
            "start_time": "2015-07-17T23:12:00.001Z"
        }, 
        "model": "archive.runcomponent", 
        "pk": 46
    }, 
    {
        "fields": {
            "_complete": true, 
            "_redacted": false, 
            "_successful": true, 
            "end_time": "2015-07-17T23:12:08.670Z", 
            "execrecord": null, 
            "is_cancelled": false, 
            "reused": null, 
            "start_time": "2015-07-17T23:12:02.501Z"
        }, 
        "model": "archive.runcomponent", 
        "pk": 47
    }, 
    {
        "fields": {
            "_complete": true, 
            "_redacted": false, 
            "_successful": true, 
            "end_time": "2015-07-17T23:12:02.643Z", 
            "execrecord": 24, 
            "is_cancelled": false, 
            "reused": true, 
            "start_time": "2015-07-17T23:12:02.568Z"
        }, 
        "model": "archive.runcomponent", 
        "pk": 48
    }, 
    {
        "fields": {
            "_complete": true, 
            "_redacted": false, 
            "_successful": true, 
            "end_time": "2015-07-17T23:12:05.353Z", 
            "execrecord": 25, 
            "is_cancelled": false, 
            "reused": false, 
            "start_time": "2015-07-17T23:12:04.220Z"
        }, 
        "model": "archive.runcomponent", 
        "pk": 49
    }, 
    {
        "fields": {
            "_complete": true, 
            "_redacted": false, 
            "_successful": true, 
            "end_time": "2015-07-17T23:12:04.382Z", 
            "execrecord": 24, 
            "is_cancelled": false, 
            "reused": true, 
            "start_time": "2015-07-17T23:12:04.310Z"
        }, 
        "model": "archive.runcomponent", 
        "pk": 50
    }, 
    {
        "fields": {
            "_complete": true, 
            "_redacted": false, 
            "_successful": true, 
            "end_time": "2015-07-17T23:12:07.006Z", 
            "execrecord": 27, 
            "is_cancelled": false, 
            "reused": false, 
            "start_time": "2015-07-17T23:12:05.728Z"
        }, 
        "model": "archive.runcomponent", 
        "pk": 51
    }, 
    {
        "fields": {
            "_complete": true, 
            "_redacted": false, 
            "_successful": true, 
            "end_time": "2015-07-17T23:12:05.987Z", 
            "execrecord": 26, 
            "is_cancelled": false, 
            "reused": false, 
            "start_time": "2015-07-17T23:12:05.810Z"
        }, 
        "model": "archive.runcomponent", 
        "pk": 52
    }, 
    {
        "fields": {
            "_complete": true, 
            "_redacted": false, 
            "_successful": true, 
            "end_time": "2015-07-17T23:12:07.659Z", 
            "execrecord": 28, 
            "is_cancelled": false, 
            "reused": false, 
            "start_time": "2015-07-17T23:12:07.475Z"
        }, 
        "model": "archive.runcomponent", 
        "pk": 53
    }, 
    {
        "fields": {
            "_complete": true, 
            "_redacted": false, 
            "_successful": true, 
            "end_time": "2015-07-17T23:12:10.085Z", 
            "execrecord": 28, 
            "is_cancelled": false, 
            "reused": true, 
            "start_time": "2015-07-17T23:12:10.011Z"
        }, 
        "model": "archive.runcomponent", 
        "pk": 54
    }, 
    {
        "fields": {
            "_complete": true, 
            "_redacted": false, 
            "_successful": true, 
            "end_time": "2015-07-17T23:12:16.401Z", 
            "execrecord": 28, 
            "is_cancelled": false, 
            "reused": true, 
            "start_time": "2015-07-17T23:12:16.325Z"
        }, 
        "model": "archive.runcomponent", 
        "pk": 55
    }, 
    {
        "fields": {
            "pipelinestep": 1, 
            "run": 3
        }, 
        "model": "archive.runstep", 
        "pk": 1
    }, 
    {
        "fields": {
            "pipelinestep": 2, 
            "run": 4
        }, 
        "model": "archive.runstep", 
        "pk": 2
    }, 
    {
        "fields": {
            "pipelinestep": 4, 
            "run": 5
        }, 
        "model": "archive.runstep", 
        "pk": 3
    }, 
    {
        "fields": {
            "pipelinestep": 9, 
            "run": 7
        }, 
        "model": "archive.runstep", 
        "pk": 4
    }, 
    {
        "fields": {
            "pipelinestep": 7, 
            "run": 8
        }, 
        "model": "archive.runstep", 
        "pk": 6
    }, 
    {
        "fields": {
            "pipelinestep": 5, 
            "run": 9
        }, 
        "model": "archive.runstep", 
        "pk": 8
    }, 
    {
        "fields": {
            "pipelinestep": 6, 
            "run": 9
        }, 
        "model": "archive.runstep", 
        "pk": 10
    }, 
    {
        "fields": {
            "pipelinestep": 8, 
            "run": 8
        }, 
        "model": "archive.runstep", 
        "pk": 13
    }, 
    {
        "fields": {
            "pipelinestep": 5, 
            "run": 10
        }, 
        "model": "archive.runstep", 
        "pk": 15
    }, 
    {
        "fields": {
            "pipelinestep": 6, 
            "run": 10
        }, 
        "model": "archive.runstep", 
        "pk": 17
    }, 
    {
        "fields": {
            "pipelinestep": 10, 
            "run": 7
        }, 
        "model": "archive.runstep", 
        "pk": 21
    }, 
    {
        "fields": {
            "pipelinestep": 7, 
            "run": 11
        }, 
        "model": "archive.runstep", 
        "pk": 23
    }, 
    {
        "fields": {
            "pipelinestep": 5, 
            "run": 12
        }, 
        "model": "archive.runstep", 
        "pk": 25
    }, 
    {
        "fields": {
            "pipelinestep": 6, 
            "run": 12
        }, 
        "model": "archive.runstep", 
        "pk": 27
    }, 
    {
        "fields": {
            "pipelinestep": 8, 
            "run": 11
        }, 
        "model": "archive.runstep", 
        "pk": 30
    }, 
    {
        "fields": {
            "pipelinestep": 5, 
            "run": 13
        }, 
        "model": "archive.runstep", 
        "pk": 32
    }, 
    {
        "fields": {
            "pipelinestep": 6, 
            "run": 13
        }, 
        "model": "archive.runstep", 
        "pk": 34
    }, 
    {
        "fields": {
            "pipelinestep": 11, 
            "run": 7
        }, 
        "model": "archive.runstep", 
        "pk": 38
    }, 
    {
        "fields": {
            "pipelinestep": 7, 
            "run": 14
        }, 
        "model": "archive.runstep", 
        "pk": 40
    }, 
    {
        "fields": {
            "pipelinestep": 5, 
            "run": 15
        }, 
        "model": "archive.runstep", 
        "pk": 42
    }, 
    {
        "fields": {
            "pipelinestep": 6, 
            "run": 15
        }, 
        "model": "archive.runstep", 
        "pk": 44
    }, 
    {
        "fields": {
            "pipelinestep": 8, 
            "run": 14
        }, 
        "model": "archive.runstep", 
        "pk": 47
    }, 
    {
        "fields": {
            "pipelinestep": 5, 
            "run": 16
        }, 
        "model": "archive.runstep", 
        "pk": 49
    }, 
    {
        "fields": {
            "pipelinestep": 6, 
            "run": 16
        }, 
        "model": "archive.runstep", 
        "pk": 51
    }, 
    {
        "fields": {
            "PSIC": 18, 
            "runstep": 4
        }, 
        "model": "archive.runsic", 
        "pk": 5
    }, 
    {
        "fields": {
            "PSIC": 15, 
            "runstep": 6
        }, 
        "model": "archive.runsic", 
        "pk": 7
    }, 
    {
        "fields": {
            "PSIC": 12, 
            "runstep": 8
        }, 
        "model": "archive.runsic", 
        "pk": 9
    }, 
    {
        "fields": {
            "PSIC": 13, 
            "runstep": 10
        }, 
        "model": "archive.runsic", 
        "pk": 11
    }, 
    {
        "fields": {
            "PSIC": 16, 
            "runstep": 13
        }, 
        "model": "archive.runsic", 
        "pk": 14
    }, 
    {
        "fields": {
            "PSIC": 12, 
            "runstep": 15
        }, 
        "model": "archive.runsic", 
        "pk": 16
    }, 
    {
        "fields": {
            "PSIC": 13, 
            "runstep": 17
        }, 
        "model": "archive.runsic", 
        "pk": 18
    }, 
    {
        "fields": {
            "PSIC": 19, 
            "runstep": 21
        }, 
        "model": "archive.runsic", 
        "pk": 22
    }, 
    {
        "fields": {
            "PSIC": 15, 
            "runstep": 23
        }, 
        "model": "archive.runsic", 
        "pk": 24
    }, 
    {
        "fields": {
            "PSIC": 12, 
            "runstep": 25
        }, 
        "model": "archive.runsic", 
        "pk": 26
    }, 
    {
        "fields": {
            "PSIC": 13, 
            "runstep": 27
        }, 
        "model": "archive.runsic", 
        "pk": 28
    }, 
    {
        "fields": {
            "PSIC": 16, 
            "runstep": 30
        }, 
        "model": "archive.runsic", 
        "pk": 31
    }, 
    {
        "fields": {
            "PSIC": 12, 
            "runstep": 32
        }, 
        "model": "archive.runsic", 
        "pk": 33
    }, 
    {
        "fields": {
            "PSIC": 13, 
            "runstep": 34
        }, 
        "model": "archive.runsic", 
        "pk": 35
    }, 
    {
        "fields": {
            "PSIC": 20, 
            "runstep": 38
        }, 
        "model": "archive.runsic", 
        "pk": 39
    }, 
    {
        "fields": {
            "PSIC": 15, 
            "runstep": 40
        }, 
        "model": "archive.runsic", 
        "pk": 41
    }, 
    {
        "fields": {
            "PSIC": 12, 
            "runstep": 42
        }, 
        "model": "archive.runsic", 
        "pk": 43
    }, 
    {
        "fields": {
            "PSIC": 13, 
            "runstep": 44
        }, 
        "model": "archive.runsic", 
        "pk": 45
    }, 
    {
        "fields": {
            "PSIC": 16, 
            "runstep": 47
        }, 
        "model": "archive.runsic", 
        "pk": 48
    }, 
    {
        "fields": {
            "PSIC": 12, 
            "runstep": 49
        }, 
        "model": "archive.runsic", 
        "pk": 50
    }, 
    {
        "fields": {
            "PSIC": 13, 
            "runstep": 51
        }, 
        "model": "archive.runsic", 
        "pk": 52
    }, 
    {
        "fields": {
            "pipelineoutputcable": 14, 
            "run": 9
        }, 
        "model": "archive.runoutputcable", 
        "pk": 12
    }, 
    {
        "fields": {
            "pipelineoutputcable": 14, 
            "run": 10
        }, 
        "model": "archive.runoutputcable", 
        "pk": 19
    }, 
    {
        "fields": {
            "pipelineoutputcable": 17, 
            "run": 8
        }, 
        "model": "archive.runoutputcable", 
        "pk": 20
    }, 
    {
        "fields": {
            "pipelineoutputcable": 14, 
            "run": 12
        }, 
        "model": "archive.runoutputcable", 
        "pk": 29
    }, 
    {
        "fields": {
            "pipelineoutputcable": 14, 
            "run": 13
        }, 
        "model": "archive.runoutputcable", 
        "pk": 36
    }, 
    {
        "fields": {
            "pipelineoutputcable": 17, 
            "run": 11
        }, 
        "model": "archive.runoutputcable", 
        "pk": 37
    }, 
    {
        "fields": {
            "pipelineoutputcable": 14, 
            "run": 15
        }, 
        "model": "archive.runoutputcable", 
        "pk": 46
    }, 
    {
        "fields": {
            "pipelineoutputcable": 14, 
            "run": 16
        }, 
        "model": "archive.runoutputcable", 
        "pk": 53
    }, 
    {
        "fields": {
            "pipelineoutputcable": 17, 
            "run": 14
        }, 
        "model": "archive.runoutputcable", 
        "pk": 54
    }, 
    {
        "fields": {
            "pipelineoutputcable": 21, 
            "run": 7
        }, 
        "model": "archive.runoutputcable", 
        "pk": 55
    }, 
    {
        "fields": {
            "created_by": null, 
            "dataset_file": "Datasets/2015_07/step_0_triplet.csv", 
            "date_created": "2015-07-17T23:11:11.845Z", 
            "date_modified": "2015-07-17T23:11:11.845Z", 
            "description": "lol", 
            "name": "triplet", 
            "symbolicdataset": 1
        }, 
        "model": "archive.dataset", 
        "pk": 1
    }, 
    {
        "fields": {
            "created_by": null, 
            "dataset_file": "Datasets/2015_07/doublet_cdt.csv", 
            "date_created": "2015-07-17T23:11:11.911Z", 
            "date_modified": "2015-07-17T23:11:11.911Z", 
            "description": "lol", 
            "name": "doublet", 
            "symbolicdataset": 2
        }, 
        "model": "archive.dataset", 
        "pk": 2
    }, 
    {
        "fields": {
            "created_by": null, 
            "dataset_file": "Datasets/2015_07/singlet_cdt_large.csv", 
            "date_created": "2015-07-17T23:11:11.956Z", 
            "date_modified": "2015-07-17T23:11:11.956Z", 
            "description": "lol", 
            "name": "singlet", 
            "symbolicdataset": 3
        }, 
        "model": "archive.dataset", 
        "pk": 3
    }, 
    {
        "fields": {
            "created_by": null, 
            "dataset_file": "Datasets/2015_07/step_0_singlet.csv", 
            "date_created": "2015-07-17T23:11:12.001Z", 
            "date_modified": "2015-07-17T23:11:12.001Z", 
            "description": "lol", 
            "name": "singlet", 
            "symbolicdataset": 4
        }, 
        "model": "archive.dataset", 
        "pk": 4
    }, 
    {
        "fields": {
            "created_by": null, 
            "dataset_file": "Datasets/2015_07/step_0_raw.fasta", 
            "date_created": "2015-07-17T23:11:12.014Z", 
            "date_modified": "2015-07-17T23:11:12.014Z", 
            "description": "lol", 
            "name": "raw_DS", 
            "symbolicdataset": 5
        }, 
        "model": "archive.dataset", 
        "pk": 5
    }, 
    {
        "fields": {
            "created_by": null, 
            "dataset_file": "Datasets/2015_07/C1_in_triplet.csv", 
            "date_created": "2015-07-17T23:11:12.151Z", 
            "date_modified": "2015-07-17T23:11:12.151Z", 
            "description": "triplet 3 rows", 
            "name": "C1_in_triplet", 
            "symbolicdataset": 7
        }, 
        "model": "archive.dataset", 
        "pk": 6
    }, 
    {
        "fields": {
            "created_by": null, 
            "dataset_file": "Datasets/2015_07/E11_32_output.csv", 
            "date_created": "2015-07-17T23:11:12.271Z", 
            "date_modified": "2015-07-17T23:11:12.271Z", 
            "description": "result of E11_32 fed by doublet_cdt.csv", 
            "name": "E11_32 output doublet", 
            "symbolicdataset": 9
        }, 
        "model": "archive.dataset", 
        "pk": 7
    }, 
    {
        "fields": {
            "created_by": null, 
            "dataset_file": "Datasets/2015_07/step_0_singlet_cqV6SSV.csv", 
            "date_created": "2015-07-17T23:11:12.315Z", 
            "date_modified": "2015-07-17T23:11:12.315Z", 
            "description": "lol", 
            "name": "raw", 
            "symbolicdataset": 10
        }, 
        "model": "archive.dataset", 
        "pk": 8
    }, 
    {
        "fields": {
            "created_by": null, 
            "dataset_file": "Datasets/2015_07/step_0_raw_KQOLnjo.fasta", 
            "date_created": "2015-07-17T23:11:12.329Z", 
            "date_modified": "2015-07-17T23:11:12.329Z", 
            "description": "lol", 
            "name": "C2_out", 
            "symbolicdataset": 11
        }, 
        "model": "archive.dataset", 
        "pk": 9
    }, 
    {
        "fields": {
            "created_by": null, 
            "dataset_file": "Datasets/2015_07/step_0_raw_9uogjdO.fasta", 
            "date_created": "2015-07-17T23:11:12.337Z", 
            "date_modified": "2015-07-17T23:11:12.337Z", 
            "description": "lol", 
            "name": "C3_out", 
            "symbolicdataset": 12
        }, 
        "model": "archive.dataset", 
        "pk": 10
    }, 
    {
        "fields": {
            "created_by": null, 
            "dataset_file": "Datasets/2015_07/step_0_triplet_3_rows.csv", 
            "date_created": "2015-07-17T23:11:12.418Z", 
            "date_modified": "2015-07-17T23:11:12.418Z", 
            "description": "lol", 
            "name": "triplet", 
            "symbolicdataset": 13
        }, 
        "model": "archive.dataset", 
        "pk": 11
    }, 
    {
        "fields": {
            "created_by": null, 
            "dataset_file": "Datasets/2015_07/doublet_remuxed_from_t3r.csv", 
            "date_created": "2015-07-17T23:11:12.479Z", 
            "date_modified": "2015-07-17T23:11:12.479Z", 
            "description": "doublet remuxed from triplet", 
            "name": "E1_out", 
            "symbolicdataset": 14
        }, 
        "model": "archive.dataset", 
        "pk": 12
    }, 
    {
        "fields": {
            "created_by": null, 
            "dataset_file": "Datasets/2015_07/DNA_triplet.csv", 
            "date_created": "2015-07-17T23:11:12.665Z", 
            "date_modified": "2015-07-17T23:11:12.665Z", 
            "description": "DNA triplet data", 
            "name": "DNA_triplet", 
            "symbolicdataset": 15
        }, 
        "model": "archive.dataset", 
        "pk": 13
    }, 
    {
        "fields": {
            "created_by": null, 
            "dataset_file": "Datasets/2015_07/E01_21_DNA_doublet.csv", 
            "date_created": "2015-07-17T23:11:12.807Z", 
            "date_modified": "2015-07-17T23:11:12.807Z", 
            "description": "DNA doublet data coming from DNA_triplet.csv but remultiplexed according to cable E01_21", 
            "name": "E01_21_DNA_doublet", 
            "symbolicdataset": 16
        }, 
        "model": "archive.dataset", 
        "pk": 14
    }, 
    {
        "fields": {
            "created_by": null, 
            "dataset_file": "Datasets/2015_07/E21_41_DNA_doublet.csv", 
            "date_created": "2015-07-17T23:11:12.940Z", 
            "date_modified": "2015-07-17T23:11:12.940Z", 
            "description": "DNA doublet data coming from DNA_triplet.csv but remultiplexed according to cable E21_41", 
            "name": "E21_41_DNA_doublet", 
            "symbolicdataset": 17
        }, 
        "model": "archive.dataset", 
        "pk": 15
    }, 
    {
        "fields": {
            "created_by": null, 
            "dataset_file": "Datasets/2015_07/tmpSF16PV", 
            "date_created": "2015-07-17T23:11:15.278Z", 
            "date_modified": "2015-07-17T23:11:15.278Z", 
            "description": "blahblahblah", 
            "name": "blahblah", 
            "symbolicdataset": 18
        }, 
        "model": "archive.dataset", 
        "pk": 16
    }, 
    {
        "fields": {
            "created_by": 8, 
            "dataset_file": "Datasets/2015_07/step1_same_strings.csv", 
            "date_created": "2015-07-17T23:11:16.530Z", 
            "date_modified": "2015-07-17T23:11:16.530Z", 
            "description": "Generated data from a run of pipeline \"p_basic:1 (v1)\" started at 2015-07-17 23:11:15.991798+00:00 by bob\nrun: 9\nuser: bob\nstep: 1\noutput: same_strings", 
            "name": "run9_step1_outputsame_strings", 
            "symbolicdataset": 19
        }, 
        "model": "archive.dataset", 
        "pk": 17
    }, 
    {
        "fields": {
            "created_by": 10, 
            "dataset_file": "Datasets/2015_07/step2_same_strings.csv", 
            "date_created": "2015-07-17T23:11:18.529Z", 
            "date_modified": "2015-07-17T23:11:18.529Z", 
            "description": "Generated data from a run of pipeline \"p_basic:1 (v1)\" started at 2015-07-17 23:11:15.991798+00:00 by bob\nrun: 9\nuser: bob\nstep: 2\noutput: same_strings", 
            "name": "run9_step2_outputsame_strings", 
            "symbolicdataset": 20
        }, 
        "model": "archive.dataset", 
        "pk": 18
    }, 
    {
        "fields": {
            "created_by": 15, 
            "dataset_file": "Datasets/2015_07/step1_same_strings_MaT28kG.csv", 
            "date_created": "2015-07-17T23:11:22.941Z", 
            "date_modified": "2015-07-17T23:11:22.941Z", 
            "description": "Generated data from a run of pipeline \"p_basic:1 (v1)\" started at 2015-07-17 23:11:22.424119+00:00 by bob\nrun: 10\nuser: bob\nstep: 1\noutput: same_strings", 
            "name": "run10_step1_outputsame_strings", 
            "symbolicdataset": 21
        }, 
        "model": "archive.dataset", 
        "pk": 19
    }, 
    {
        "fields": {
            "created_by": 17, 
            "dataset_file": "Datasets/2015_07/step2_same_strings_Y8Oclrs.csv", 
            "date_created": "2015-07-17T23:11:24.379Z", 
            "date_modified": "2015-07-17T23:11:24.379Z", 
            "description": "Generated data from a run of pipeline \"p_basic:1 (v1)\" started at 2015-07-17 23:11:22.424119+00:00 by bob\nrun: 10\nuser: bob\nstep: 2\noutput: same_strings", 
            "name": "run10_step2_outputsame_strings", 
            "symbolicdataset": 22
        }, 
        "model": "archive.dataset", 
        "pk": 20
    }, 
    {
        "fields": {
            "created_by": 25, 
            "dataset_file": "Datasets/2015_07/step1_same_strings_81Otr7T.csv", 
            "date_created": "2015-07-17T23:11:35.911Z", 
            "date_modified": "2015-07-17T23:11:35.911Z", 
            "description": "Generated data from a run of pipeline \"p_basic:1 (v1)\" started at 2015-07-17 23:11:35.328404+00:00 by bob\nrun: 12\nuser: bob\nstep: 1\noutput: same_strings", 
            "name": "run12_step1_outputsame_strings", 
            "symbolicdataset": 23
        }, 
        "model": "archive.dataset", 
        "pk": 21
    }, 
    {
        "fields": {
            "created_by": 27, 
            "dataset_file": "Datasets/2015_07/step2_same_strings_e5KFQJ0.csv", 
            "date_created": "2015-07-17T23:11:37.441Z", 
            "date_modified": "2015-07-17T23:11:37.441Z", 
            "description": "Generated data from a run of pipeline \"p_basic:1 (v1)\" started at 2015-07-17 23:11:35.328404+00:00 by bob\nrun: 12\nuser: bob\nstep: 2\noutput: same_strings", 
            "name": "run12_step2_outputsame_strings", 
            "symbolicdataset": 24
        }, 
        "model": "archive.dataset", 
        "pk": 22
    }, 
    {
        "fields": {
            "created_by": 32, 
            "dataset_file": "Datasets/2015_07/step1_same_strings_jKsF686.csv", 
            "date_created": "2015-07-17T23:11:42.643Z", 
            "date_modified": "2015-07-17T23:11:42.643Z", 
            "description": "Generated data from a run of pipeline \"p_basic:1 (v1)\" started at 2015-07-17 23:11:42.037849+00:00 by bob\nrun: 13\nuser: bob\nstep: 1\noutput: same_strings", 
            "name": "run13_step1_outputsame_strings", 
            "symbolicdataset": 25
        }, 
        "model": "archive.dataset", 
        "pk": 23
    }, 
    {
        "fields": {
            "created_by": 34, 
            "dataset_file": "Datasets/2015_07/step2_same_strings_4ZpD4KL.csv", 
            "date_created": "2015-07-17T23:11:44.191Z", 
            "date_modified": "2015-07-17T23:11:44.191Z", 
            "description": "Generated data from a run of pipeline \"p_basic:1 (v1)\" started at 2015-07-17 23:11:42.037849+00:00 by bob\nrun: 13\nuser: bob\nstep: 2\noutput: same_strings", 
            "name": "run13_step2_outputsame_strings", 
            "symbolicdataset": 26
        }, 
        "model": "archive.dataset", 
        "pk": 24
    }, 
    {
        "fields": {
            "created_by": 42, 
            "dataset_file": "Datasets/2015_07/step1_same_strings_K3JEFmR.csv", 
            "date_created": "2015-07-17T23:11:57.421Z", 
            "date_modified": "2015-07-17T23:11:57.421Z", 
            "description": "Generated data from a run of pipeline \"p_basic:1 (v1)\" started at 2015-07-17 23:11:56.747115+00:00 by bob\nrun: 15\nuser: bob\nstep: 1\noutput: same_strings", 
            "name": "run15_step1_outputsame_strings", 
            "symbolicdataset": 27
        }, 
        "model": "archive.dataset", 
        "pk": 25
    }, 
    {
        "fields": {
            "created_by": 44, 
            "dataset_file": "Datasets/2015_07/step2_same_strings_rCQWJ8M.csv", 
            "date_created": "2015-07-17T23:11:59.061Z", 
            "date_modified": "2015-07-17T23:11:59.061Z", 
            "description": "Generated data from a run of pipeline \"p_basic:1 (v1)\" started at 2015-07-17 23:11:56.747115+00:00 by bob\nrun: 15\nuser: bob\nstep: 2\noutput: same_strings", 
            "name": "run15_step2_outputsame_strings", 
            "symbolicdataset": 28
        }, 
        "model": "archive.dataset", 
        "pk": 26
    }, 
    {
        "fields": {
            "created_by": 49, 
            "dataset_file": "Datasets/2015_07/step1_same_strings_0uj9iEK.csv", 
            "date_created": "2015-07-17T23:12:04.918Z", 
            "date_modified": "2015-07-17T23:12:04.918Z", 
            "description": "Generated data from a run of pipeline \"p_basic:1 (v1)\" started at 2015-07-17 23:12:04.212234+00:00 by bob\nrun: 16\nuser: bob\nstep: 1\noutput: same_strings", 
            "name": "run16_step1_outputsame_strings", 
            "symbolicdataset": 29
        }, 
        "model": "archive.dataset", 
        "pk": 27
    }, 
    {
        "fields": {
            "created_by": 51, 
            "dataset_file": "Datasets/2015_07/step2_same_strings_tjwIM5k.csv", 
            "date_created": "2015-07-17T23:12:06.539Z", 
            "date_modified": "2015-07-17T23:12:06.539Z", 
            "description": "Generated data from a run of pipeline \"p_basic:1 (v1)\" started at 2015-07-17 23:12:04.212234+00:00 by bob\nrun: 16\nuser: bob\nstep: 2\noutput: same_strings", 
            "name": "run16_step2_outputsame_strings", 
            "symbolicdataset": 30
        }, 
        "model": "archive.dataset", 
        "pk": 28
    }, 
    {
        "fields": {
            "end_time": null, 
            "invoking_record": 1, 
            "record": 1, 
            "start_time": null
        }, 
        "model": "archive.execlog", 
        "pk": 1
    }, 
    {
        "fields": {
            "end_time": null, 
            "invoking_record": 2, 
            "record": 2, 
            "start_time": null
        }, 
        "model": "archive.execlog", 
        "pk": 2
    }, 
    {
        "fields": {
            "end_time": null, 
            "invoking_record": 3, 
            "record": 3, 
            "start_time": null
        }, 
        "model": "archive.execlog", 
        "pk": 3
    }, 
    {
        "fields": {
            "end_time": "2015-07-17T23:11:15.418Z", 
            "invoking_record": 5, 
            "record": 5, 
            "start_time": "2015-07-17T23:11:15.417Z"
        }, 
        "model": "archive.execlog", 
        "pk": 4
    }, 
    {
        "fields": {
            "end_time": "2015-07-17T23:11:16.491Z", 
            "invoking_record": 8, 
            "record": 8, 
            "start_time": "2015-07-17T23:11:16.302Z"
        }, 
        "model": "archive.execlog", 
        "pk": 5
    }, 
    {
        "fields": {
            "end_time": "2015-07-17T23:11:18.068Z", 
            "invoking_record": 11, 
            "record": 11, 
            "start_time": "2015-07-17T23:11:18.067Z"
        }, 
        "model": "archive.execlog", 
        "pk": 6
    }, 
    {
        "fields": {
            "end_time": "2015-07-17T23:11:18.494Z", 
            "invoking_record": 10, 
            "record": 10, 
            "start_time": "2015-07-17T23:11:18.415Z"
        }, 
        "model": "archive.execlog", 
        "pk": 7
    }, 
    {
        "fields": {
            "end_time": "2015-07-17T23:11:19.524Z", 
            "invoking_record": 12, 
            "record": 12, 
            "start_time": "2015-07-17T23:11:19.523Z"
        }, 
        "model": "archive.execlog", 
        "pk": 8
    }, 
    {
        "fields": {
            "end_time": "2015-07-17T23:11:22.903Z", 
            "invoking_record": 15, 
            "record": 15, 
            "start_time": "2015-07-17T23:11:22.820Z"
        }, 
        "model": "archive.execlog", 
        "pk": 9
    }, 
    {
        "fields": {
            "end_time": "2015-07-17T23:11:23.868Z", 
            "invoking_record": 18, 
            "record": 18, 
            "start_time": "2015-07-17T23:11:23.867Z"
        }, 
        "model": "archive.execlog", 
        "pk": 10
    }, 
    {
        "fields": {
            "end_time": "2015-07-17T23:11:24.343Z", 
            "invoking_record": 17, 
            "record": 17, 
            "start_time": "2015-07-17T23:11:24.263Z"
        }, 
        "model": "archive.execlog", 
        "pk": 11
    }, 
    {
        "fields": {
            "end_time": "2015-07-17T23:11:25.374Z", 
            "invoking_record": 19, 
            "record": 19, 
            "start_time": "2015-07-17T23:11:25.373Z"
        }, 
        "model": "archive.execlog", 
        "pk": 12
    }, 
    {
        "fields": {
            "end_time": "2015-07-17T23:11:35.872Z", 
            "invoking_record": 25, 
            "record": 25, 
            "start_time": "2015-07-17T23:11:35.793Z"
        }, 
        "model": "archive.execlog", 
        "pk": 13
    }, 
    {
        "fields": {
            "end_time": "2015-07-17T23:11:36.878Z", 
            "invoking_record": 28, 
            "record": 28, 
            "start_time": "2015-07-17T23:11:36.877Z"
        }, 
        "model": "archive.execlog", 
        "pk": 14
    }, 
    {
        "fields": {
            "end_time": "2015-07-17T23:11:37.406Z", 
            "invoking_record": 27, 
            "record": 27, 
            "start_time": "2015-07-17T23:11:37.326Z"
        }, 
        "model": "archive.execlog", 
        "pk": 15
    }, 
    {
        "fields": {
            "end_time": "2015-07-17T23:11:38.406Z", 
            "invoking_record": 29, 
            "record": 29, 
            "start_time": "2015-07-17T23:11:38.405Z"
        }, 
        "model": "archive.execlog", 
        "pk": 16
    }, 
    {
        "fields": {
            "end_time": "2015-07-17T23:11:42.604Z", 
            "invoking_record": 32, 
            "record": 32, 
            "start_time": "2015-07-17T23:11:42.524Z"
        }, 
        "model": "archive.execlog", 
        "pk": 17
    }, 
    {
        "fields": {
            "end_time": "2015-07-17T23:11:43.577Z", 
            "invoking_record": 35, 
            "record": 35, 
            "start_time": "2015-07-17T23:11:43.576Z"
        }, 
        "model": "archive.execlog", 
        "pk": 18
    }, 
    {
        "fields": {
            "end_time": "2015-07-17T23:11:44.154Z", 
            "invoking_record": 34, 
            "record": 34, 
            "start_time": "2015-07-17T23:11:44.073Z"
        }, 
        "model": "archive.execlog", 
        "pk": 19
    }, 
    {
        "fields": {
            "end_time": "2015-07-17T23:11:45.156Z", 
            "invoking_record": 36, 
            "record": 36, 
            "start_time": "2015-07-17T23:11:45.155Z"
        }, 
        "model": "archive.execlog", 
        "pk": 20
    }, 
    {
        "fields": {
            "end_time": "2015-07-17T23:11:57.380Z", 
            "invoking_record": 42, 
            "record": 42, 
            "start_time": "2015-07-17T23:11:57.300Z"
        }, 
        "model": "archive.execlog", 
        "pk": 21
    }, 
    {
        "fields": {
            "end_time": "2015-07-17T23:11:58.402Z", 
            "invoking_record": 45, 
            "record": 45, 
            "start_time": "2015-07-17T23:11:58.401Z"
        }, 
        "model": "archive.execlog", 
        "pk": 22
    }, 
    {
        "fields": {
            "end_time": "2015-07-17T23:11:59.024Z", 
            "invoking_record": 44, 
            "record": 44, 
            "start_time": "2015-07-17T23:11:58.944Z"
        }, 
        "model": "archive.execlog", 
        "pk": 23
    }, 
    {
        "fields": {
            "end_time": "2015-07-17T23:12:00.025Z", 
            "invoking_record": 46, 
            "record": 46, 
            "start_time": "2015-07-17T23:12:00.024Z"
        }, 
        "model": "archive.execlog", 
        "pk": 24
    }, 
    {
        "fields": {
            "end_time": "2015-07-17T23:12:04.878Z", 
            "invoking_record": 49, 
            "record": 49, 
            "start_time": "2015-07-17T23:12:04.795Z"
        }, 
        "model": "archive.execlog", 
        "pk": 25
    }, 
    {
        "fields": {
            "end_time": "2015-07-17T23:12:05.837Z", 
            "invoking_record": 52, 
            "record": 52, 
            "start_time": "2015-07-17T23:12:05.836Z"
        }, 
        "model": "archive.execlog", 
        "pk": 26
    }, 
    {
        "fields": {
            "end_time": "2015-07-17T23:12:06.502Z", 
            "invoking_record": 51, 
            "record": 51, 
            "start_time": "2015-07-17T23:12:06.421Z"
        }, 
        "model": "archive.execlog", 
        "pk": 27
    }, 
    {
        "fields": {
            "end_time": "2015-07-17T23:12:07.499Z", 
            "invoking_record": 53, 
            "record": 53, 
            "start_time": "2015-07-17T23:12:07.498Z"
        }, 
        "model": "archive.execlog", 
        "pk": 28
    }, 
    {
        "fields": {
            "code_redacted": false, 
            "error_log": "", 
            "error_redacted": false, 
            "execlog": 1, 
            "output_log": "", 
            "output_redacted": false, 
            "return_code": 0
        }, 
        "model": "archive.methodoutput", 
        "pk": 1
    }, 
    {
        "fields": {
            "code_redacted": false, 
            "error_log": "", 
            "error_redacted": false, 
            "execlog": 2, 
            "output_log": "", 
            "output_redacted": false, 
            "return_code": 1
        }, 
        "model": "archive.methodoutput", 
        "pk": 2
    }, 
    {
        "fields": {
            "code_redacted": false, 
            "error_log": "", 
            "error_redacted": false, 
            "execlog": 3, 
            "output_log": "", 
            "output_redacted": false, 
            "return_code": 0
        }, 
        "model": "archive.methodoutput", 
        "pk": 3
    }, 
    {
        "fields": {
            "code_redacted": false, 
            "error_log": "Logs/step1_stderr.txt", 
            "error_redacted": false, 
            "execlog": 5, 
            "output_log": "Logs/step1_stdout.txt", 
            "output_redacted": false, 
            "return_code": 0
        }, 
        "model": "archive.methodoutput", 
        "pk": 4
    }, 
    {
        "fields": {
            "code_redacted": false, 
            "error_log": "Logs/step2_stderr.txt", 
            "error_redacted": false, 
            "execlog": 7, 
            "output_log": "Logs/step2_stdout.txt", 
            "output_redacted": false, 
            "return_code": 0
        }, 
        "model": "archive.methodoutput", 
        "pk": 5
    }, 
    {
        "fields": {
            "code_redacted": false, 
            "error_log": "Logs/step1_stderr_VLCTHNb.txt", 
            "error_redacted": false, 
            "execlog": 9, 
            "output_log": "Logs/step1_stdout_aDlt36k.txt", 
            "output_redacted": false, 
            "return_code": 0
        }, 
        "model": "archive.methodoutput", 
        "pk": 6
    }, 
    {
        "fields": {
            "code_redacted": false, 
            "error_log": "Logs/step2_stderr_ftPnBdG.txt", 
            "error_redacted": false, 
            "execlog": 11, 
            "output_log": "Logs/step2_stdout_UdnadqA.txt", 
            "output_redacted": false, 
            "return_code": 0
        }, 
        "model": "archive.methodoutput", 
        "pk": 7
    }, 
    {
        "fields": {
            "code_redacted": false, 
            "error_log": "Logs/step1_stderr_XxqTFDg.txt", 
            "error_redacted": false, 
            "execlog": 13, 
            "output_log": "Logs/step1_stdout_rC8YiNQ.txt", 
            "output_redacted": false, 
            "return_code": 0
        }, 
        "model": "archive.methodoutput", 
        "pk": 8
    }, 
    {
        "fields": {
            "code_redacted": false, 
            "error_log": "Logs/step2_stderr_ABfBO9h.txt", 
            "error_redacted": false, 
            "execlog": 15, 
            "output_log": "Logs/step2_stdout_bcdCsfr.txt", 
            "output_redacted": false, 
            "return_code": 0
        }, 
        "model": "archive.methodoutput", 
        "pk": 9
    }, 
    {
        "fields": {
            "code_redacted": false, 
            "error_log": "Logs/step1_stderr_6oCcve3.txt", 
            "error_redacted": false, 
            "execlog": 17, 
            "output_log": "Logs/step1_stdout_LzkjrST.txt", 
            "output_redacted": false, 
            "return_code": 0
        }, 
        "model": "archive.methodoutput", 
        "pk": 10
    }, 
    {
        "fields": {
            "code_redacted": false, 
            "error_log": "Logs/step2_stderr_yAZ05HI.txt", 
            "error_redacted": false, 
            "execlog": 19, 
            "output_log": "Logs/step2_stdout_ezvxorB.txt", 
            "output_redacted": false, 
            "return_code": 0
        }, 
        "model": "archive.methodoutput", 
        "pk": 11
    }, 
    {
        "fields": {
            "code_redacted": false, 
            "error_log": "Logs/step1_stderr_NjxvOX9.txt", 
            "error_redacted": false, 
            "execlog": 21, 
            "output_log": "Logs/step1_stdout_YZXPnzA.txt", 
            "output_redacted": false, 
            "return_code": 0
        }, 
        "model": "archive.methodoutput", 
        "pk": 12
    }, 
    {
        "fields": {
            "code_redacted": false, 
            "error_log": "Logs/step2_stderr_sDani1a.txt", 
            "error_redacted": false, 
            "execlog": 23, 
            "output_log": "Logs/step2_stdout_ASOSoDe.txt", 
            "output_redacted": false, 
            "return_code": 0
        }, 
        "model": "archive.methodoutput", 
        "pk": 13
    }, 
    {
        "fields": {
            "code_redacted": false, 
            "error_log": "Logs/step1_stderr_z5bHZeb.txt", 
            "error_redacted": false, 
            "execlog": 25, 
            "output_log": "Logs/step1_stdout_AmRkR3q.txt", 
            "output_redacted": false, 
            "return_code": 0
        }, 
        "model": "archive.methodoutput", 
        "pk": 14
    }, 
    {
        "fields": {
            "code_redacted": false, 
            "error_log": "Logs/step2_stderr_Xw3cg9g.txt", 
            "error_redacted": false, 
            "execlog": 27, 
            "output_log": "Logs/step2_stdout_kspcDLi.txt", 
            "output_redacted": false, 
            "return_code": 0
        }, 
        "model": "archive.methodoutput", 
        "pk": 15
    }, 
    {
        "fields": {
            "compounddatatype": 13, 
            "num_rows": 10, 
            "symbolicdataset": 1
        }, 
        "model": "librarian.datasetstructure", 
        "pk": 1
    }, 
    {
        "fields": {
            "compounddatatype": 16, 
            "num_rows": 3, 
            "symbolicdataset": 2
        }, 
        "model": "librarian.datasetstructure", 
        "pk": 2
    }, 
    {
        "fields": {
            "compounddatatype": 12, 
            "num_rows": 13, 
            "symbolicdataset": 3
        }, 
        "model": "librarian.datasetstructure", 
        "pk": 3
    }, 
    {
        "fields": {
            "compounddatatype": 12, 
            "num_rows": 3, 
            "symbolicdataset": 4
        }, 
        "model": "librarian.datasetstructure", 
        "pk": 4
    }, 
    {
        "fields": {
            "compounddatatype": 16, 
            "num_rows": 10, 
            "symbolicdataset": 6
        }, 
        "model": "librarian.datasetstructure", 
        "pk": 5
    }, 
    {
        "fields": {
            "compounddatatype": 13, 
            "num_rows": 3, 
            "symbolicdataset": 7
        }, 
        "model": "librarian.datasetstructure", 
        "pk": 6
    }, 
    {
        "fields": {
            "compounddatatype": 16, 
            "num_rows": 3, 
            "symbolicdataset": 8
        }, 
        "model": "librarian.datasetstructure", 
        "pk": 7
    }, 
    {
        "fields": {
            "compounddatatype": 16, 
            "num_rows": 3, 
            "symbolicdataset": 9
        }, 
        "model": "librarian.datasetstructure", 
        "pk": 8
    }, 
    {
        "fields": {
            "compounddatatype": 12, 
            "num_rows": 3, 
            "symbolicdataset": 10
        }, 
        "model": "librarian.datasetstructure", 
        "pk": 9
    }, 
    {
        "fields": {
            "compounddatatype": 13, 
            "num_rows": 3, 
            "symbolicdataset": 13
        }, 
        "model": "librarian.datasetstructure", 
        "pk": 10
    }, 
    {
        "fields": {
            "compounddatatype": 16, 
            "num_rows": 3, 
            "symbolicdataset": 14
        }, 
        "model": "librarian.datasetstructure", 
        "pk": 11
    }, 
    {
        "fields": {
            "compounddatatype": 17, 
            "num_rows": 3, 
            "symbolicdataset": 15
        }, 
        "model": "librarian.datasetstructure", 
        "pk": 12
    }, 
    {
        "fields": {
            "compounddatatype": 18, 
            "num_rows": 3, 
            "symbolicdataset": 16
        }, 
        "model": "librarian.datasetstructure", 
        "pk": 13
    }, 
    {
        "fields": {
            "compounddatatype": 18, 
            "num_rows": 3, 
            "symbolicdataset": 17
        }, 
        "model": "librarian.datasetstructure", 
        "pk": 14
    }, 
    {
        "fields": {
            "compounddatatype": 19, 
            "num_rows": 1, 
            "symbolicdataset": 18
        }, 
        "model": "librarian.datasetstructure", 
        "pk": 15
    }, 
    {
        "fields": {
            "compounddatatype": 19, 
            "num_rows": 1, 
            "symbolicdataset": 19
        }, 
        "model": "librarian.datasetstructure", 
        "pk": 16
    }, 
    {
        "fields": {
            "compounddatatype": 19, 
            "num_rows": 1, 
            "symbolicdataset": 20
        }, 
        "model": "librarian.datasetstructure", 
        "pk": 17
    }, 
    {
        "fields": {
            "compounddatatype": 19, 
            "num_rows": 1, 
            "symbolicdataset": 21
        }, 
        "model": "librarian.datasetstructure", 
        "pk": 18
    }, 
    {
        "fields": {
            "compounddatatype": 19, 
            "num_rows": 1, 
            "symbolicdataset": 22
        }, 
        "model": "librarian.datasetstructure", 
        "pk": 19
    }, 
    {
        "fields": {
            "compounddatatype": 19, 
            "num_rows": 1, 
            "symbolicdataset": 23
        }, 
        "model": "librarian.datasetstructure", 
        "pk": 20
    }, 
    {
        "fields": {
            "compounddatatype": 19, 
            "num_rows": 1, 
            "symbolicdataset": 24
        }, 
        "model": "librarian.datasetstructure", 
        "pk": 21
    }, 
    {
        "fields": {
            "compounddatatype": 19, 
            "num_rows": 1, 
            "symbolicdataset": 25
        }, 
        "model": "librarian.datasetstructure", 
        "pk": 22
    }, 
    {
        "fields": {
            "compounddatatype": 19, 
            "num_rows": 1, 
            "symbolicdataset": 26
        }, 
        "model": "librarian.datasetstructure", 
        "pk": 23
    }, 
    {
        "fields": {
            "compounddatatype": 19, 
            "num_rows": 1, 
            "symbolicdataset": 27
        }, 
        "model": "librarian.datasetstructure", 
        "pk": 24
    }, 
    {
        "fields": {
            "compounddatatype": 19, 
            "num_rows": 1, 
            "symbolicdataset": 28
        }, 
        "model": "librarian.datasetstructure", 
        "pk": 25
    }, 
    {
        "fields": {
            "compounddatatype": 19, 
            "num_rows": 1, 
            "symbolicdataset": 29
        }, 
        "model": "librarian.datasetstructure", 
        "pk": 26
    }, 
    {
        "fields": {
            "compounddatatype": 19, 
            "num_rows": 1, 
            "symbolicdataset": 30
        }, 
        "model": "librarian.datasetstructure", 
        "pk": 27
    }, 
    {
        "fields": {
            "generator": 1
        }, 
        "model": "librarian.execrecord", 
        "pk": 1
    }, 
    {
        "fields": {
            "generator": 2
        }, 
        "model": "librarian.execrecord", 
        "pk": 2
    }, 
    {
        "fields": {
            "generator": 3
        }, 
        "model": "librarian.execrecord", 
        "pk": 3
    }, 
    {
        "fields": {
            "generator": 4
        }, 
        "model": "librarian.execrecord", 
        "pk": 4
    }, 
    {
        "fields": {
            "generator": 5
        }, 
        "model": "librarian.execrecord", 
        "pk": 5
    }, 
    {
        "fields": {
            "generator": 6
        }, 
        "model": "librarian.execrecord", 
        "pk": 6
    }, 
    {
        "fields": {
            "generator": 7
        }, 
        "model": "librarian.execrecord", 
        "pk": 7
    }, 
    {
        "fields": {
            "generator": 8
        }, 
        "model": "librarian.execrecord", 
        "pk": 8
    }, 
    {
        "fields": {
            "generator": 9
        }, 
        "model": "librarian.execrecord", 
        "pk": 9
    }, 
    {
        "fields": {
            "generator": 10
        }, 
        "model": "librarian.execrecord", 
        "pk": 10
    }, 
    {
        "fields": {
            "generator": 11
        }, 
        "model": "librarian.execrecord", 
        "pk": 11
    }, 
    {
        "fields": {
            "generator": 12
        }, 
        "model": "librarian.execrecord", 
        "pk": 12
    }, 
    {
        "fields": {
            "generator": 13
        }, 
        "model": "librarian.execrecord", 
        "pk": 13
    }, 
    {
        "fields": {
            "generator": 14
        }, 
        "model": "librarian.execrecord", 
        "pk": 14
    }, 
    {
        "fields": {
            "generator": 15
        }, 
        "model": "librarian.execrecord", 
        "pk": 15
    }, 
    {
        "fields": {
            "generator": 16
        }, 
        "model": "librarian.execrecord", 
        "pk": 16
    }, 
    {
        "fields": {
            "generator": 17
        }, 
        "model": "librarian.execrecord", 
        "pk": 17
    }, 
    {
        "fields": {
            "generator": 18
        }, 
        "model": "librarian.execrecord", 
        "pk": 18
    }, 
    {
        "fields": {
            "generator": 19
        }, 
        "model": "librarian.execrecord", 
        "pk": 19
    }, 
    {
        "fields": {
            "generator": 20
        }, 
        "model": "librarian.execrecord", 
        "pk": 20
    }, 
    {
        "fields": {
            "generator": 21
        }, 
        "model": "librarian.execrecord", 
        "pk": 21
    }, 
    {
        "fields": {
            "generator": 22
        }, 
        "model": "librarian.execrecord", 
        "pk": 22
    }, 
    {
        "fields": {
            "generator": 23
        }, 
        "model": "librarian.execrecord", 
        "pk": 23
    }, 
    {
        "fields": {
            "generator": 24
        }, 
        "model": "librarian.execrecord", 
        "pk": 24
    }, 
    {
        "fields": {
            "generator": 25
        }, 
        "model": "librarian.execrecord", 
        "pk": 25
    }, 
    {
        "fields": {
            "generator": 26
        }, 
        "model": "librarian.execrecord", 
        "pk": 26
    }, 
    {
        "fields": {
            "generator": 27
        }, 
        "model": "librarian.execrecord", 
        "pk": 27
    }, 
    {
        "fields": {
            "generator": 28
        }, 
        "model": "librarian.execrecord", 
        "pk": 28
    }, 
    {
        "fields": {
            "execrecord": 1, 
            "generic_input": 4, 
            "symbolicdataset": 3
        }, 
        "model": "librarian.execrecordin", 
        "pk": 1
    }, 
    {
        "fields": {
            "execrecord": 1, 
            "generic_input": 3, 
            "symbolicdataset": 2
        }, 
        "model": "librarian.execrecordin", 
        "pk": 2
    }, 
    {
        "fields": {
            "execrecord": 2, 
            "generic_input": 1, 
            "symbolicdataset": 5
        }, 
        "model": "librarian.execrecordin", 
        "pk": 3
    }, 
    {
        "fields": {
            "execrecord": 3, 
            "generic_input": 7, 
            "symbolicdataset": 2
        }, 
        "model": "librarian.execrecordin", 
        "pk": 4
    }, 
    {
        "fields": {
            "execrecord": 3, 
            "generic_input": 6, 
            "symbolicdataset": 1
        }, 
        "model": "librarian.execrecordin", 
        "pk": 5
    }, 
    {
        "fields": {
            "execrecord": 4, 
            "generic_input": 32, 
            "symbolicdataset": 18
        }, 
        "model": "librarian.execrecordin", 
        "pk": 6
    }, 
    {
        "fields": {
            "execrecord": 5, 
            "generic_input": 20, 
            "symbolicdataset": 18
        }, 
        "model": "librarian.execrecordin", 
        "pk": 7
    }, 
    {
        "fields": {
            "execrecord": 6, 
            "generic_input": 21, 
            "symbolicdataset": 19
        }, 
        "model": "librarian.execrecordin", 
        "pk": 8
    }, 
    {
        "fields": {
            "execrecord": 7, 
            "generic_input": 20, 
            "symbolicdataset": 19
        }, 
        "model": "librarian.execrecordin", 
        "pk": 9
    }, 
    {
        "fields": {
            "execrecord": 8, 
            "generic_input": 21, 
            "symbolicdataset": 20
        }, 
        "model": "librarian.execrecordin", 
        "pk": 10
    }, 
    {
        "fields": {
            "execrecord": 9, 
            "generic_input": 20, 
            "symbolicdataset": 20
        }, 
        "model": "librarian.execrecordin", 
        "pk": 11
    }, 
    {
        "fields": {
            "execrecord": 10, 
            "generic_input": 21, 
            "symbolicdataset": 21
        }, 
        "model": "librarian.execrecordin", 
        "pk": 12
    }, 
    {
        "fields": {
            "execrecord": 11, 
            "generic_input": 20, 
            "symbolicdataset": 21
        }, 
        "model": "librarian.execrecordin", 
        "pk": 13
    }, 
    {
        "fields": {
            "execrecord": 12, 
            "generic_input": 21, 
            "symbolicdataset": 22
        }, 
        "model": "librarian.execrecordin", 
        "pk": 14
    }, 
    {
        "fields": {
            "execrecord": 13, 
            "generic_input": 20, 
            "symbolicdataset": 22
        }, 
        "model": "librarian.execrecordin", 
        "pk": 15
    }, 
    {
        "fields": {
            "execrecord": 14, 
            "generic_input": 21, 
            "symbolicdataset": 23
        }, 
        "model": "librarian.execrecordin", 
        "pk": 16
    }, 
    {
        "fields": {
            "execrecord": 15, 
            "generic_input": 20, 
            "symbolicdataset": 23
        }, 
        "model": "librarian.execrecordin", 
        "pk": 17
    }, 
    {
        "fields": {
            "execrecord": 16, 
            "generic_input": 21, 
            "symbolicdataset": 24
        }, 
        "model": "librarian.execrecordin", 
        "pk": 18
    }, 
    {
        "fields": {
            "execrecord": 17, 
            "generic_input": 20, 
            "symbolicdataset": 24
        }, 
        "model": "librarian.execrecordin", 
        "pk": 19
    }, 
    {
        "fields": {
            "execrecord": 18, 
            "generic_input": 21, 
            "symbolicdataset": 25
        }, 
        "model": "librarian.execrecordin", 
        "pk": 20
    }, 
    {
        "fields": {
            "execrecord": 19, 
            "generic_input": 20, 
            "symbolicdataset": 25
        }, 
        "model": "librarian.execrecordin", 
        "pk": 21
    }, 
    {
        "fields": {
            "execrecord": 20, 
            "generic_input": 21, 
            "symbolicdataset": 26
        }, 
        "model": "librarian.execrecordin", 
        "pk": 22
    }, 
    {
        "fields": {
            "execrecord": 21, 
            "generic_input": 20, 
            "symbolicdataset": 26
        }, 
        "model": "librarian.execrecordin", 
        "pk": 23
    }, 
    {
        "fields": {
            "execrecord": 22, 
            "generic_input": 21, 
            "symbolicdataset": 27
        }, 
        "model": "librarian.execrecordin", 
        "pk": 24
    }, 
    {
        "fields": {
            "execrecord": 23, 
            "generic_input": 20, 
            "symbolicdataset": 27
        }, 
        "model": "librarian.execrecordin", 
        "pk": 25
    }, 
    {
        "fields": {
            "execrecord": 24, 
            "generic_input": 21, 
            "symbolicdataset": 28
        }, 
        "model": "librarian.execrecordin", 
        "pk": 26
    }, 
    {
        "fields": {
            "execrecord": 25, 
            "generic_input": 20, 
            "symbolicdataset": 28
        }, 
        "model": "librarian.execrecordin", 
        "pk": 27
    }, 
    {
        "fields": {
            "execrecord": 26, 
            "generic_input": 21, 
            "symbolicdataset": 29
        }, 
        "model": "librarian.execrecordin", 
        "pk": 28
    }, 
    {
        "fields": {
            "execrecord": 27, 
            "generic_input": 20, 
            "symbolicdataset": 29
        }, 
        "model": "librarian.execrecordin", 
        "pk": 29
    }, 
    {
        "fields": {
            "execrecord": 28, 
            "generic_input": 21, 
            "symbolicdataset": 30
        }, 
        "model": "librarian.execrecordin", 
        "pk": 30
    }, 
    {
        "fields": {
            "execrecord": 4, 
            "generic_output": 29, 
            "symbolicdataset": 18
        }, 
        "model": "librarian.execrecordout", 
        "pk": 1
    }, 
    {
        "fields": {
            "execrecord": 5, 
            "generic_output": 21, 
            "symbolicdataset": 19
        }, 
        "model": "librarian.execrecordout", 
        "pk": 2
    }, 
    {
        "fields": {
            "execrecord": 6, 
            "generic_output": 20, 
            "symbolicdataset": 19
        }, 
        "model": "librarian.execrecordout", 
        "pk": 3
    }, 
    {
        "fields": {
            "execrecord": 7, 
            "generic_output": 21, 
            "symbolicdataset": 20
        }, 
        "model": "librarian.execrecordout", 
        "pk": 4
    }, 
    {
        "fields": {
            "execrecord": 8, 
            "generic_output": 28, 
            "symbolicdataset": 20
        }, 
        "model": "librarian.execrecordout", 
        "pk": 5
    }, 
    {
        "fields": {
            "execrecord": 9, 
            "generic_output": 21, 
            "symbolicdataset": 21
        }, 
        "model": "librarian.execrecordout", 
        "pk": 6
    }, 
    {
        "fields": {
            "execrecord": 10, 
            "generic_output": 20, 
            "symbolicdataset": 21
        }, 
        "model": "librarian.execrecordout", 
        "pk": 7
    }, 
    {
        "fields": {
            "execrecord": 11, 
            "generic_output": 21, 
            "symbolicdataset": 22
        }, 
        "model": "librarian.execrecordout", 
        "pk": 8
    }, 
    {
        "fields": {
            "execrecord": 12, 
            "generic_output": 28, 
            "symbolicdataset": 22
        }, 
        "model": "librarian.execrecordout", 
        "pk": 9
    }, 
    {
        "fields": {
            "execrecord": 13, 
            "generic_output": 21, 
            "symbolicdataset": 23
        }, 
        "model": "librarian.execrecordout", 
        "pk": 10
    }, 
    {
        "fields": {
            "execrecord": 14, 
            "generic_output": 20, 
            "symbolicdataset": 23
        }, 
        "model": "librarian.execrecordout", 
        "pk": 11
    }, 
    {
        "fields": {
            "execrecord": 15, 
            "generic_output": 21, 
            "symbolicdataset": 24
        }, 
        "model": "librarian.execrecordout", 
        "pk": 12
    }, 
    {
        "fields": {
            "execrecord": 16, 
            "generic_output": 28, 
            "symbolicdataset": 24
        }, 
        "model": "librarian.execrecordout", 
        "pk": 13
    }, 
    {
        "fields": {
            "execrecord": 17, 
            "generic_output": 21, 
            "symbolicdataset": 25
        }, 
        "model": "librarian.execrecordout", 
        "pk": 14
    }, 
    {
        "fields": {
            "execrecord": 18, 
            "generic_output": 20, 
            "symbolicdataset": 25
        }, 
        "model": "librarian.execrecordout", 
        "pk": 15
    }, 
    {
        "fields": {
            "execrecord": 19, 
            "generic_output": 21, 
            "symbolicdataset": 26
        }, 
        "model": "librarian.execrecordout", 
        "pk": 16
    }, 
    {
        "fields": {
            "execrecord": 20, 
            "generic_output": 28, 
            "symbolicdataset": 26
        }, 
        "model": "librarian.execrecordout", 
        "pk": 17
    }, 
    {
        "fields": {
            "execrecord": 21, 
            "generic_output": 21, 
            "symbolicdataset": 27
        }, 
        "model": "librarian.execrecordout", 
        "pk": 18
    }, 
    {
        "fields": {
            "execrecord": 22, 
            "generic_output": 20, 
            "symbolicdataset": 27
        }, 
        "model": "librarian.execrecordout", 
        "pk": 19
    }, 
    {
        "fields": {
            "execrecord": 23, 
            "generic_output": 21, 
            "symbolicdataset": 28
        }, 
        "model": "librarian.execrecordout", 
        "pk": 20
    }, 
    {
        "fields": {
            "execrecord": 24, 
            "generic_output": 28, 
            "symbolicdataset": 28
        }, 
        "model": "librarian.execrecordout", 
        "pk": 21
    }, 
    {
        "fields": {
            "execrecord": 25, 
            "generic_output": 21, 
            "symbolicdataset": 29
        }, 
        "model": "librarian.execrecordout", 
        "pk": 22
    }, 
    {
        "fields": {
            "execrecord": 26, 
            "generic_output": 20, 
            "symbolicdataset": 29
        }, 
        "model": "librarian.execrecordout", 
        "pk": 23
    }, 
    {
        "fields": {
            "execrecord": 27, 
            "generic_output": 21, 
            "symbolicdataset": 30
        }, 
        "model": "librarian.execrecordout", 
        "pk": 24
    }, 
    {
        "fields": {
            "execrecord": 28, 
            "generic_output": 28, 
            "symbolicdataset": 30
        }, 
        "model": "librarian.execrecordout", 
        "pk": 25
    }, 
    {
        "fields": {
            "fill_colour": "", 
            "name": "", 
            "outputs_to_delete": [], 
            "pipeline": 4, 
            "step_num": 1, 
            "transformation": 2, 
            "x": 0.0, 
            "y": 0.0
        }, 
        "model": "pipeline.pipelinestep", 
        "pk": 1
    }, 
    {
        "fields": {
            "fill_colour": "", 
            "name": "", 
            "outputs_to_delete": [], 
            "pipeline": 5, 
            "step_num": 1, 
            "transformation": 1, 
            "x": 0.0, 
            "y": 0.0
        }, 
        "model": "pipeline.pipelinestep", 
        "pk": 2
    }, 
    {
        "fields": {
            "fill_colour": "", 
            "name": "", 
            "outputs_to_delete": [], 
            "pipeline": 5, 
            "step_num": 2, 
            "transformation": 4, 
            "x": 0.0, 
            "y": 0.0
        }, 
        "model": "pipeline.pipelinestep", 
        "pk": 3
    }, 
    {
        "fields": {
            "fill_colour": "", 
            "name": "", 
            "outputs_to_delete": [], 
            "pipeline": 5, 
            "step_num": 3, 
            "transformation": 3, 
            "x": 0.0, 
            "y": 0.0
        }, 
        "model": "pipeline.pipelinestep", 
        "pk": 4
    }, 
    {
        "fields": {
            "fill_colour": "", 
            "name": "", 
            "outputs_to_delete": [], 
            "pipeline": 9, 
            "step_num": 1, 
            "transformation": 6, 
            "x": 0.0, 
            "y": 0.0
        }, 
        "model": "pipeline.pipelinestep", 
        "pk": 5
    }, 
    {
        "fields": {
            "fill_colour": "", 
            "name": "", 
            "outputs_to_delete": [], 
            "pipeline": 9, 
            "step_num": 2, 
            "transformation": 6, 
            "x": 0.0, 
            "y": 0.0
        }, 
        "model": "pipeline.pipelinestep", 
        "pk": 6
    }, 
    {
        "fields": {
            "fill_colour": "", 
            "name": "", 
            "outputs_to_delete": [], 
            "pipeline": 10, 
            "step_num": 1, 
            "transformation": 9, 
            "x": 0.0, 
            "y": 0.0
        }, 
        "model": "pipeline.pipelinestep", 
        "pk": 7
    }, 
    {
        "fields": {
            "fill_colour": "", 
            "name": "", 
            "outputs_to_delete": [], 
            "pipeline": 10, 
            "step_num": 2, 
            "transformation": 9, 
            "x": 0.0, 
            "y": 0.0
        }, 
        "model": "pipeline.pipelinestep", 
        "pk": 8
    }, 
    {
        "fields": {
            "fill_colour": "", 
            "name": "", 
            "outputs_to_delete": [], 
            "pipeline": 11, 
            "step_num": 1, 
            "transformation": 10, 
            "x": 0.0, 
            "y": 0.0
        }, 
        "model": "pipeline.pipelinestep", 
        "pk": 9
    }, 
    {
        "fields": {
            "fill_colour": "", 
            "name": "", 
            "outputs_to_delete": [], 
            "pipeline": 11, 
            "step_num": 2, 
            "transformation": 10, 
            "x": 0.0, 
            "y": 0.0
        }, 
        "model": "pipeline.pipelinestep", 
        "pk": 10
    }, 
    {
        "fields": {
            "fill_colour": "", 
            "name": "", 
            "outputs_to_delete": [], 
            "pipeline": 11, 
            "step_num": 3, 
            "transformation": 10, 
            "x": 0.0, 
            "y": 0.0
        }, 
        "model": "pipeline.pipelinestep", 
        "pk": 11
    }, 
    {
        "fields": {}, 
        "model": "pipeline.pipelinecable", 
        "pk": 1
    }, 
    {
        "fields": {}, 
        "model": "pipeline.pipelinecable", 
        "pk": 2
    }, 
    {
        "fields": {}, 
        "model": "pipeline.pipelinecable", 
        "pk": 3
    }, 
    {
        "fields": {}, 
        "model": "pipeline.pipelinecable", 
        "pk": 4
    }, 
    {
        "fields": {}, 
        "model": "pipeline.pipelinecable", 
        "pk": 5
    }, 
    {
        "fields": {}, 
        "model": "pipeline.pipelinecable", 
        "pk": 6
    }, 
    {
        "fields": {}, 
        "model": "pipeline.pipelinecable", 
        "pk": 7
    }, 
    {
        "fields": {}, 
        "model": "pipeline.pipelinecable", 
        "pk": 8
    }, 
    {
        "fields": {}, 
        "model": "pipeline.pipelinecable", 
        "pk": 9
    }, 
    {
        "fields": {}, 
        "model": "pipeline.pipelinecable", 
        "pk": 10
    }, 
    {
        "fields": {}, 
        "model": "pipeline.pipelinecable", 
        "pk": 11
    }, 
    {
        "fields": {}, 
        "model": "pipeline.pipelinecable", 
        "pk": 12
    }, 
    {
        "fields": {}, 
        "model": "pipeline.pipelinecable", 
        "pk": 13
    }, 
    {
        "fields": {}, 
        "model": "pipeline.pipelinecable", 
        "pk": 14
    }, 
    {
        "fields": {}, 
        "model": "pipeline.pipelinecable", 
        "pk": 15
    }, 
    {
        "fields": {}, 
        "model": "pipeline.pipelinecable", 
        "pk": 16
    }, 
    {
        "fields": {}, 
        "model": "pipeline.pipelinecable", 
        "pk": 17
    }, 
    {
        "fields": {}, 
        "model": "pipeline.pipelinecable", 
        "pk": 18
    }, 
    {
        "fields": {}, 
        "model": "pipeline.pipelinecable", 
        "pk": 19
    }, 
    {
        "fields": {}, 
        "model": "pipeline.pipelinecable", 
        "pk": 20
    }, 
    {
        "fields": {}, 
        "model": "pipeline.pipelinecable", 
        "pk": 21
    }, 
    {
        "fields": {
            "dest": 3, 
            "keep_output": false, 
            "pipelinestep": 1, 
            "source": 11, 
            "source_step": 0
        }, 
        "model": "pipeline.pipelinestepinputcable", 
        "pk": 1
    }, 
    {
        "fields": {
            "dest": 4, 
            "keep_output": false, 
            "pipelinestep": 1, 
            "source": 12, 
            "source_step": 0
        }, 
        "model": "pipeline.pipelinestepinputcable", 
        "pk": 2
    }, 
    {
        "fields": {
            "dest": 1, 
            "keep_output": false, 
            "pipelinestep": 2, 
            "source": 15, 
            "source_step": 0
        }, 
        "model": "pipeline.pipelinestepinputcable", 
        "pk": 4
    }, 
    {
        "fields": {
            "dest": 11, 
            "keep_output": false, 
            "pipelinestep": 3, 
            "source": 13, 
            "source_step": 0
        }, 
        "model": "pipeline.pipelinestepinputcable", 
        "pk": 5
    }, 
    {
        "fields": {
            "dest": 12, 
            "keep_output": false, 
            "pipelinestep": 3, 
            "source": 14, 
            "source_step": 0
        }, 
        "model": "pipeline.pipelinestepinputcable", 
        "pk": 6
    }, 
    {
        "fields": {
            "dest": 7, 
            "keep_output": false, 
            "pipelinestep": 4, 
            "source": 2, 
            "source_step": 1
        }, 
        "model": "pipeline.pipelinestepinputcable", 
        "pk": 7
    }, 
    {
        "fields": {
            "dest": 6, 
            "keep_output": false, 
            "pipelinestep": 4, 
            "source": 16, 
            "source_step": 2
        }, 
        "model": "pipeline.pipelinestepinputcable", 
        "pk": 8
    }, 
    {
        "fields": {
            "dest": 20, 
            "keep_output": false, 
            "pipelinestep": 5, 
            "source": 26, 
            "source_step": 0
        }, 
        "model": "pipeline.pipelinestepinputcable", 
        "pk": 12
    }, 
    {
        "fields": {
            "dest": 20, 
            "keep_output": false, 
            "pipelinestep": 6, 
            "source": 21, 
            "source_step": 1
        }, 
        "model": "pipeline.pipelinestepinputcable", 
        "pk": 13
    }, 
    {
        "fields": {
            "dest": 26, 
            "keep_output": false, 
            "pipelinestep": 7, 
            "source": 29, 
            "source_step": 0
        }, 
        "model": "pipeline.pipelinestepinputcable", 
        "pk": 15
    }, 
    {
        "fields": {
            "dest": 26, 
            "keep_output": false, 
            "pipelinestep": 8, 
            "source": 28, 
            "source_step": 1
        }, 
        "model": "pipeline.pipelinestepinputcable", 
        "pk": 16
    }, 
    {
        "fields": {
            "dest": 29, 
            "keep_output": false, 
            "pipelinestep": 9, 
            "source": 32, 
            "source_step": 0
        }, 
        "model": "pipeline.pipelinestepinputcable", 
        "pk": 18
    }, 
    {
        "fields": {
            "dest": 29, 
            "keep_output": false, 
            "pipelinestep": 10, 
            "source": 31, 
            "source_step": 1
        }, 
        "model": "pipeline.pipelinestepinputcable", 
        "pk": 19
    }, 
    {
        "fields": {
            "dest": 29, 
            "keep_output": false, 
            "pipelinestep": 11, 
            "source": 31, 
            "source_step": 2
        }, 
        "model": "pipeline.pipelinestepinputcable", 
        "pk": 20
    }, 
    {
        "fields": {
            "cable": 5, 
            "dest_pin": 32, 
            "source_pin": 22
        }, 
        "model": "pipeline.customcablewire", 
        "pk": 1
    }, 
    {
        "fields": {
            "cable": 5, 
            "dest_pin": 31, 
            "source_pin": 24
        }, 
        "model": "pipeline.customcablewire", 
        "pk": 2
    }, 
    {
        "fields": {
            "cable": 7, 
            "dest_pin": 32, 
            "source_pin": 31
        }, 
        "model": "pipeline.customcablewire", 
        "pk": 3
    }, 
    {
        "fields": {
            "cable": 7, 
            "dest_pin": 31, 
            "source_pin": 32
        }, 
        "model": "pipeline.customcablewire", 
        "pk": 4
    }, 
    {
        "fields": {
            "cable": 9, 
            "dest_pin": 32, 
            "source_pin": 23
        }, 
        "model": "pipeline.customcablewire", 
        "pk": 5
    }, 
    {
        "fields": {
            "cable": 9, 
            "dest_pin": 31, 
            "source_pin": 24
        }, 
        "model": "pipeline.customcablewire", 
        "pk": 6
    }, 
    {
        "fields": {
            "output_cdt": 13, 
            "output_idx": 1, 
            "output_name": "D1_out", 
            "pipeline": 4, 
            "source": 5, 
            "source_step": 1
        }, 
        "model": "pipeline.pipelineoutputcable", 
        "pk": 3
    }, 
    {
        "fields": {
            "output_cdt": 16, 
            "output_idx": 1, 
            "output_name": "E1_out", 
            "pipeline": 5, 
            "source": 16, 
            "source_step": 2
        }, 
        "model": "pipeline.pipelineoutputcable", 
        "pk": 9
    }, 
    {
        "fields": {
            "output_cdt": 12, 
            "output_idx": 2, 
            "output_name": "E2_out", 
            "pipeline": 5, 
            "source": 8, 
            "source_step": 3
        }, 
        "model": "pipeline.pipelineoutputcable", 
        "pk": 10
    }, 
    {
        "fields": {
            "output_cdt": null, 
            "output_idx": 3, 
            "output_name": "E3_rawout", 
            "pipeline": 5, 
            "source": 10, 
            "source_step": 3
        }, 
        "model": "pipeline.pipelineoutputcable", 
        "pk": 11
    }, 
    {
        "fields": {
            "output_cdt": 19, 
            "output_idx": 1, 
            "output_name": "basic_out", 
            "pipeline": 9, 
            "source": 21, 
            "source_step": 2
        }, 
        "model": "pipeline.pipelineoutputcable", 
        "pk": 14
    }, 
    {
        "fields": {
            "output_cdt": 19, 
            "output_idx": 1, 
            "output_name": "sub_out", 
            "pipeline": 10, 
            "source": 28, 
            "source_step": 2
        }, 
        "model": "pipeline.pipelineoutputcable", 
        "pk": 17
    }, 
    {
        "fields": {
            "output_cdt": 19, 
            "output_idx": 1, 
            "output_name": "top_out", 
            "pipeline": 11, 
            "source": 31, 
            "source_step": 3
        }, 
        "model": "pipeline.pipelineoutputcable", 
        "pk": 21
    }, 
    {
        "fields": {
            "x": 0.0, 
            "y": 0.0
        }, 
        "model": "transformation.transformationxput", 
        "pk": 1
    }, 
    {
        "fields": {
            "x": 0.0, 
            "y": 0.0
        }, 
        "model": "transformation.transformationxput", 
        "pk": 2
    }, 
    {
        "fields": {
            "x": 0.0, 
            "y": 0.0
        }, 
        "model": "transformation.transformationxput", 
        "pk": 3
    }, 
    {
        "fields": {
            "x": 0.0, 
            "y": 0.0
        }, 
        "model": "transformation.transformationxput", 
        "pk": 4
    }, 
    {
        "fields": {
            "x": 0.0, 
            "y": 0.0
        }, 
        "model": "transformation.transformationxput", 
        "pk": 5
    }, 
    {
        "fields": {
            "x": 0.0, 
            "y": 0.0
        }, 
        "model": "transformation.transformationxput", 
        "pk": 6
    }, 
    {
        "fields": {
            "x": 0.0, 
            "y": 0.0
        }, 
        "model": "transformation.transformationxput", 
        "pk": 7
    }, 
    {
        "fields": {
            "x": 0.0, 
            "y": 0.0
        }, 
        "model": "transformation.transformationxput", 
        "pk": 8
    }, 
    {
        "fields": {
            "x": 0.0, 
            "y": 0.0
        }, 
        "model": "transformation.transformationxput", 
        "pk": 9
    }, 
    {
        "fields": {
            "x": 0.0, 
            "y": 0.0
        }, 
        "model": "transformation.transformationxput", 
        "pk": 10
    }, 
    {
        "fields": {
            "x": 0.0, 
            "y": 0.0
        }, 
        "model": "transformation.transformationxput", 
        "pk": 11
    }, 
    {
        "fields": {
            "x": 0.0, 
            "y": 0.0
        }, 
        "model": "transformation.transformationxput", 
        "pk": 12
    }, 
    {
        "fields": {
            "x": 0.0, 
            "y": 0.0
        }, 
        "model": "transformation.transformationxput", 
        "pk": 13
    }, 
    {
        "fields": {
            "x": 0.0, 
            "y": 0.0
        }, 
        "model": "transformation.transformationxput", 
        "pk": 14
    }, 
    {
        "fields": {
            "x": 0.0, 
            "y": 0.0
        }, 
        "model": "transformation.transformationxput", 
        "pk": 15
    }, 
    {
        "fields": {
            "x": 0.0, 
            "y": 0.0
        }, 
        "model": "transformation.transformationxput", 
        "pk": 16
    }, 
    {
        "fields": {
            "x": 0.0, 
            "y": 0.0
        }, 
        "model": "transformation.transformationxput", 
        "pk": 17
    }, 
    {
        "fields": {
            "x": 0.0, 
            "y": 0.0
        }, 
        "model": "transformation.transformationxput", 
        "pk": 18
    }, 
    {
        "fields": {
            "x": 0.0, 
            "y": 0.0
        }, 
        "model": "transformation.transformationxput", 
        "pk": 19
    }, 
    {
        "fields": {
            "x": 0.0, 
            "y": 0.0
        }, 
        "model": "transformation.transformationxput", 
        "pk": 20
    }, 
    {
        "fields": {
            "x": 0.0, 
            "y": 0.0
        }, 
        "model": "transformation.transformationxput", 
        "pk": 21
    }, 
    {
        "fields": {
            "x": 0.0, 
            "y": 0.0
        }, 
        "model": "transformation.transformationxput", 
        "pk": 22
    }, 
    {
        "fields": {
            "x": 0.0, 
            "y": 0.0
        }, 
        "model": "transformation.transformationxput", 
        "pk": 23
    }, 
    {
        "fields": {
            "x": 0.0, 
            "y": 0.0
        }, 
        "model": "transformation.transformationxput", 
        "pk": 24
    }, 
    {
        "fields": {
            "x": 0.0, 
            "y": 0.0
        }, 
        "model": "transformation.transformationxput", 
        "pk": 25
    }, 
    {
        "fields": {
            "x": 0.0, 
            "y": 0.0
        }, 
        "model": "transformation.transformationxput", 
        "pk": 26
    }, 
    {
        "fields": {
            "x": 0.0, 
            "y": 0.0
        }, 
        "model": "transformation.transformationxput", 
        "pk": 28
    }, 
    {
        "fields": {
            "x": 0.0, 
            "y": 0.0
        }, 
        "model": "transformation.transformationxput", 
        "pk": 29
    }, 
    {
        "fields": {
            "x": 0.0, 
            "y": 0.0
        }, 
        "model": "transformation.transformationxput", 
        "pk": 31
    }, 
    {
        "fields": {
            "x": 0.0, 
            "y": 0.0
        }, 
        "model": "transformation.transformationxput", 
        "pk": 32
    }, 
    {
        "fields": {
            "x": 0.0, 
            "y": 0.0
        }, 
        "model": "transformation.transformationxput", 
        "pk": 34
    }, 
    {
        "fields": {
            "compounddatatype": 16, 
            "max_row": null, 
            "min_row": null, 
            "transf_xput": 2
        }, 
        "model": "transformation.xputstructure", 
        "pk": 1
    }, 
    {
        "fields": {
            "compounddatatype": 16, 
            "max_row": null, 
            "min_row": null, 
            "transf_xput": 3
        }, 
        "model": "transformation.xputstructure", 
        "pk": 2
    }, 
    {
        "fields": {
            "compounddatatype": 12, 
            "max_row": null, 
            "min_row": null, 
            "transf_xput": 4
        }, 
        "model": "transformation.xputstructure", 
        "pk": 3
    }, 
    {
        "fields": {
            "compounddatatype": 13, 
            "max_row": 5, 
            "min_row": null, 
            "transf_xput": 5
        }, 
        "model": "transformation.xputstructure", 
        "pk": 4
    }, 
    {
        "fields": {
            "compounddatatype": 13, 
            "max_row": null, 
            "min_row": null, 
            "transf_xput": 6
        }, 
        "model": "transformation.xputstructure", 
        "pk": 5
    }, 
    {
        "fields": {
            "compounddatatype": 16, 
            "max_row": null, 
            "min_row": null, 
            "transf_xput": 7
        }, 
        "model": "transformation.xputstructure", 
        "pk": 6
    }, 
    {
        "fields": {
            "compounddatatype": 12, 
            "max_row": null, 
            "min_row": null, 
            "transf_xput": 8
        }, 
        "model": "transformation.xputstructure", 
        "pk": 7
    }, 
    {
        "fields": {
            "compounddatatype": 16, 
            "max_row": null, 
            "min_row": null, 
            "transf_xput": 11
        }, 
        "model": "transformation.xputstructure", 
        "pk": 8
    }, 
    {
        "fields": {
            "compounddatatype": 12, 
            "max_row": null, 
            "min_row": null, 
            "transf_xput": 12
        }, 
        "model": "transformation.xputstructure", 
        "pk": 9
    }, 
    {
        "fields": {
            "compounddatatype": 13, 
            "max_row": null, 
            "min_row": null, 
            "transf_xput": 13
        }, 
        "model": "transformation.xputstructure", 
        "pk": 10
    }, 
    {
        "fields": {
            "compounddatatype": 12, 
            "max_row": null, 
            "min_row": 10, 
            "transf_xput": 14
        }, 
        "model": "transformation.xputstructure", 
        "pk": 11
    }, 
    {
        "fields": {
            "compounddatatype": 13, 
            "max_row": 5, 
            "min_row": null, 
            "transf_xput": 16
        }, 
        "model": "transformation.xputstructure", 
        "pk": 12
    }, 
    {
        "fields": {
            "compounddatatype": 16, 
            "max_row": 5, 
            "min_row": null, 
            "transf_xput": 17
        }, 
        "model": "transformation.xputstructure", 
        "pk": 13
    }, 
    {
        "fields": {
            "compounddatatype": 12, 
            "max_row": null, 
            "min_row": null, 
            "transf_xput": 18
        }, 
        "model": "transformation.xputstructure", 
        "pk": 14
    }, 
    {
        "fields": {
            "compounddatatype": 19, 
            "max_row": null, 
            "min_row": null, 
            "transf_xput": 20
        }, 
        "model": "transformation.xputstructure", 
        "pk": 15
    }, 
    {
        "fields": {
            "compounddatatype": 19, 
            "max_row": null, 
            "min_row": null, 
            "transf_xput": 21
        }, 
        "model": "transformation.xputstructure", 
        "pk": 16
    }, 
    {
        "fields": {
            "compounddatatype": 19, 
            "max_row": null, 
            "min_row": null, 
            "transf_xput": 22
        }, 
        "model": "transformation.xputstructure", 
        "pk": 17
    }, 
    {
        "fields": {
            "compounddatatype": 19, 
            "max_row": null, 
            "min_row": null, 
            "transf_xput": 23
        }, 
        "model": "transformation.xputstructure", 
        "pk": 18
    }, 
    {
        "fields": {
            "compounddatatype": 19, 
            "max_row": null, 
            "min_row": null, 
            "transf_xput": 26
        }, 
        "model": "transformation.xputstructure", 
        "pk": 19
    }, 
    {
        "fields": {
            "compounddatatype": 19, 
            "max_row": null, 
            "min_row": null, 
            "transf_xput": 28
        }, 
        "model": "transformation.xputstructure", 
        "pk": 21
    }, 
    {
        "fields": {
            "compounddatatype": 19, 
            "max_row": null, 
            "min_row": null, 
            "transf_xput": 29
        }, 
        "model": "transformation.xputstructure", 
        "pk": 22
    }, 
    {
        "fields": {
            "compounddatatype": 19, 
            "max_row": null, 
            "min_row": null, 
            "transf_xput": 31
        }, 
        "model": "transformation.xputstructure", 
        "pk": 24
    }, 
    {
        "fields": {
            "compounddatatype": 19, 
            "max_row": null, 
            "min_row": null, 
            "transf_xput": 32
        }, 
        "model": "transformation.xputstructure", 
        "pk": 25
    }, 
    {
        "fields": {
            "compounddatatype": 19, 
            "max_row": null, 
            "min_row": null, 
            "transf_xput": 34
        }, 
        "model": "transformation.xputstructure", 
        "pk": 27
    }, 
    {
        "fields": {
            "dataset_idx": 1, 
            "dataset_name": "A1_rawin", 
            "transformation": 1
        }, 
        "model": "transformation.transformationinput", 
        "pk": 1
    }, 
    {
        "fields": {
            "dataset_idx": 1, 
            "dataset_name": "B1_in", 
            "transformation": 2
        }, 
        "model": "transformation.transformationinput", 
        "pk": 3
    }, 
    {
        "fields": {
            "dataset_idx": 2, 
            "dataset_name": "B2_in", 
            "transformation": 2
        }, 
        "model": "transformation.transformationinput", 
        "pk": 4
    }, 
    {
        "fields": {
            "dataset_idx": 1, 
            "dataset_name": "C1_in", 
            "transformation": 3
        }, 
        "model": "transformation.transformationinput", 
        "pk": 6
    }, 
    {
        "fields": {
            "dataset_idx": 2, 
            "dataset_name": "C2_in", 
            "transformation": 3
        }, 
        "model": "transformation.transformationinput", 
        "pk": 7
    }, 
    {
        "fields": {
            "dataset_idx": 1, 
            "dataset_name": "D1_in", 
            "transformation": 4
        }, 
        "model": "transformation.transformationinput", 
        "pk": 11
    }, 
    {
        "fields": {
            "dataset_idx": 2, 
            "dataset_name": "D2_in", 
            "transformation": 4
        }, 
        "model": "transformation.transformationinput", 
        "pk": 12
    }, 
    {
        "fields": {
            "dataset_idx": 1, 
            "dataset_name": "E1_in", 
            "transformation": 5
        }, 
        "model": "transformation.transformationinput", 
        "pk": 13
    }, 
    {
        "fields": {
            "dataset_idx": 2, 
            "dataset_name": "E2_in", 
            "transformation": 5
        }, 
        "model": "transformation.transformationinput", 
        "pk": 14
    }, 
    {
        "fields": {
            "dataset_idx": 3, 
            "dataset_name": "E3_rawin", 
            "transformation": 5
        }, 
        "model": "transformation.transformationinput", 
        "pk": 15
    }, 
    {
        "fields": {
            "dataset_idx": 1, 
            "dataset_name": "strings", 
            "transformation": 6
        }, 
        "model": "transformation.transformationinput", 
        "pk": 20
    }, 
    {
        "fields": {
            "dataset_idx": 1, 
            "dataset_name": "strings", 
            "transformation": 7
        }, 
        "model": "transformation.transformationinput", 
        "pk": 22
    }, 
    {
        "fields": {
            "dataset_idx": 1, 
            "dataset_name": "raw", 
            "transformation": 8
        }, 
        "model": "transformation.transformationinput", 
        "pk": 24
    }, 
    {
        "fields": {
            "dataset_idx": 1, 
            "dataset_name": "basic_in", 
            "transformation": 9
        }, 
        "model": "transformation.transformationinput", 
        "pk": 26
    }, 
    {
        "fields": {
            "dataset_idx": 1, 
            "dataset_name": "sub_in", 
            "transformation": 10
        }, 
        "model": "transformation.transformationinput", 
        "pk": 29
    }, 
    {
        "fields": {
            "dataset_idx": 1, 
            "dataset_name": "top_in", 
            "transformation": 11
        }, 
        "model": "transformation.transformationinput", 
        "pk": 32
    }, 
    {
        "fields": {
            "dataset_idx": 1, 
            "dataset_name": "A1_out", 
            "transformation": 1
        }, 
        "model": "transformation.transformationoutput", 
        "pk": 2
    }, 
    {
        "fields": {
            "dataset_idx": 1, 
            "dataset_name": "B1_out", 
            "transformation": 2
        }, 
        "model": "transformation.transformationoutput", 
        "pk": 5
    }, 
    {
        "fields": {
            "dataset_idx": 1, 
            "dataset_name": "C1_out", 
            "transformation": 3
        }, 
        "model": "transformation.transformationoutput", 
        "pk": 8
    }, 
    {
        "fields": {
            "dataset_idx": 2, 
            "dataset_name": "C2_rawout", 
            "transformation": 3
        }, 
        "model": "transformation.transformationoutput", 
        "pk": 9
    }, 
    {
        "fields": {
            "dataset_idx": 3, 
            "dataset_name": "C3_rawout", 
            "transformation": 3
        }, 
        "model": "transformation.transformationoutput", 
        "pk": 10
    }, 
    {
        "fields": {
            "dataset_idx": 1, 
            "dataset_name": "D1_out", 
            "transformation": 4
        }, 
        "model": "transformation.transformationoutput", 
        "pk": 16
    }, 
    {
        "fields": {
            "dataset_idx": 1, 
            "dataset_name": "E1_out", 
            "transformation": 5
        }, 
        "model": "transformation.transformationoutput", 
        "pk": 17
    }, 
    {
        "fields": {
            "dataset_idx": 2, 
            "dataset_name": "E2_out", 
            "transformation": 5
        }, 
        "model": "transformation.transformationoutput", 
        "pk": 18
    }, 
    {
        "fields": {
            "dataset_idx": 3, 
            "dataset_name": "E3_rawout", 
            "transformation": 5
        }, 
        "model": "transformation.transformationoutput", 
        "pk": 19
    }, 
    {
        "fields": {
            "dataset_idx": 1, 
            "dataset_name": "same_strings", 
            "transformation": 6
        }, 
        "model": "transformation.transformationoutput", 
        "pk": 21
    }, 
    {
        "fields": {
            "dataset_idx": 1, 
            "dataset_name": "untouched_strings", 
            "transformation": 7
        }, 
        "model": "transformation.transformationoutput", 
        "pk": 23
    }, 
    {
        "fields": {
            "dataset_idx": 1, 
            "dataset_name": "same_raw", 
            "transformation": 8
        }, 
        "model": "transformation.transformationoutput", 
        "pk": 25
    }, 
    {
        "fields": {
            "dataset_idx": 1, 
            "dataset_name": "basic_out", 
            "transformation": 9
        }, 
        "model": "transformation.transformationoutput", 
        "pk": 28
    }, 
    {
        "fields": {
            "dataset_idx": 1, 
            "dataset_name": "sub_out", 
            "transformation": 10
        }, 
        "model": "transformation.transformationoutput", 
        "pk": 31
    }, 
    {
        "fields": {
            "dataset_idx": 1, 
            "dataset_name": "top_out", 
            "transformation": 11
        }, 
        "model": "transformation.transformationoutput", 
        "pk": 34
    }, 
    {
        "fields": {
            "date_joined": "2015-07-17T23:11:10.656Z", 
            "email": "lennon@thebeatles.com", 
            "first_name": "", 
            "groups": [
                1
            ], 
            "is_active": true, 
            "is_staff": false, 
            "is_superuser": false, 
            "last_login": "2015-07-17T23:11:10.656Z", 
            "last_name": "", 
            "password": "pbkdf2_sha256$15000$6tQlf9H1ddFs$VZgXjBl6bvczXL4/cbkqw78iFn/eJkOYFPe4Y007aQ0=", 
            "user_permissions": [], 
            "username": "john"
        }, 
        "model": "auth.user", 
        "pk": 2
    }, 
    {
        "fields": {
            "date_joined": "2015-07-17T23:11:13.158Z", 
            "email": "bob@talabs.com", 
            "first_name": "", 
            "groups": [
                1
            ], 
            "is_active": true, 
            "is_staff": false, 
            "is_superuser": false, 
            "last_login": "2015-07-17T23:11:13.158Z", 
            "last_name": "", 
            "password": "pbkdf2_sha256$15000$HLsdvCmUm2GA$H4TbuOmNjLG55G4afOPgIFIfdSKN76ScWkvYK9ZJEd8=", 
            "user_permissions": [], 
            "username": "bob"
        }, 
        "model": "auth.user", 
        "pk": 3
    }, 
    {
        "fields": {
            "date_created": "2015-07-17T23:11:10.773Z", 
            "description": "String consisting of ACGTacgt", 
            "groups_allowed": [
                1
            ], 
            "name": "DNANucSeq", 
            "prototype": null, 
            "restricts": [
                1
            ], 
            "user": 2, 
            "users_allowed": []
        }, 
        "model": "metadata.datatype", 
        "pk": 8
    }, 
    {
        "fields": {
            "date_created": "2015-07-17T23:11:10.784Z", 
            "description": "String consisting of ACGUacgu", 
            "groups_allowed": [
                1
            ], 
            "name": "RNANucSeq", 
            "prototype": null, 
            "restricts": [
                1
            ], 
            "user": 2, 
            "users_allowed": []
        }, 
        "model": "metadata.datatype", 
        "pk": 9
    }, 
    {
        "fields": {
            "date_created": "2015-07-17T23:11:13.272Z", 
            "description": "sequences of ASCII characters", 
            "groups_allowed": [
                1
            ], 
            "name": "my_string", 
            "prototype": null, 
            "restricts": [
                1
            ], 
            "user": 3, 
            "users_allowed": []
        }, 
        "model": "metadata.datatype", 
        "pk": 10
    }, 
    {
        "fields": {
            "groups_allowed": [
                1
            ], 
            "user": 2, 
            "users_allowed": []
        }, 
        "model": "metadata.compounddatatype", 
        "pk": 5
    }, 
    {
        "fields": {
            "groups_allowed": [
                1
            ], 
            "user": 2, 
            "users_allowed": []
        }, 
        "model": "metadata.compounddatatype", 
        "pk": 6
    }, 
    {
        "fields": {
            "groups_allowed": [
                1
            ], 
            "user": 2, 
            "users_allowed": []
        }, 
        "model": "metadata.compounddatatype", 
        "pk": 7
    }, 
    {
        "fields": {
            "groups_allowed": [
                1
            ], 
            "user": 2, 
            "users_allowed": []
        }, 
        "model": "metadata.compounddatatype", 
        "pk": 8
    }, 
    {
        "fields": {
            "groups_allowed": [
                1
            ], 
            "user": 2, 
            "users_allowed": []
        }, 
        "model": "metadata.compounddatatype", 
        "pk": 9
    }, 
    {
        "fields": {
            "groups_allowed": [
                1
            ], 
            "user": 2, 
            "users_allowed": []
        }, 
        "model": "metadata.compounddatatype", 
        "pk": 10
    }, 
    {
        "fields": {
            "groups_allowed": [
                1
            ], 
            "user": 2, 
            "users_allowed": []
        }, 
        "model": "metadata.compounddatatype", 
        "pk": 11
    }, 
    {
        "fields": {
            "groups_allowed": [
                1
            ], 
            "user": 2, 
            "users_allowed": []
        }, 
        "model": "metadata.compounddatatype", 
        "pk": 12
    }, 
    {
        "fields": {
            "groups_allowed": [
                1
            ], 
            "user": 2, 
            "users_allowed": []
        }, 
        "model": "metadata.compounddatatype", 
        "pk": 13
    }, 
    {
        "fields": {
            "groups_allowed": [
                1
            ], 
            "user": 2, 
            "users_allowed": []
        }, 
        "model": "metadata.compounddatatype", 
        "pk": 14
    }, 
    {
        "fields": {
            "groups_allowed": [
                1
            ], 
            "user": 2, 
            "users_allowed": []
        }, 
        "model": "metadata.compounddatatype", 
        "pk": 15
    }, 
    {
        "fields": {
            "groups_allowed": [
                1
            ], 
            "user": 2, 
            "users_allowed": []
        }, 
        "model": "metadata.compounddatatype", 
        "pk": 16
    }, 
    {
        "fields": {
            "groups_allowed": [
                1
            ], 
            "user": 2, 
            "users_allowed": []
        }, 
        "model": "metadata.compounddatatype", 
        "pk": 17
    }, 
    {
        "fields": {
            "groups_allowed": [
                1
            ], 
            "user": 2, 
            "users_allowed": []
        }, 
        "model": "metadata.compounddatatype", 
        "pk": 18
    }, 
    {
        "fields": {
            "groups_allowed": [
                1
            ], 
            "user": 3, 
            "users_allowed": []
        }, 
        "model": "metadata.compounddatatype", 
        "pk": 19
    }, 
    {
        "fields": {
            "description": "", 
            "end_time": null, 
            "groups_allowed": [
                1
            ], 
            "name": "", 
            "parent_runstep": null, 
            "pipeline": 4, 
            "start_time": null, 
            "user": 2, 
            "users_allowed": []
        }, 
        "model": "archive.run", 
        "pk": 1
    }, 
    {
        "fields": {
            "description": "", 
            "end_time": null, 
            "groups_allowed": [
                1
            ], 
            "name": "pE_run", 
            "parent_runstep": null, 
            "pipeline": 5, 
            "start_time": null, 
            "user": 2, 
            "users_allowed": []
        }, 
        "model": "archive.run", 
        "pk": 2
    }, 
    {
        "fields": {
            "description": "", 
            "end_time": null, 
            "groups_allowed": [], 
            "name": "", 
            "parent_runstep": null, 
            "pipeline": 4, 
            "start_time": null, 
            "user": 2, 
            "users_allowed": []
        }, 
        "model": "archive.run", 
        "pk": 3
    }, 
    {
        "fields": {
            "description": "", 
            "end_time": null, 
            "groups_allowed": [], 
            "name": "", 
            "parent_runstep": null, 
            "pipeline": 5, 
            "start_time": null, 
            "user": 2, 
            "users_allowed": []
        }, 
        "model": "archive.run", 
        "pk": 4
    }, 
    {
        "fields": {
            "description": "", 
            "end_time": null, 
            "groups_allowed": [], 
            "name": "", 
            "parent_runstep": null, 
            "pipeline": 5, 
            "start_time": null, 
            "user": 2, 
            "users_allowed": []
        }, 
        "model": "archive.run", 
        "pk": 5
    }, 
    {
        "fields": {
            "description": "", 
            "end_time": null, 
            "groups_allowed": [
                1
            ], 
            "name": "", 
            "parent_runstep": null, 
            "pipeline": 5, 
            "start_time": null, 
            "user": 2, 
            "users_allowed": []
        }, 
        "model": "archive.run", 
        "pk": 6
    }, 
    {
        "fields": {
            "description": "", 
            "end_time": "2015-07-17T23:12:16.504Z", 
            "groups_allowed": [
                1
            ], 
            "name": "", 
            "parent_runstep": null, 
            "pipeline": 11, 
            "start_time": "2015-07-17T23:11:15.318Z", 
            "user": 3, 
            "users_allowed": []
        }, 
        "model": "archive.run", 
        "pk": 7
    }, 
    {
        "fields": {
            "description": "", 
            "end_time": "2015-07-17T23:11:28.056Z", 
            "groups_allowed": [
                1
            ], 
            "name": "", 
            "parent_runstep": 4, 
            "pipeline": 10, 
            "start_time": "2015-07-17T23:11:15.707Z", 
            "user": 3, 
            "users_allowed": []
        }, 
        "model": "archive.run", 
        "pk": 8
    }, 
    {
        "fields": {
            "description": "", 
            "end_time": "2015-07-17T23:11:19.799Z", 
            "groups_allowed": [
                1
            ], 
            "name": "", 
            "parent_runstep": 6, 
            "pipeline": 9, 
            "start_time": "2015-07-17T23:11:15.991Z", 
            "user": 3, 
            "users_allowed": []
        }, 
        "model": "archive.run", 
        "pk": 9
    }, 
    {
        "fields": {
            "description": "", 
            "end_time": "2015-07-17T23:11:25.648Z", 
            "groups_allowed": [
                1
            ], 
            "name": "", 
            "parent_runstep": 13, 
            "pipeline": 9, 
            "start_time": "2015-07-17T23:11:22.424Z", 
            "user": 3, 
            "users_allowed": []
        }, 
        "model": "archive.run", 
        "pk": 10
    }, 
    {
        "fields": {
            "description": "", 
            "end_time": "2015-07-17T23:11:47.981Z", 
            "groups_allowed": [
                1
            ], 
            "name": "", 
            "parent_runstep": 21, 
            "pipeline": 10, 
            "start_time": "2015-07-17T23:11:34.400Z", 
            "user": 3, 
            "users_allowed": []
        }, 
        "model": "archive.run", 
        "pk": 11
    }, 
    {
        "fields": {
            "description": "", 
            "end_time": "2015-07-17T23:11:38.685Z", 
            "groups_allowed": [
                1
            ], 
            "name": "", 
            "parent_runstep": 23, 
            "pipeline": 9, 
            "start_time": "2015-07-17T23:11:35.328Z", 
            "user": 3, 
            "users_allowed": []
        }, 
        "model": "archive.run", 
        "pk": 12
    }, 
    {
        "fields": {
            "description": "", 
            "end_time": "2015-07-17T23:11:45.435Z", 
            "groups_allowed": [
                1
            ], 
            "name": "", 
            "parent_runstep": 30, 
            "pipeline": 9, 
            "start_time": "2015-07-17T23:11:42.037Z", 
            "user": 3, 
            "users_allowed": []
        }, 
        "model": "archive.run", 
        "pk": 13
    }, 
    {
        "fields": {
            "description": "", 
            "end_time": "2015-07-17T23:12:10.183Z", 
            "groups_allowed": [
                1
            ], 
            "name": "", 
            "parent_runstep": 38, 
            "pipeline": 10, 
            "start_time": "2015-07-17T23:11:55.164Z", 
            "user": 3, 
            "users_allowed": []
        }, 
        "model": "archive.run", 
        "pk": 14
    }, 
    {
        "fields": {
            "description": "", 
            "end_time": "2015-07-17T23:12:00.297Z", 
            "groups_allowed": [
                1
            ], 
            "name": "", 
            "parent_runstep": 40, 
            "pipeline": 9, 
            "start_time": "2015-07-17T23:11:56.747Z", 
            "user": 3, 
            "users_allowed": []
        }, 
        "model": "archive.run", 
        "pk": 15
    }, 
    {
        "fields": {
            "description": "", 
            "end_time": "2015-07-17T23:12:07.771Z", 
            "groups_allowed": [
                1
            ], 
            "name": "", 
            "parent_runstep": 47, 
            "pipeline": 9, 
            "start_time": "2015-07-17T23:12:04.212Z", 
            "user": 3, 
            "users_allowed": []
        }, 
        "model": "archive.run", 
        "pk": 16
    }, 
    {
        "fields": {
            "MD5_checksum": "ab7afe2f453d27fd168641a1f9271f26", 
            "_redacted": false, 
            "groups_allowed": [
                1
            ], 
            "user": 2, 
            "users_allowed": []
        }, 
        "model": "librarian.symbolicdataset", 
        "pk": 1
    }, 
    {
        "fields": {
            "MD5_checksum": "02d5b66858d003b81ae3dc712b74e85c", 
            "_redacted": false, 
            "groups_allowed": [
                1
            ], 
            "user": 2, 
            "users_allowed": []
        }, 
        "model": "librarian.symbolicdataset", 
        "pk": 2
    }, 
    {
        "fields": {
            "MD5_checksum": "29feb269edcac613d6eea432c14640bd", 
            "_redacted": false, 
            "groups_allowed": [
                1
            ], 
            "user": 2, 
            "users_allowed": []
        }, 
        "model": "librarian.symbolicdataset", 
        "pk": 3
    }, 
    {
        "fields": {
            "MD5_checksum": "00fd50bfe7ac63e2165a442f4101e05c", 
            "_redacted": false, 
            "groups_allowed": [
                1
            ], 
            "user": 2, 
            "users_allowed": []
        }, 
        "model": "librarian.symbolicdataset", 
        "pk": 4
    }, 
    {
        "fields": {
            "MD5_checksum": "7dc85e11b5c02e434af5bd3b3da9938e", 
            "_redacted": false, 
            "groups_allowed": [
                1
            ], 
            "user": 2, 
            "users_allowed": []
        }, 
        "model": "librarian.symbolicdataset", 
        "pk": 5
    }, 
    {
        "fields": {
            "MD5_checksum": "542676b23e121d16db8d41ccdae65fd1", 
            "_redacted": false, 
            "groups_allowed": [
                1
            ], 
            "user": 2, 
            "users_allowed": []
        }, 
        "model": "librarian.symbolicdataset", 
        "pk": 6
    }, 
    {
        "fields": {
            "MD5_checksum": "56f9e5585b9d699829e2fda931d944f8", 
            "_redacted": false, 
            "groups_allowed": [
                1
            ], 
            "user": 2, 
            "users_allowed": []
        }, 
        "model": "librarian.symbolicdataset", 
        "pk": 7
    }, 
    {
        "fields": {
            "MD5_checksum": "10a4bd15d1300fcaf5a3bdad54ef1d28", 
            "_redacted": false, 
            "groups_allowed": [
                1
            ], 
            "user": 2, 
            "users_allowed": []
        }, 
        "model": "librarian.symbolicdataset", 
        "pk": 8
    }, 
    {
        "fields": {
            "MD5_checksum": "10a4bd15d1300fcaf5a3bdad54ef1d28", 
            "_redacted": false, 
            "groups_allowed": [
                1
            ], 
            "user": 2, 
            "users_allowed": []
        }, 
        "model": "librarian.symbolicdataset", 
        "pk": 9
    }, 
    {
        "fields": {
            "MD5_checksum": "00fd50bfe7ac63e2165a442f4101e05c", 
            "_redacted": false, 
            "groups_allowed": [
                1
            ], 
            "user": 2, 
            "users_allowed": []
        }, 
        "model": "librarian.symbolicdataset", 
        "pk": 10
    }, 
    {
        "fields": {
            "MD5_checksum": "7dc85e11b5c02e434af5bd3b3da9938e", 
            "_redacted": false, 
            "groups_allowed": [
                1
            ], 
            "user": 2, 
            "users_allowed": []
        }, 
        "model": "librarian.symbolicdataset", 
        "pk": 11
    }, 
    {
        "fields": {
            "MD5_checksum": "7dc85e11b5c02e434af5bd3b3da9938e", 
            "_redacted": false, 
            "groups_allowed": [
                1
            ], 
            "user": 2, 
            "users_allowed": []
        }, 
        "model": "librarian.symbolicdataset", 
        "pk": 12
    }, 
    {
        "fields": {
            "MD5_checksum": "56f9e5585b9d699829e2fda931d944f8", 
            "_redacted": false, 
            "groups_allowed": [
                1
            ], 
            "user": 2, 
            "users_allowed": []
        }, 
        "model": "librarian.symbolicdataset", 
        "pk": 13
    }, 
    {
        "fields": {
            "MD5_checksum": "83957f8aea1c75da9f7fbf9bc90da979", 
            "_redacted": false, 
            "groups_allowed": [
                1
            ], 
            "user": 2, 
            "users_allowed": []
        }, 
        "model": "librarian.symbolicdataset", 
        "pk": 14
    }, 
    {
        "fields": {
            "MD5_checksum": "d83866e4c23cd9503aa2f9fc565502b5", 
            "_redacted": false, 
            "groups_allowed": [
                1
            ], 
            "user": 2, 
            "users_allowed": []
        }, 
        "model": "librarian.symbolicdataset", 
        "pk": 15
    }, 
    {
        "fields": {
            "MD5_checksum": "9eab0dfed5fcc89bd581f61995816ef0", 
            "_redacted": false, 
            "groups_allowed": [
                1
            ], 
            "user": 2, 
            "users_allowed": []
        }, 
        "model": "librarian.symbolicdataset", 
        "pk": 16
    }, 
    {
        "fields": {
            "MD5_checksum": "9b55b9431da6dba74ea61edf8e2ac044", 
            "_redacted": false, 
            "groups_allowed": [
                1
            ], 
            "user": 2, 
            "users_allowed": []
        }, 
        "model": "librarian.symbolicdataset", 
        "pk": 17
    }, 
    {
        "fields": {
            "MD5_checksum": "092ef90fe0201f4b002cd200f7754d45", 
            "_redacted": false, 
            "groups_allowed": [
                1
            ], 
            "user": 3, 
            "users_allowed": []
        }, 
        "model": "librarian.symbolicdataset", 
        "pk": 18
    }, 
    {
        "fields": {
            "MD5_checksum": "092ef90fe0201f4b002cd200f7754d45", 
            "_redacted": false, 
            "groups_allowed": [
                1
            ], 
            "user": 3, 
            "users_allowed": []
        }, 
        "model": "librarian.symbolicdataset", 
        "pk": 19
    }, 
    {
        "fields": {
            "MD5_checksum": "092ef90fe0201f4b002cd200f7754d45", 
            "_redacted": false, 
            "groups_allowed": [
                1
            ], 
            "user": 3, 
            "users_allowed": []
        }, 
        "model": "librarian.symbolicdataset", 
        "pk": 20
    }, 
    {
        "fields": {
            "MD5_checksum": "092ef90fe0201f4b002cd200f7754d45", 
            "_redacted": false, 
            "groups_allowed": [
                1
            ], 
            "user": 3, 
            "users_allowed": []
        }, 
        "model": "librarian.symbolicdataset", 
        "pk": 21
    }, 
    {
        "fields": {
            "MD5_checksum": "092ef90fe0201f4b002cd200f7754d45", 
            "_redacted": false, 
            "groups_allowed": [
                1
            ], 
            "user": 3, 
            "users_allowed": []
        }, 
        "model": "librarian.symbolicdataset", 
        "pk": 22
    }, 
    {
        "fields": {
            "MD5_checksum": "092ef90fe0201f4b002cd200f7754d45", 
            "_redacted": false, 
            "groups_allowed": [
                1
            ], 
            "user": 3, 
            "users_allowed": []
        }, 
        "model": "librarian.symbolicdataset", 
        "pk": 23
    }, 
    {
        "fields": {
            "MD5_checksum": "092ef90fe0201f4b002cd200f7754d45", 
            "_redacted": false, 
            "groups_allowed": [
                1
            ], 
            "user": 3, 
            "users_allowed": []
        }, 
        "model": "librarian.symbolicdataset", 
        "pk": 24
    }, 
    {
        "fields": {
            "MD5_checksum": "092ef90fe0201f4b002cd200f7754d45", 
            "_redacted": false, 
            "groups_allowed": [
                1
            ], 
            "user": 3, 
            "users_allowed": []
        }, 
        "model": "librarian.symbolicdataset", 
        "pk": 25
    }, 
    {
        "fields": {
            "MD5_checksum": "092ef90fe0201f4b002cd200f7754d45", 
            "_redacted": false, 
            "groups_allowed": [
                1
            ], 
            "user": 3, 
            "users_allowed": []
        }, 
        "model": "librarian.symbolicdataset", 
        "pk": 26
    }, 
    {
        "fields": {
            "MD5_checksum": "092ef90fe0201f4b002cd200f7754d45", 
            "_redacted": false, 
            "groups_allowed": [
                1
            ], 
            "user": 3, 
            "users_allowed": []
        }, 
        "model": "librarian.symbolicdataset", 
        "pk": 27
    }, 
    {
        "fields": {
            "MD5_checksum": "092ef90fe0201f4b002cd200f7754d45", 
            "_redacted": false, 
            "groups_allowed": [
                1
            ], 
            "user": 3, 
            "users_allowed": []
        }, 
        "model": "librarian.symbolicdataset", 
        "pk": 28
    }, 
    {
        "fields": {
            "MD5_checksum": "092ef90fe0201f4b002cd200f7754d45", 
            "_redacted": false, 
            "groups_allowed": [
                1
            ], 
            "user": 3, 
            "users_allowed": []
        }, 
        "model": "librarian.symbolicdataset", 
        "pk": 29
    }, 
    {
        "fields": {
            "MD5_checksum": "092ef90fe0201f4b002cd200f7754d45", 
            "_redacted": false, 
            "groups_allowed": [
                1
            ], 
            "user": 3, 
            "users_allowed": []
        }, 
        "model": "librarian.symbolicdataset", 
        "pk": 30
    }, 
    {
        "fields": {
            "description": "Just a CR", 
            "filename": "generic_script.py", 
            "groups_allowed": [
                1
            ], 
            "name": "genericCR", 
            "user": 2, 
            "users_allowed": []
        }, 
        "model": "method.coderesource", 
        "pk": 1
    }, 
    {
        "fields": {
            "description": "a script to do nothing", 
            "filename": "noop.sh", 
            "groups_allowed": [
                1
            ], 
            "name": "noop", 
            "user": 3, 
            "users_allowed": []
        }, 
        "model": "method.coderesource", 
        "pk": 2
    }, 
    {
        "fields": {
            "MD5_checksum": "", 
            "coderesource": 1, 
            "content_file": "CodeResources/generic_script.py", 
            "groups_allowed": [
                1
            ], 
            "revision_DateTime": "2015-07-17T23:11:11.051Z", 
            "revision_desc": "desc", 
            "revision_name": "v1", 
            "revision_number": 1, 
            "revision_parent": null, 
            "user": 2, 
            "users_allowed": []
        }, 
        "model": "method.coderesourcerevision", 
        "pk": 1
    }, 
    {
        "fields": {
            "MD5_checksum": "", 
            "coderesource": 2, 
            "content_file": "CodeResources/fdopen", 
            "groups_allowed": [
                1
            ], 
            "revision_DateTime": "2015-07-17T23:11:13.306Z", 
            "revision_desc": "first version", 
            "revision_name": "1", 
            "revision_number": 1, 
            "revision_parent": null, 
            "user": 3, 
            "users_allowed": []
        }, 
        "model": "method.coderesourcerevision", 
        "pk": 2
    }, 
    {
        "fields": {
            "driver": 1, 
            "family": 1, 
            "groups_allowed": [
                1
            ], 
            "reusable": 1, 
            "revision_number": 1, 
            "revision_parent": null, 
            "tainted": false, 
            "threads": 1, 
            "users_allowed": []
        }, 
        "model": "method.method", 
        "pk": 1
    }, 
    {
        "fields": {
            "driver": 1, 
            "family": 1, 
            "groups_allowed": [
                1
            ], 
            "reusable": 1, 
            "revision_number": 2, 
            "revision_parent": null, 
            "tainted": false, 
            "threads": 1, 
            "users_allowed": []
        }, 
        "model": "method.method", 
        "pk": 2
    }, 
    {
        "fields": {
            "driver": 1, 
            "family": 1, 
            "groups_allowed": [
                1
            ], 
            "reusable": 1, 
            "revision_number": 3, 
            "revision_parent": null, 
            "tainted": false, 
            "threads": 1, 
            "users_allowed": []
        }, 
        "model": "method.method", 
        "pk": 3
    }, 
    {
        "fields": {
            "driver": 2, 
            "family": 2, 
            "groups_allowed": [
                1
            ], 
            "reusable": 1, 
            "revision_number": 1, 
            "revision_parent": null, 
            "tainted": false, 
            "threads": 1, 
            "users_allowed": []
        }, 
        "model": "method.method", 
        "pk": 6
    }, 
    {
        "fields": {
            "driver": 2, 
            "family": 3, 
            "groups_allowed": [
                1
            ], 
            "reusable": 1, 
            "revision_number": 1, 
            "revision_parent": null, 
            "tainted": false, 
            "threads": 1, 
            "users_allowed": []
        }, 
        "model": "method.method", 
        "pk": 7
    }, 
    {
        "fields": {
            "driver": 2, 
            "family": 4, 
            "groups_allowed": [
                1
            ], 
            "reusable": 1, 
            "revision_number": 1, 
            "revision_parent": null, 
            "tainted": false, 
            "threads": 1, 
            "users_allowed": []
        }, 
        "model": "method.method", 
        "pk": 8
    }, 
    {
        "fields": {
            "description": "Holds methods A/B/C", 
            "groups_allowed": [
                1
            ], 
            "name": "method_family", 
            "user": 2, 
            "users_allowed": []
        }, 
        "model": "method.methodfamily", 
        "pk": 1
    }, 
    {
        "fields": {
            "description": "a method to do nothing to strings", 
            "groups_allowed": [
                1
            ], 
            "name": "string noop", 
            "user": 3, 
            "users_allowed": []
        }, 
        "model": "method.methodfamily", 
        "pk": 2
    }, 
    {
        "fields": {
            "description": "a TOTALLY DIFFERENT method that TOTALLY does SOMETHING to strings by leaving them alone", 
            "groups_allowed": [
                1
            ], 
            "name": "string trivial", 
            "user": 3, 
            "users_allowed": []
        }, 
        "model": "method.methodfamily", 
        "pk": 3
    }, 
    {
        "fields": {
            "description": "do nothing to raw data", 
            "groups_allowed": [
                1
            ], 
            "name": "raw noop", 
            "user": 3, 
            "users_allowed": []
        }, 
        "model": "method.methodfamily", 
        "pk": 4
    }, 
    {
        "fields": {
            "description": "PF desc", 
            "groups_allowed": [
                1
            ], 
            "name": "Pipeline_family", 
            "user": 2, 
            "users_allowed": []
        }, 
        "model": "pipeline.pipelinefamily", 
        "pk": 1
    }, 
    {
        "fields": {
            "description": "innermost pipeline", 
            "groups_allowed": [
                1
            ], 
            "name": "p_basic", 
            "user": 2, 
            "users_allowed": []
        }, 
        "model": "pipeline.pipelinefamily", 
        "pk": 2
    }, 
    {
        "fields": {
            "description": "second-level pipeline", 
            "groups_allowed": [
                1
            ], 
            "name": "p_sub", 
            "user": 2, 
            "users_allowed": []
        }, 
        "model": "pipeline.pipelinefamily", 
        "pk": 3
    }, 
    {
        "fields": {
            "description": "top-level pipeline", 
            "groups_allowed": [
                1
            ], 
            "name": "p_top", 
            "user": 2, 
            "users_allowed": []
        }, 
        "model": "pipeline.pipelinefamily", 
        "pk": 4
    }, 
    {
        "fields": {
            "family": 1, 
            "groups_allowed": [
                1
            ], 
            "revision_number": 1, 
            "revision_parent": null, 
            "users_allowed": []
        }, 
        "model": "pipeline.pipeline", 
        "pk": 4
    }, 
    {
        "fields": {
            "family": 1, 
            "groups_allowed": [
                1
            ], 
            "revision_number": 2, 
            "revision_parent": null, 
            "users_allowed": []
        }, 
        "model": "pipeline.pipeline", 
        "pk": 5
    }, 
    {
        "fields": {
            "family": 2, 
            "groups_allowed": [
                1
            ], 
            "revision_number": 1, 
            "revision_parent": null, 
            "users_allowed": []
        }, 
        "model": "pipeline.pipeline", 
        "pk": 9
    }, 
    {
        "fields": {
            "family": 3, 
            "groups_allowed": [
                1
            ], 
            "revision_number": 1, 
            "revision_parent": null, 
            "users_allowed": []
        }, 
        "model": "pipeline.pipeline", 
        "pk": 10
    }, 
    {
        "fields": {
            "family": 4, 
            "groups_allowed": [
                1
            ], 
            "revision_number": 1, 
            "revision_parent": null, 
            "users_allowed": []
        }, 
        "model": "pipeline.pipeline", 
        "pk": 11
    }, 
    {
        "fields": {
            "groups_allowed": [
                1
            ], 
            "revision_DateTime": "2015-07-17T23:11:11.066Z", 
            "revision_desc": "A_desc", 
            "revision_name": "mA_name", 
            "user": 2, 
            "users_allowed": []
        }, 
        "model": "transformation.transformation", 
        "pk": 1
    }, 
    {
        "fields": {
            "groups_allowed": [
                1
            ], 
            "revision_DateTime": "2015-07-17T23:11:11.111Z", 
            "revision_desc": "B_desc", 
            "revision_name": "mB_name", 
            "user": 2, 
            "users_allowed": []
        }, 
        "model": "transformation.transformation", 
        "pk": 2
    }, 
    {
        "fields": {
            "groups_allowed": [
                1
            ], 
            "revision_DateTime": "2015-07-17T23:11:11.173Z", 
            "revision_desc": "C_desc", 
            "revision_name": "mC_name", 
            "user": 2, 
            "users_allowed": []
        }, 
        "model": "transformation.transformation", 
        "pk": 3
    }, 
    {
        "fields": {
            "groups_allowed": [
                1
            ], 
            "revision_DateTime": "2015-07-17T23:11:11.264Z", 
            "revision_desc": "D", 
            "revision_name": "pD_name", 
            "user": 2, 
            "users_allowed": []
        }, 
        "model": "transformation.transformation", 
        "pk": 4
    }, 
    {
        "fields": {
            "groups_allowed": [
                1
            ], 
            "revision_DateTime": "2015-07-17T23:11:11.315Z", 
            "revision_desc": "E", 
            "revision_name": "pE_name", 
            "user": 2, 
            "users_allowed": []
        }, 
        "model": "transformation.transformation", 
        "pk": 5
    }, 
    {
        "fields": {
            "groups_allowed": [
                1
            ], 
            "revision_DateTime": "2015-07-17T23:11:13.330Z", 
            "revision_desc": "first version", 
            "revision_name": "v1", 
            "user": 3, 
            "users_allowed": []
        }, 
        "model": "transformation.transformation", 
        "pk": 6
    }, 
    {
        "fields": {
            "groups_allowed": [
                1
            ], 
            "revision_DateTime": "2015-07-17T23:11:13.443Z", 
            "revision_desc": "first version", 
            "revision_name": "v1", 
            "user": 3, 
            "users_allowed": []
        }, 
        "model": "transformation.transformation", 
        "pk": 7
    }, 
    {
        "fields": {
            "groups_allowed": [
                1
            ], 
            "revision_DateTime": "2015-07-17T23:11:13.553Z", 
            "revision_desc": "first version", 
            "revision_name": "v1", 
            "user": 3, 
            "users_allowed": []
        }, 
        "model": "transformation.transformation", 
        "pk": 8
    }, 
    {
        "fields": {
            "groups_allowed": [
                1
            ], 
            "revision_DateTime": "2015-07-17T23:11:13.635Z", 
            "revision_desc": "first version", 
            "revision_name": "v1", 
            "user": 2, 
            "users_allowed": []
        }, 
        "model": "transformation.transformation", 
        "pk": 9
    }, 
    {
        "fields": {
            "groups_allowed": [
                1
            ], 
            "revision_DateTime": "2015-07-17T23:11:14.002Z", 
            "revision_desc": "first version", 
            "revision_name": "v1", 
            "user": 2, 
            "users_allowed": []
        }, 
        "model": "transformation.transformation", 
        "pk": 10
    }, 
    {
        "fields": {
            "groups_allowed": [
                1
            ], 
            "revision_DateTime": "2015-07-17T23:11:14.400Z", 
            "revision_desc": "first version", 
            "revision_name": "v1", 
            "user": 2, 
            "users_allowed": []
        }, 
        "model": "transformation.transformation", 
        "pk": 11
    }, 
    {
        "fields": {
            "end_time": "2015-07-17T23:11:11.839Z", 
            "execlog": null, 
            "start_time": "2015-07-17T23:11:11.781Z", 
            "symbolicdataset": 1, 
            "user": 2
        }, 
        "model": "datachecking.contentchecklog", 
        "pk": 1
    }, 
    {
        "fields": {
            "end_time": "2015-07-17T23:11:11.906Z", 
            "execlog": null, 
            "start_time": "2015-07-17T23:11:11.866Z", 
            "symbolicdataset": 2, 
            "user": 2
        }, 
        "model": "datachecking.contentchecklog", 
        "pk": 2
    }, 
    {
        "fields": {
            "end_time": "2015-07-17T23:11:11.952Z", 
            "execlog": null, 
            "start_time": "2015-07-17T23:11:11.932Z", 
            "symbolicdataset": 3, 
            "user": 2
        }, 
        "model": "datachecking.contentchecklog", 
        "pk": 3
    }, 
    {
        "fields": {
            "end_time": "2015-07-17T23:11:11.996Z", 
            "execlog": null, 
            "start_time": "2015-07-17T23:11:11.976Z", 
            "symbolicdataset": 4, 
            "user": 2
        }, 
        "model": "datachecking.contentchecklog", 
        "pk": 4
    }, 
    {
        "fields": {
            "end_time": "2015-07-17T23:11:12.071Z", 
            "execlog": null, 
            "start_time": "2015-07-17T23:11:12.033Z", 
            "symbolicdataset": 6, 
            "user": 2
        }, 
        "model": "datachecking.contentchecklog", 
        "pk": 5
    }, 
    {
        "fields": {
            "end_time": "2015-07-17T23:11:12.147Z", 
            "execlog": null, 
            "start_time": "2015-07-17T23:11:12.094Z", 
            "symbolicdataset": 7, 
            "user": 2
        }, 
        "model": "datachecking.contentchecklog", 
        "pk": 6
    }, 
    {
        "fields": {
            "end_time": "2015-07-17T23:11:12.209Z", 
            "execlog": null, 
            "start_time": "2015-07-17T23:11:12.171Z", 
            "symbolicdataset": 8, 
            "user": 2
        }, 
        "model": "datachecking.contentchecklog", 
        "pk": 7
    }, 
    {
        "fields": {
            "end_time": "2015-07-17T23:11:12.267Z", 
            "execlog": null, 
            "start_time": "2015-07-17T23:11:12.230Z", 
            "symbolicdataset": 9, 
            "user": 2
        }, 
        "model": "datachecking.contentchecklog", 
        "pk": 8
    }, 
    {
        "fields": {
            "end_time": "2015-07-17T23:11:12.310Z", 
            "execlog": null, 
            "start_time": "2015-07-17T23:11:12.290Z", 
            "symbolicdataset": 10, 
            "user": 2
        }, 
        "model": "datachecking.contentchecklog", 
        "pk": 9
    }, 
    {
        "fields": {
            "end_time": "2015-07-17T23:11:12.414Z", 
            "execlog": null, 
            "start_time": "2015-07-17T23:11:12.359Z", 
            "symbolicdataset": 13, 
            "user": 2
        }, 
        "model": "datachecking.contentchecklog", 
        "pk": 10
    }, 
    {
        "fields": {
            "end_time": "2015-07-17T23:11:12.475Z", 
            "execlog": null, 
            "start_time": "2015-07-17T23:11:12.437Z", 
            "symbolicdataset": 14, 
            "user": 2
        }, 
        "model": "datachecking.contentchecklog", 
        "pk": 11
    }, 
    {
        "fields": {
            "end_time": "2015-07-17T23:11:12.661Z", 
            "execlog": null, 
            "start_time": "2015-07-17T23:11:12.498Z", 
            "symbolicdataset": 15, 
            "user": 2
        }, 
        "model": "datachecking.contentchecklog", 
        "pk": 12
    }, 
    {
        "fields": {
            "end_time": "2015-07-17T23:11:12.802Z", 
            "execlog": null, 
            "start_time": "2015-07-17T23:11:12.685Z", 
            "symbolicdataset": 16, 
            "user": 2
        }, 
        "model": "datachecking.contentchecklog", 
        "pk": 13
    }, 
    {
        "fields": {
            "end_time": "2015-07-17T23:11:12.936Z", 
            "execlog": null, 
            "start_time": "2015-07-17T23:11:12.827Z", 
            "symbolicdataset": 17, 
            "user": 2
        }, 
        "model": "datachecking.contentchecklog", 
        "pk": 14
    }, 
    {
        "fields": {
            "end_time": "2015-07-17T23:11:15.273Z", 
            "execlog": null, 
            "start_time": "2015-07-17T23:11:15.218Z", 
            "symbolicdataset": 18, 
            "user": 3
        }, 
        "model": "datachecking.contentchecklog", 
        "pk": 15
    }, 
    {
        "fields": {
            "end_time": "2015-07-17T23:11:17.544Z", 
            "execlog": 5, 
            "start_time": "2015-07-17T23:11:16.849Z", 
            "symbolicdataset": 19, 
            "user": 3
        }, 
        "model": "datachecking.contentchecklog", 
        "pk": 16
    }, 
    {
        "fields": {
            "end_time": "2015-07-17T23:11:18.961Z", 
            "execlog": 7, 
            "start_time": "2015-07-17T23:11:18.899Z", 
            "symbolicdataset": 20, 
            "user": 3
        }, 
        "model": "datachecking.contentchecklog", 
        "pk": 17
    }, 
    {
        "fields": {
            "end_time": "2015-07-17T23:11:23.316Z", 
            "execlog": 9, 
            "start_time": "2015-07-17T23:11:23.257Z", 
            "symbolicdataset": 21, 
            "user": 3
        }, 
        "model": "datachecking.contentchecklog", 
        "pk": 18
    }, 
    {
        "fields": {
            "end_time": "2015-07-17T23:11:24.817Z", 
            "execlog": 11, 
            "start_time": "2015-07-17T23:11:24.749Z", 
            "symbolicdataset": 22, 
            "user": 3
        }, 
        "model": "datachecking.contentchecklog", 
        "pk": 19
    }, 
    {
        "fields": {
            "end_time": "2015-07-17T23:11:36.303Z", 
            "execlog": 13, 
            "start_time": "2015-07-17T23:11:36.241Z", 
            "symbolicdataset": 23, 
            "user": 3
        }, 
        "model": "datachecking.contentchecklog", 
        "pk": 20
    }, 
    {
        "fields": {
            "end_time": "2015-07-17T23:11:37.858Z", 
            "execlog": 15, 
            "start_time": "2015-07-17T23:11:37.796Z", 
            "symbolicdataset": 24, 
            "user": 3
        }, 
        "model": "datachecking.contentchecklog", 
        "pk": 21
    }, 
    {
        "fields": {
            "end_time": "2015-07-17T23:11:43.026Z", 
            "execlog": 17, 
            "start_time": "2015-07-17T23:11:42.965Z", 
            "symbolicdataset": 25, 
            "user": 3
        }, 
        "model": "datachecking.contentchecklog", 
        "pk": 22
    }, 
    {
        "fields": {
            "end_time": "2015-07-17T23:11:44.607Z", 
            "execlog": 19, 
            "start_time": "2015-07-17T23:11:44.543Z", 
            "symbolicdataset": 26, 
            "user": 3
        }, 
        "model": "datachecking.contentchecklog", 
        "pk": 23
    }, 
    {
        "fields": {
            "end_time": "2015-07-17T23:11:57.822Z", 
            "execlog": 21, 
            "start_time": "2015-07-17T23:11:57.759Z", 
            "symbolicdataset": 27, 
            "user": 3
        }, 
        "model": "datachecking.contentchecklog", 
        "pk": 24
    }, 
    {
        "fields": {
            "end_time": "2015-07-17T23:11:59.486Z", 
            "execlog": 23, 
            "start_time": "2015-07-17T23:11:59.425Z", 
            "symbolicdataset": 28, 
            "user": 3
        }, 
        "model": "datachecking.contentchecklog", 
        "pk": 25
    }, 
    {
        "fields": {
            "end_time": "2015-07-17T23:12:05.301Z", 
            "execlog": 25, 
            "start_time": "2015-07-17T23:12:05.242Z", 
            "symbolicdataset": 29, 
            "user": 3
        }, 
        "model": "datachecking.contentchecklog", 
        "pk": 26
    }, 
    {
        "fields": {
            "end_time": "2015-07-17T23:12:06.952Z", 
            "execlog": 27, 
            "start_time": "2015-07-17T23:12:06.892Z", 
            "symbolicdataset": 30, 
            "user": 3
        }, 
        "model": "datachecking.contentchecklog", 
        "pk": 27
    }, 
    {
        "fields": {
            "end_time": "2015-07-17T23:11:15.551Z", 
            "execlog": 4, 
            "start_time": "2015-07-17T23:11:15.551Z", 
            "symbolicdataset": 18, 
            "user": 3
        }, 
        "model": "datachecking.integritychecklog", 
        "pk": 1
    }, 
    {
        "fields": {
            "end_time": "2015-07-17T23:11:18.209Z", 
            "execlog": 6, 
            "start_time": "2015-07-17T23:11:18.209Z", 
            "symbolicdataset": 19, 
            "user": 3
        }, 
        "model": "datachecking.integritychecklog", 
        "pk": 2
    }, 
    {
        "fields": {
            "end_time": "2015-07-17T23:11:19.674Z", 
            "execlog": 8, 
            "start_time": "2015-07-17T23:11:19.674Z", 
            "symbolicdataset": 20, 
            "user": 3
        }, 
        "model": "datachecking.integritychecklog", 
        "pk": 3
    }, 
    {
        "fields": {
            "end_time": "2015-07-17T23:11:24.009Z", 
            "execlog": 10, 
            "start_time": "2015-07-17T23:11:24.009Z", 
            "symbolicdataset": 21, 
            "user": 3
        }, 
        "model": "datachecking.integritychecklog", 
        "pk": 4
    }, 
    {
        "fields": {
            "end_time": "2015-07-17T23:11:25.524Z", 
            "execlog": 12, 
            "start_time": "2015-07-17T23:11:25.524Z", 
            "symbolicdataset": 22, 
            "user": 3
        }, 
        "model": "datachecking.integritychecklog", 
        "pk": 5
    }, 
    {
        "fields": {
            "end_time": "2015-07-17T23:11:37.019Z", 
            "execlog": 14, 
            "start_time": "2015-07-17T23:11:37.019Z", 
            "symbolicdataset": 23, 
            "user": 3
        }, 
        "model": "datachecking.integritychecklog", 
        "pk": 6
    }, 
    {
        "fields": {
            "end_time": "2015-07-17T23:11:38.558Z", 
            "execlog": 16, 
            "start_time": "2015-07-17T23:11:38.558Z", 
            "symbolicdataset": 24, 
            "user": 3
        }, 
        "model": "datachecking.integritychecklog", 
        "pk": 7
    }, 
    {
        "fields": {
            "end_time": "2015-07-17T23:11:43.720Z", 
            "execlog": 18, 
            "start_time": "2015-07-17T23:11:43.720Z", 
            "symbolicdataset": 25, 
            "user": 3
        }, 
        "model": "datachecking.integritychecklog", 
        "pk": 8
    }, 
    {
        "fields": {
            "end_time": "2015-07-17T23:11:45.309Z", 
            "execlog": 20, 
            "start_time": "2015-07-17T23:11:45.309Z", 
            "symbolicdataset": 26, 
            "user": 3
        }, 
        "model": "datachecking.integritychecklog", 
        "pk": 9
    }, 
    {
        "fields": {
            "end_time": "2015-07-17T23:11:58.546Z", 
            "execlog": 22, 
            "start_time": "2015-07-17T23:11:58.546Z", 
            "symbolicdataset": 27, 
            "user": 3
        }, 
        "model": "datachecking.integritychecklog", 
        "pk": 10
    }, 
    {
        "fields": {
            "end_time": "2015-07-17T23:12:00.174Z", 
            "execlog": 24, 
            "start_time": "2015-07-17T23:12:00.174Z", 
            "symbolicdataset": 28, 
            "user": 3
        }, 
        "model": "datachecking.integritychecklog", 
        "pk": 11
    }, 
    {
        "fields": {
            "end_time": "2015-07-17T23:12:05.978Z", 
            "execlog": 26, 
            "start_time": "2015-07-17T23:12:05.978Z", 
            "symbolicdataset": 29, 
            "user": 3
        }, 
        "model": "datachecking.integritychecklog", 
        "pk": 12
    }, 
    {
        "fields": {
            "end_time": "2015-07-17T23:12:07.649Z", 
            "execlog": 28, 
            "start_time": "2015-07-17T23:12:07.649Z", 
            "symbolicdataset": 30, 
            "user": 3
        }, 
        "model": "datachecking.integritychecklog", 
        "pk": 13
    }
]