[
    {
        "fields": {
            "dataset": 1, 
            "index": 1, 
            "run": 1
        }, 
        "model": "archive.runinput", 
        "pk": 1
    }, 
    {
        "fields": {
            "dataset": 3, 
            "index": 1, 
            "run": 2
        }, 
        "model": "archive.runinput", 
        "pk": 2
    }, 
    {
        "fields": {
            "dataset": 4, 
            "index": 2, 
            "run": 2
        }, 
        "model": "archive.runinput", 
        "pk": 3
    }, 
    {
        "fields": {
            "_redacted": null, 
            "_runcomponentstate": 3, 
            "end_time": "2000-01-01T00:00:33Z", 
            "execrecord": 2, 
            "reused": false, 
            "start_time": "2000-01-01T00:00:31Z"
        }, 
        "model": "archive.runcomponent", 
        "pk": 1
    }, 
    {
        "fields": {
            "_redacted": null, 
            "_runcomponentstate": 3, 
            "end_time": "2000-01-01T00:00:05Z", 
            "execrecord": 1, 
            "reused": false, 
            "start_time": "2000-01-01T00:00:31Z"
        }, 
        "model": "archive.runcomponent", 
        "pk": 2
    }, 
    {
        "fields": {
            "_redacted": null, 
            "_runcomponentstate": 3, 
            "end_time": "2000-01-01T00:00:34Z", 
            "execrecord": 3, 
            "reused": false, 
            "start_time": "2000-01-01T00:00:33Z"
        }, 
        "model": "archive.runcomponent", 
        "pk": 3
    }, 
    {
        "fields": {
            "_redacted": null, 
            "_runcomponentstate": 3, 
            "end_time": "2000-01-01T00:01:12Z", 
            "execrecord": 6, 
            "reused": false, 
            "start_time": "2000-01-01T00:01:09Z"
        }, 
        "model": "archive.runcomponent", 
        "pk": 4
    }, 
    {
        "fields": {
            "_redacted": null, 
            "_runcomponentstate": 3, 
            "end_time": "2000-01-01T00:01:17Z", 
            "execrecord": 8, 
            "reused": false, 
            "start_time": "2000-01-01T00:01:13Z"
        }, 
        "model": "archive.runcomponent", 
        "pk": 5
    }, 
    {
        "fields": {
            "_redacted": null, 
            "_runcomponentstate": 3, 
            "end_time": "2000-01-01T00:01:21Z", 
            "execrecord": 10, 
            "reused": false, 
            "start_time": "2000-01-01T00:01:18Z"
        }, 
        "model": "archive.runcomponent", 
        "pk": 6
    }, 
    {
        "fields": {
            "_redacted": null, 
            "_runcomponentstate": 3, 
            "end_time": "2000-01-01T00:01:27Z", 
            "execrecord": 16, 
            "reused": false, 
            "start_time": "2000-01-01T00:01:21Z"
        }, 
        "model": "archive.runcomponent", 
        "pk": 7
    }, 
    {
        "fields": {
            "_redacted": null, 
            "_runcomponentstate": 3, 
            "end_time": "2000-01-01T00:01:34Z", 
            "execrecord": 20, 
            "reused": false, 
            "start_time": "2000-01-01T00:01:28Z"
        }, 
        "model": "archive.runcomponent", 
        "pk": 8
    }, 
    {
        "fields": {
            "_redacted": null, 
            "_runcomponentstate": 5, 
            "end_time": "2000-01-01T00:01:47Z", 
            "execrecord": 22, 
            "reused": false, 
            "start_time": "2000-01-01T00:00:22Z"
        }, 
        "model": "archive.runcomponent", 
        "pk": 9
    }, 
    {
        "fields": {
            "_redacted": null, 
            "_runcomponentstate": 3, 
            "end_time": "2000-01-01T00:01:10Z", 
            "execrecord": 4, 
            "reused": false, 
            "start_time": "2000-01-01T00:01:09Z"
        }, 
        "model": "archive.runcomponent", 
        "pk": 10
    }, 
    {
        "fields": {
            "_redacted": null, 
            "_runcomponentstate": 3, 
            "end_time": "2000-01-01T00:01:10Z", 
            "execrecord": 5, 
            "reused": false, 
            "start_time": "2000-01-01T00:01:10Z"
        }, 
        "model": "archive.runcomponent", 
        "pk": 11
    }, 
    {
        "fields": {
            "_redacted": null, 
            "_runcomponentstate": 3, 
            "end_time": "2000-01-01T00:01:14Z", 
            "execrecord": 4, 
            "reused": false, 
            "start_time": "2000-01-01T00:01:13Z"
        }, 
        "model": "archive.runcomponent", 
        "pk": 12
    }, 
    {
        "fields": {
            "_redacted": null, 
            "_runcomponentstate": 3, 
            "end_time": "2000-01-01T00:01:14Z", 
            "execrecord": 5, 
            "reused": false, 
            "start_time": "2000-01-01T00:01:13Z"
        }, 
        "model": "archive.runcomponent", 
        "pk": 13
    }, 
    {
        "fields": {
            "_redacted": null, 
            "_runcomponentstate": 3, 
            "end_time": "2000-01-01T00:01:14Z", 
            "execrecord": 7, 
            "reused": false, 
            "start_time": "2000-01-01T00:01:13Z"
        }, 
        "model": "archive.runcomponent", 
        "pk": 14
    }, 
    {
        "fields": {
            "_redacted": null, 
            "_runcomponentstate": 3, 
            "end_time": "2000-01-01T00:01:19Z", 
            "execrecord": 9, 
            "reused": false, 
            "start_time": "2000-01-01T00:01:18Z"
        }, 
        "model": "archive.runcomponent", 
        "pk": 15
    }, 
    {
        "fields": {
            "_redacted": null, 
            "_runcomponentstate": 3, 
            "end_time": "2000-01-01T00:01:22Z", 
            "execrecord": 11, 
            "reused": false, 
            "start_time": "2000-01-01T00:01:18Z"
        }, 
        "model": "archive.runcomponent", 
        "pk": 16
    }, 
    {
        "fields": {
            "_redacted": null, 
            "_runcomponentstate": 3, 
            "end_time": "2000-01-01T00:00:19Z", 
            "execrecord": 12, 
            "reused": false, 
            "start_time": "2000-01-01T00:01:18Z"
        }, 
        "model": "archive.runcomponent", 
        "pk": 17
    }, 
    {
        "fields": {
            "_redacted": null, 
            "_runcomponentstate": 3, 
            "end_time": "2000-01-01T00:01:23Z", 
            "execrecord": 13, 
            "reused": false, 
            "start_time": "2000-01-01T00:01:18Z"
        }, 
        "model": "archive.runcomponent", 
        "pk": 18
    }, 
    {
        "fields": {
            "_redacted": null, 
            "_runcomponentstate": 3, 
            "end_time": "2000-01-01T00:01:24Z", 
            "execrecord": 14, 
            "reused": false, 
            "start_time": "2000-01-01T00:01:18Z"
        }, 
        "model": "archive.runcomponent", 
        "pk": 19
    }, 
    {
        "fields": {
            "_redacted": null, 
            "_runcomponentstate": 3, 
            "end_time": "2000-01-01T00:01:25Z", 
            "execrecord": 15, 
            "reused": false, 
            "start_time": "2000-01-01T00:01:21Z"
        }, 
        "model": "archive.runcomponent", 
        "pk": 20
    }, 
    {
        "fields": {
            "_redacted": null, 
            "_runcomponentstate": 3, 
            "end_time": "2000-01-01T00:01:30Z", 
            "execrecord": 17, 
            "reused": false, 
            "start_time": "2000-01-01T00:01:21Z"
        }, 
        "model": "archive.runcomponent", 
        "pk": 21
    }, 
    {
        "fields": {
            "_redacted": null, 
            "_runcomponentstate": 3, 
            "end_time": "2000-01-01T00:00:22Z", 
            "execrecord": 18, 
            "reused": false, 
            "start_time": "2000-01-01T00:00:18Z"
        }, 
        "model": "archive.runcomponent", 
        "pk": 22
    }, 
    {
        "fields": {
            "_redacted": null, 
            "_runcomponentstate": 3, 
            "end_time": "2000-01-01T00:00:23Z", 
            "execrecord": 9, 
            "reused": false, 
            "start_time": "2000-01-01T00:01:28Z"
        }, 
        "model": "archive.runcomponent", 
        "pk": 23
    }, 
    {
        "fields": {
            "_redacted": null, 
            "_runcomponentstate": 3, 
            "end_time": "2000-01-01T00:01:32Z", 
            "execrecord": 19, 
            "reused": false, 
            "start_time": "2000-01-01T00:00:22Z"
        }, 
        "model": "archive.runcomponent", 
        "pk": 24
    }, 
    {
        "fields": {
            "_redacted": null, 
            "_runcomponentstate": 3, 
            "end_time": "2000-01-01T00:01:35Z", 
            "execrecord": 21, 
            "reused": false, 
            "start_time": "2000-01-01T00:00:22Z"
        }, 
        "model": "archive.runcomponent", 
        "pk": 25
    }, 
    {
        "fields": {
            "_redacted": null, 
            "_runcomponentstate": 4, 
            "end_time": "2000-01-01T00:01:48Z", 
            "execrecord": null, 
            "reused": null, 
            "start_time": "2000-01-01T00:01:29Z"
        }, 
        "model": "archive.runcomponent", 
        "pk": 26
    }, 
    {
        "fields": {
            "_redacted": null, 
            "_runcomponentstate": 4, 
            "end_time": "2000-01-01T00:01:47Z", 
            "execrecord": null, 
            "reused": false, 
            "start_time": "2000-01-01T00:01:29Z"
        }, 
        "model": "archive.runcomponent", 
        "pk": 27
    }, 
    {
        "fields": {
            "_redacted": null, 
            "_runcomponentstate": 4, 
            "end_time": "2000-01-01T00:01:47Z", 
            "execrecord": null, 
            "reused": false, 
            "start_time": "2000-01-01T00:00:22Z"
        }, 
        "model": "archive.runcomponent", 
        "pk": 28
    }, 
    {
        "fields": {
            "_redacted": null, 
            "_runcomponentstate": 4, 
            "end_time": "2000-01-01T00:01:47Z", 
            "execrecord": null, 
            "reused": false, 
            "start_time": "2000-01-01T00:00:22Z"
        }, 
        "model": "archive.runcomponent", 
        "pk": 29
    }, 
    {
        "fields": {
            "_redacted": null, 
            "_runcomponentstate": 4, 
            "end_time": "2000-01-01T00:01:47Z", 
            "execrecord": null, 
            "reused": false, 
            "start_time": "2000-01-01T00:01:34Z"
        }, 
        "model": "archive.runcomponent", 
        "pk": 30
    }, 
    {
        "fields": {
            "_redacted": null, 
            "_runcomponentstate": 4, 
            "end_time": "2000-01-01T00:01:47Z", 
            "execrecord": null, 
            "reused": false, 
            "start_time": "2000-01-01T00:01:34Z"
        }, 
        "model": "archive.runcomponent", 
        "pk": 31
    }, 
    {
        "fields": {
            "pipelinestep": 1, 
            "run": 1
        }, 
        "model": "archive.runstep", 
        "pk": 1
    }, 
    {
        "fields": {
            "pipelinestep": 2, 
            "run": 2
        }, 
        "model": "archive.runstep", 
        "pk": 4
    }, 
    {
        "fields": {
            "pipelinestep": 3, 
            "run": 2
        }, 
        "model": "archive.runstep", 
        "pk": 5
    }, 
    {
        "fields": {
            "pipelinestep": 4, 
            "run": 2
        }, 
        "model": "archive.runstep", 
        "pk": 6
    }, 
    {
        "fields": {
            "pipelinestep": 5, 
            "run": 2
        }, 
        "model": "archive.runstep", 
        "pk": 7
    }, 
    {
        "fields": {
            "pipelinestep": 6, 
            "run": 2
        }, 
        "model": "archive.runstep", 
        "pk": 8
    }, 
    {
        "fields": {
            "pipelinestep": 7, 
            "run": 2
        }, 
        "model": "archive.runstep", 
        "pk": 9
    }, 
    {
        "fields": {
            "PSIC": 1, 
            "dest_runstep": 1
        }, 
        "model": "archive.runsic", 
        "pk": 2
    }, 
    {
        "fields": {
            "PSIC": 3, 
            "dest_runstep": 4
        }, 
        "model": "archive.runsic", 
        "pk": 10
    }, 
    {
        "fields": {
            "PSIC": 4, 
            "dest_runstep": 4
        }, 
        "model": "archive.runsic", 
        "pk": 11
    }, 
    {
        "fields": {
            "PSIC": 5, 
            "dest_runstep": 5
        }, 
        "model": "archive.runsic", 
        "pk": 12
    }, 
    {
        "fields": {
            "PSIC": 6, 
            "dest_runstep": 5
        }, 
        "model": "archive.runsic", 
        "pk": 13
    }, 
    {
        "fields": {
            "PSIC": 7, 
            "dest_runstep": 5
        }, 
        "model": "archive.runsic", 
        "pk": 14
    }, 
    {
        "fields": {
            "PSIC": 8, 
            "dest_runstep": 6
        }, 
        "model": "archive.runsic", 
        "pk": 15
    }, 
    {
        "fields": {
            "PSIC": 9, 
            "dest_runstep": 7
        }, 
        "model": "archive.runsic", 
        "pk": 20
    }, 
    {
        "fields": {
            "PSIC": 10, 
            "dest_runstep": 8
        }, 
        "model": "archive.runsic", 
        "pk": 23
    }, 
    {
        "fields": {
            "PSIC": 11, 
            "dest_runstep": 8
        }, 
        "model": "archive.runsic", 
        "pk": 24
    }, 
    {
        "fields": {
            "PSIC": 12, 
            "dest_runstep": 9
        }, 
        "model": "archive.runsic", 
        "pk": 25
    }, 
    {
        "fields": {
            "pipelineoutputcable": 2, 
            "run": 1
        }, 
        "model": "archive.runoutputcable", 
        "pk": 3
    }, 
    {
        "fields": {
            "pipelineoutputcable": 13, 
            "run": 2
        }, 
        "model": "archive.runoutputcable", 
        "pk": 16
    }, 
    {
        "fields": {
            "pipelineoutputcable": 14, 
            "run": 2
        }, 
        "model": "archive.runoutputcable", 
        "pk": 17
    }, 
    {
        "fields": {
            "pipelineoutputcable": 15, 
            "run": 2
        }, 
        "model": "archive.runoutputcable", 
        "pk": 18
    }, 
    {
        "fields": {
            "pipelineoutputcable": 16, 
            "run": 2
        }, 
        "model": "archive.runoutputcable", 
        "pk": 19
    }, 
    {
        "fields": {
            "pipelineoutputcable": 17, 
            "run": 2
        }, 
        "model": "archive.runoutputcable", 
        "pk": 21
    }, 
    {
        "fields": {
            "pipelineoutputcable": 18, 
            "run": 2
        }, 
        "model": "archive.runoutputcable", 
        "pk": 22
    }, 
    {
        "fields": {
            "pipelineoutputcable": 19, 
            "run": 2
        }, 
        "model": "archive.runoutputcable", 
        "pk": 26
    }, 
    {
        "fields": {
            "pipelineoutputcable": 20, 
            "run": 2
        }, 
        "model": "archive.runoutputcable", 
        "pk": 27
    }, 
    {
        "fields": {
            "pipelineoutputcable": 21, 
            "run": 2
        }, 
        "model": "archive.runoutputcable", 
        "pk": 28
    }, 
    {
        "fields": {
            "pipelineoutputcable": 22, 
            "run": 2
        }, 
        "model": "archive.runoutputcable", 
        "pk": 29
    }, 
    {
        "fields": {
            "pipelineoutputcable": 23, 
            "run": 2
        }, 
        "model": "archive.runoutputcable", 
        "pk": 30
    }, 
    {
        "fields": {
            "pipelineoutputcable": 24, 
            "run": 2
        }, 
        "model": "archive.runoutputcable", 
        "pk": 31
    }, 
    {
        "fields": {
            "end_time": "2000-01-01T00:00:31Z", 
            "invoking_record": 2, 
            "record": 2, 
            "start_time": "2000-01-01T00:00:05Z"
        }, 
        "model": "archive.execlog", 
        "pk": 1
    }, 
    {
        "fields": {
            "end_time": "2000-01-01T00:00:32Z", 
            "invoking_record": 1, 
            "record": 1, 
            "start_time": "2000-01-01T00:00:32Z"
        }, 
        "model": "archive.execlog", 
        "pk": 2
    }, 
    {
        "fields": {
            "end_time": "2000-01-01T00:00:33Z", 
            "invoking_record": 3, 
            "record": 3, 
            "start_time": "2000-01-01T00:00:33Z"
        }, 
        "model": "archive.execlog", 
        "pk": 3
    }, 
    {
        "fields": {
            "end_time": "2000-01-01T00:01:10Z", 
            "invoking_record": 10, 
            "record": 10, 
            "start_time": "2000-01-01T00:01:10Z"
        }, 
        "model": "archive.execlog", 
        "pk": 4
    }, 
    {
        "fields": {
            "end_time": "2000-01-01T00:01:10Z", 
            "invoking_record": 11, 
            "record": 11, 
            "start_time": "2000-01-01T00:01:10Z"
        }, 
        "model": "archive.execlog", 
        "pk": 5
    }, 
    {
        "fields": {
            "end_time": "2000-01-01T00:01:12Z", 
            "invoking_record": 4, 
            "record": 4, 
            "start_time": "2000-01-01T00:01:11Z"
        }, 
        "model": "archive.execlog", 
        "pk": 6
    }, 
    {
        "fields": {
            "end_time": "2000-01-01T00:01:13Z", 
            "invoking_record": 12, 
            "record": 12, 
            "start_time": "2000-01-01T00:01:13Z"
        }, 
        "model": "archive.execlog", 
        "pk": 7
    }, 
    {
        "fields": {
            "end_time": "2000-01-01T00:01:14Z", 
            "invoking_record": 13, 
            "record": 13, 
            "start_time": "2000-01-01T00:01:14Z"
        }, 
        "model": "archive.execlog", 
        "pk": 8
    }, 
    {
        "fields": {
            "end_time": "2000-01-01T00:01:14Z", 
            "invoking_record": 14, 
            "record": 14, 
            "start_time": "2000-01-01T00:01:14Z"
        }, 
        "model": "archive.execlog", 
        "pk": 9
    }, 
    {
        "fields": {
            "end_time": "2000-01-01T00:01:15Z", 
            "invoking_record": 5, 
            "record": 5, 
            "start_time": "2000-01-01T00:00:15Z"
        }, 
        "model": "archive.execlog", 
        "pk": 10
    }, 
    {
        "fields": {
            "end_time": "2000-01-01T00:01:19Z", 
            "invoking_record": 15, 
            "record": 15, 
            "start_time": "2000-01-01T00:01:19Z"
        }, 
        "model": "archive.execlog", 
        "pk": 11
    }, 
    {
        "fields": {
            "end_time": "2000-01-01T00:01:20Z", 
            "invoking_record": 6, 
            "record": 6, 
            "start_time": "2000-01-01T00:01:19Z"
        }, 
        "model": "archive.execlog", 
        "pk": 12
    }, 
    {
        "fields": {
            "end_time": "2000-01-01T00:01:22Z", 
            "invoking_record": 16, 
            "record": 16, 
            "start_time": "2000-01-01T00:01:22Z"
        }, 
        "model": "archive.execlog", 
        "pk": 13
    }, 
    {
        "fields": {
            "end_time": "2000-01-01T00:00:19Z", 
            "invoking_record": 17, 
            "record": 17, 
            "start_time": "2000-01-01T00:00:19Z"
        }, 
        "model": "archive.execlog", 
        "pk": 14
    }, 
    {
        "fields": {
            "end_time": "2000-01-01T00:01:23Z", 
            "invoking_record": 18, 
            "record": 18, 
            "start_time": "2000-01-01T00:01:23Z"
        }, 
        "model": "archive.execlog", 
        "pk": 15
    }, 
    {
        "fields": {
            "end_time": "2000-01-01T00:01:24Z", 
            "invoking_record": 19, 
            "record": 19, 
            "start_time": "2000-01-01T00:01:24Z"
        }, 
        "model": "archive.execlog", 
        "pk": 16
    }, 
    {
        "fields": {
            "end_time": "2000-01-01T00:00:20Z", 
            "invoking_record": 20, 
            "record": 20, 
            "start_time": "2000-01-01T00:00:20Z"
        }, 
        "model": "archive.execlog", 
        "pk": 17
    }, 
    {
        "fields": {
            "end_time": "2000-01-01T00:00:20Z", 
            "invoking_record": 7, 
            "record": 7, 
            "start_time": "2000-01-01T00:01:25Z"
        }, 
        "model": "archive.execlog", 
        "pk": 18
    }, 
    {
        "fields": {
            "end_time": "2000-01-01T00:00:22Z", 
            "invoking_record": 21, 
            "record": 21, 
            "start_time": "2000-01-01T00:00:22Z"
        }, 
        "model": "archive.execlog", 
        "pk": 19
    }, 
    {
        "fields": {
            "end_time": "2000-01-01T00:00:22Z", 
            "invoking_record": 22, 
            "record": 22, 
            "start_time": "2000-01-01T00:00:22Z"
        }, 
        "model": "archive.execlog", 
        "pk": 20
    }, 
    {
        "fields": {
            "end_time": "2000-01-01T00:00:23Z", 
            "invoking_record": 23, 
            "record": 23, 
            "start_time": "2000-01-01T00:00:23Z"
        }, 
        "model": "archive.execlog", 
        "pk": 21
    }, 
    {
        "fields": {
            "end_time": "2000-01-01T00:00:23Z", 
            "invoking_record": 24, 
            "record": 24, 
            "start_time": "2000-01-01T00:00:23Z"
        }, 
        "model": "archive.execlog", 
        "pk": 22
    }, 
    {
        "fields": {
            "end_time": "2000-01-01T00:01:33Z", 
            "invoking_record": 8, 
            "record": 8, 
            "start_time": "2000-01-01T00:00:23Z"
        }, 
        "model": "archive.execlog", 
        "pk": 23
    }, 
    {
        "fields": {
            "end_time": "2000-01-01T00:01:35Z", 
            "invoking_record": 25, 
            "record": 25, 
            "start_time": "2000-01-01T00:01:35Z"
        }, 
        "model": "archive.execlog", 
        "pk": 24
    }, 
    {
        "fields": {
            "end_time": "2000-01-01T00:00:25Z", 
            "invoking_record": 9, 
            "record": 9, 
            "start_time": "2000-01-01T00:01:35Z"
        }, 
        "model": "archive.execlog", 
        "pk": 25
    }, 
    {
        "fields": {
            "are_checksums_OK": true, 
            "code_redacted": false, 
            "error_log": "Logs/step1_stderr.txt", 
            "error_redacted": false, 
            "execlog": 2, 
            "output_log": "Logs/step1_stdout.txt", 
            "output_redacted": false, 
            "return_code": 0
        }, 
        "model": "archive.methodoutput", 
        "pk": 1
    }, 
    {
        "fields": {
            "are_checksums_OK": true, 
            "code_redacted": false, 
            "error_log": "Logs/step1_stderr_kUQqG3J.txt", 
            "error_redacted": false, 
            "execlog": 6, 
            "output_log": "Logs/step1_stdout_Otqg6ew.txt", 
            "output_redacted": false, 
            "return_code": 0
        }, 
        "model": "archive.methodoutput", 
        "pk": 2
    }, 
    {
        "fields": {
            "are_checksums_OK": true, 
            "code_redacted": false, 
            "error_log": "Logs/step2_stderr.txt", 
            "error_redacted": false, 
            "execlog": 10, 
            "output_log": "Logs/step2_stdout.txt", 
            "output_redacted": false, 
            "return_code": 0
        }, 
        "model": "archive.methodoutput", 
        "pk": 3
    }, 
    {
        "fields": {
            "are_checksums_OK": true, 
            "code_redacted": false, 
            "error_log": "Logs/step3_stderr.txt", 
            "error_redacted": false, 
            "execlog": 12, 
            "output_log": "Logs/step3_stdout.txt", 
            "output_redacted": false, 
            "return_code": 0
        }, 
        "model": "archive.methodoutput", 
        "pk": 4
    }, 
    {
        "fields": {
            "are_checksums_OK": true, 
            "code_redacted": false, 
            "error_log": "Logs/step4_stderr.txt", 
            "error_redacted": false, 
            "execlog": 18, 
            "output_log": "Logs/step4_stdout.txt", 
            "output_redacted": false, 
            "return_code": 0
        }, 
        "model": "archive.methodoutput", 
        "pk": 5
    }, 
    {
        "fields": {
            "are_checksums_OK": true, 
            "code_redacted": false, 
            "error_log": "Logs/step5_stderr.txt", 
            "error_redacted": false, 
            "execlog": 23, 
            "output_log": "Logs/step5_stdout.txt", 
            "output_redacted": false, 
            "return_code": 0
        }, 
        "model": "archive.methodoutput", 
        "pk": 6
    }, 
    {
        "fields": {
            "are_checksums_OK": true, 
            "code_redacted": false, 
            "error_log": "Logs/step6_stderr.txt", 
            "error_redacted": false, 
            "execlog": 25, 
            "output_log": "Logs/step6_stdout.txt", 
            "output_redacted": false, 
            "return_code": 1
        }, 
        "model": "archive.methodoutput", 
        "pk": 7
    }, 
    {
        "fields": {
            "generator": 1
        }, 
        "model": "librarian.execrecord", 
        "pk": 1
    }, 
    {
        "fields": {
            "generator": 2
        }, 
        "model": "librarian.execrecord", 
        "pk": 2
    }, 
    {
        "fields": {
            "generator": 3
        }, 
        "model": "librarian.execrecord", 
        "pk": 3
    }, 
    {
        "fields": {
            "generator": 4
        }, 
        "model": "librarian.execrecord", 
        "pk": 4
    }, 
    {
        "fields": {
            "generator": 5
        }, 
        "model": "librarian.execrecord", 
        "pk": 5
    }, 
    {
        "fields": {
            "generator": 6
        }, 
        "model": "librarian.execrecord", 
        "pk": 6
    }, 
    {
        "fields": {
            "generator": 9
        }, 
        "model": "librarian.execrecord", 
        "pk": 7
    }, 
    {
        "fields": {
            "generator": 10
        }, 
        "model": "librarian.execrecord", 
        "pk": 8
    }, 
    {
        "fields": {
            "generator": 11
        }, 
        "model": "librarian.execrecord", 
        "pk": 9
    }, 
    {
        "fields": {
            "generator": 12
        }, 
        "model": "librarian.execrecord", 
        "pk": 10
    }, 
    {
        "fields": {
            "generator": 13
        }, 
        "model": "librarian.execrecord", 
        "pk": 11
    }, 
    {
        "fields": {
            "generator": 14
        }, 
        "model": "librarian.execrecord", 
        "pk": 12
    }, 
    {
        "fields": {
            "generator": 15
        }, 
        "model": "librarian.execrecord", 
        "pk": 13
    }, 
    {
        "fields": {
            "generator": 16
        }, 
        "model": "librarian.execrecord", 
        "pk": 14
    }, 
    {
        "fields": {
            "generator": 17
        }, 
        "model": "librarian.execrecord", 
        "pk": 15
    }, 
    {
        "fields": {
            "generator": 18
        }, 
        "model": "librarian.execrecord", 
        "pk": 16
    }, 
    {
        "fields": {
            "generator": 19
        }, 
        "model": "librarian.execrecord", 
        "pk": 17
    }, 
    {
        "fields": {
            "generator": 20
        }, 
        "model": "librarian.execrecord", 
        "pk": 18
    }, 
    {
        "fields": {
            "generator": 22
        }, 
        "model": "librarian.execrecord", 
        "pk": 19
    }, 
    {
        "fields": {
            "generator": 23
        }, 
        "model": "librarian.execrecord", 
        "pk": 20
    }, 
    {
        "fields": {
            "generator": 24
        }, 
        "model": "librarian.execrecord", 
        "pk": 21
    }, 
    {
        "fields": {
            "generator": 25
        }, 
        "model": "librarian.execrecord", 
        "pk": 22
    }, 
    {
        "fields": {
            "dataset": 1, 
            "execrecord": 1, 
            "generic_input": 3
        }, 
        "model": "librarian.execrecordin", 
        "pk": 1
    }, 
    {
        "fields": {
            "dataset": 1, 
            "execrecord": 2, 
            "generic_input": 1
        }, 
        "model": "librarian.execrecordin", 
        "pk": 2
    }, 
    {
        "fields": {
            "dataset": 2, 
            "execrecord": 3, 
            "generic_input": 2
        }, 
        "model": "librarian.execrecordin", 
        "pk": 3
    }, 
    {
        "fields": {
            "dataset": 3, 
            "execrecord": 4, 
            "generic_input": 34
        }, 
        "model": "librarian.execrecordin", 
        "pk": 4
    }, 
    {
        "fields": {
            "dataset": 4, 
            "execrecord": 5, 
            "generic_input": 35
        }, 
        "model": "librarian.execrecordin", 
        "pk": 5
    }, 
    {
        "fields": {
            "dataset": 3, 
            "execrecord": 6, 
            "generic_input": 5
        }, 
        "model": "librarian.execrecordin", 
        "pk": 6
    }, 
    {
        "fields": {
            "dataset": 4, 
            "execrecord": 6, 
            "generic_input": 6
        }, 
        "model": "librarian.execrecordin", 
        "pk": 7
    }, 
    {
        "fields": {
            "dataset": 5, 
            "execrecord": 7, 
            "generic_input": 7
        }, 
        "model": "librarian.execrecordin", 
        "pk": 8
    }, 
    {
        "fields": {
            "dataset": 3, 
            "execrecord": 8, 
            "generic_input": 8
        }, 
        "model": "librarian.execrecordin", 
        "pk": 9
    }, 
    {
        "fields": {
            "dataset": 4, 
            "execrecord": 8, 
            "generic_input": 9
        }, 
        "model": "librarian.execrecordin", 
        "pk": 10
    }, 
    {
        "fields": {
            "dataset": 5, 
            "execrecord": 8, 
            "generic_input": 10
        }, 
        "model": "librarian.execrecordin", 
        "pk": 11
    }, 
    {
        "fields": {
            "dataset": 6, 
            "execrecord": 9, 
            "generic_input": 11
        }, 
        "model": "librarian.execrecordin", 
        "pk": 12
    }, 
    {
        "fields": {
            "dataset": 6, 
            "execrecord": 10, 
            "generic_input": 16
        }, 
        "model": "librarian.execrecordin", 
        "pk": 13
    }, 
    {
        "fields": {
            "dataset": 7, 
            "execrecord": 11, 
            "generic_input": 12
        }, 
        "model": "librarian.execrecordin", 
        "pk": 14
    }, 
    {
        "fields": {
            "dataset": 8, 
            "execrecord": 12, 
            "generic_input": 13
        }, 
        "model": "librarian.execrecordin", 
        "pk": 15
    }, 
    {
        "fields": {
            "dataset": 9, 
            "execrecord": 13, 
            "generic_input": 14
        }, 
        "model": "librarian.execrecordin", 
        "pk": 16
    }, 
    {
        "fields": {
            "dataset": 10, 
            "execrecord": 14, 
            "generic_input": 15
        }, 
        "model": "librarian.execrecordin", 
        "pk": 17
    }, 
    {
        "fields": {
            "dataset": 11, 
            "execrecord": 15, 
            "generic_input": 17
        }, 
        "model": "librarian.execrecordin", 
        "pk": 18
    }, 
    {
        "fields": {
            "dataset": 11, 
            "execrecord": 16, 
            "generic_input": 20
        }, 
        "model": "librarian.execrecordin", 
        "pk": 19
    }, 
    {
        "fields": {
            "dataset": 12, 
            "execrecord": 17, 
            "generic_input": 18
        }, 
        "model": "librarian.execrecordin", 
        "pk": 20
    }, 
    {
        "fields": {
            "dataset": 13, 
            "execrecord": 18, 
            "generic_input": 19
        }, 
        "model": "librarian.execrecordin", 
        "pk": 21
    }, 
    {
        "fields": {
            "dataset": 14, 
            "execrecord": 19, 
            "generic_input": 21
        }, 
        "model": "librarian.execrecordin", 
        "pk": 22
    }, 
    {
        "fields": {
            "dataset": 6, 
            "execrecord": 20, 
            "generic_input": 27
        }, 
        "model": "librarian.execrecordin", 
        "pk": 23
    }, 
    {
        "fields": {
            "dataset": 14, 
            "execrecord": 20, 
            "generic_input": 28
        }, 
        "model": "librarian.execrecordin", 
        "pk": 24
    }, 
    {
        "fields": {
            "dataset": 15, 
            "execrecord": 21, 
            "generic_input": 22
        }, 
        "model": "librarian.execrecordin", 
        "pk": 25
    }, 
    {
        "fields": {
            "dataset": 15, 
            "execrecord": 22, 
            "generic_input": 31
        }, 
        "model": "librarian.execrecordin", 
        "pk": 26
    }, 
    {
        "fields": {
            "dataset": 1, 
            "execrecord": 1, 
            "generic_output": 1
        }, 
        "model": "librarian.execrecordout", 
        "pk": 1
    }, 
    {
        "fields": {
            "dataset": 2, 
            "execrecord": 2, 
            "generic_output": 2
        }, 
        "model": "librarian.execrecordout", 
        "pk": 2
    }, 
    {
        "fields": {
            "dataset": 2, 
            "execrecord": 3, 
            "generic_output": 4
        }, 
        "model": "librarian.execrecordout", 
        "pk": 3
    }, 
    {
        "fields": {
            "dataset": 3, 
            "execrecord": 4, 
            "generic_output": 5
        }, 
        "model": "librarian.execrecordout", 
        "pk": 4
    }, 
    {
        "fields": {
            "dataset": 4, 
            "execrecord": 5, 
            "generic_output": 6
        }, 
        "model": "librarian.execrecordout", 
        "pk": 5
    }, 
    {
        "fields": {
            "dataset": 5, 
            "execrecord": 6, 
            "generic_output": 7
        }, 
        "model": "librarian.execrecordout", 
        "pk": 6
    }, 
    {
        "fields": {
            "dataset": 5, 
            "execrecord": 7, 
            "generic_output": 10
        }, 
        "model": "librarian.execrecordout", 
        "pk": 7
    }, 
    {
        "fields": {
            "dataset": 6, 
            "execrecord": 8, 
            "generic_output": 11
        }, 
        "model": "librarian.execrecordout", 
        "pk": 8
    }, 
    {
        "fields": {
            "dataset": 7, 
            "execrecord": 8, 
            "generic_output": 12
        }, 
        "model": "librarian.execrecordout", 
        "pk": 9
    }, 
    {
        "fields": {
            "dataset": 8, 
            "execrecord": 8, 
            "generic_output": 13
        }, 
        "model": "librarian.execrecordout", 
        "pk": 10
    }, 
    {
        "fields": {
            "dataset": 9, 
            "execrecord": 8, 
            "generic_output": 14
        }, 
        "model": "librarian.execrecordout", 
        "pk": 11
    }, 
    {
        "fields": {
            "dataset": 10, 
            "execrecord": 8, 
            "generic_output": 15
        }, 
        "model": "librarian.execrecordout", 
        "pk": 12
    }, 
    {
        "fields": {
            "dataset": 6, 
            "execrecord": 9, 
            "generic_output": 16
        }, 
        "model": "librarian.execrecordout", 
        "pk": 13
    }, 
    {
        "fields": {
            "dataset": 11, 
            "execrecord": 10, 
            "generic_output": 17
        }, 
        "model": "librarian.execrecordout", 
        "pk": 14
    }, 
    {
        "fields": {
            "dataset": 12, 
            "execrecord": 10, 
            "generic_output": 18
        }, 
        "model": "librarian.execrecordout", 
        "pk": 15
    }, 
    {
        "fields": {
            "dataset": 13, 
            "execrecord": 10, 
            "generic_output": 19
        }, 
        "model": "librarian.execrecordout", 
        "pk": 16
    }, 
    {
        "fields": {
            "dataset": 7, 
            "execrecord": 11, 
            "generic_output": 49
        }, 
        "model": "librarian.execrecordout", 
        "pk": 17
    }, 
    {
        "fields": {
            "dataset": 8, 
            "execrecord": 12, 
            "generic_output": 48
        }, 
        "model": "librarian.execrecordout", 
        "pk": 18
    }, 
    {
        "fields": {
            "dataset": 9, 
            "execrecord": 13, 
            "generic_output": 47
        }, 
        "model": "librarian.execrecordout", 
        "pk": 19
    }, 
    {
        "fields": {
            "dataset": 10, 
            "execrecord": 14, 
            "generic_output": 46
        }, 
        "model": "librarian.execrecordout", 
        "pk": 20
    }, 
    {
        "fields": {
            "dataset": 11, 
            "execrecord": 15, 
            "generic_output": 20
        }, 
        "model": "librarian.execrecordout", 
        "pk": 21
    }, 
    {
        "fields": {
            "dataset": 14, 
            "execrecord": 16, 
            "generic_output": 21
        }, 
        "model": "librarian.execrecordout", 
        "pk": 22
    }, 
    {
        "fields": {
            "dataset": 15, 
            "execrecord": 16, 
            "generic_output": 22
        }, 
        "model": "librarian.execrecordout", 
        "pk": 23
    }, 
    {
        "fields": {
            "dataset": 16, 
            "execrecord": 16, 
            "generic_output": 23
        }, 
        "model": "librarian.execrecordout", 
        "pk": 24
    }, 
    {
        "fields": {
            "dataset": 17, 
            "execrecord": 16, 
            "generic_output": 24
        }, 
        "model": "librarian.execrecordout", 
        "pk": 25
    }, 
    {
        "fields": {
            "dataset": 18, 
            "execrecord": 16, 
            "generic_output": 25
        }, 
        "model": "librarian.execrecordout", 
        "pk": 26
    }, 
    {
        "fields": {
            "dataset": 19, 
            "execrecord": 16, 
            "generic_output": 26
        }, 
        "model": "librarian.execrecordout", 
        "pk": 27
    }, 
    {
        "fields": {
            "dataset": 12, 
            "execrecord": 17, 
            "generic_output": 45
        }, 
        "model": "librarian.execrecordout", 
        "pk": 28
    }, 
    {
        "fields": {
            "dataset": 13, 
            "execrecord": 18, 
            "generic_output": 44
        }, 
        "model": "librarian.execrecordout", 
        "pk": 29
    }, 
    {
        "fields": {
            "dataset": 14, 
            "execrecord": 19, 
            "generic_output": 28
        }, 
        "model": "librarian.execrecordout", 
        "pk": 30
    }, 
    {
        "fields": {
            "dataset": 20, 
            "execrecord": 20, 
            "generic_output": 29
        }, 
        "model": "librarian.execrecordout", 
        "pk": 31
    }, 
    {
        "fields": {
            "dataset": 21, 
            "execrecord": 20, 
            "generic_output": 30
        }, 
        "model": "librarian.execrecordout", 
        "pk": 32
    }, 
    {
        "fields": {
            "dataset": 15, 
            "execrecord": 21, 
            "generic_output": 31
        }, 
        "model": "librarian.execrecordout", 
        "pk": 33
    }, 
    {
        "fields": {
            "dataset": 22, 
            "execrecord": 22, 
            "generic_output": 32
        }, 
        "model": "librarian.execrecordout", 
        "pk": 34
    }, 
    {
        "fields": {
            "dataset": 23, 
            "execrecord": 22, 
            "generic_output": 33
        }, 
        "model": "librarian.execrecordout", 
        "pk": 35
    }, 
    {
        "fields": {
            "filename": "projects.json", 
            "method": 3, 
            "path": "micall/core", 
            "requirement": 12
        }, 
        "model": "method.methoddependency", 
        "pk": 1
    }, 
    {
        "fields": {
            "filename": "externals.py", 
            "method": 3, 
            "path": "micall/utils", 
            "requirement": 10
        }, 
        "model": "method.methoddependency", 
        "pk": 2
    }, 
    {
        "fields": {
            "filename": "miseq_logging.py", 
            "method": 3, 
            "path": "micall/core", 
            "requirement": 7
        }, 
        "model": "method.methoddependency", 
        "pk": 3
    }, 
    {
        "fields": {
            "filename": "project_scoring.json", 
            "method": 3, 
            "path": "micall/core", 
            "requirement": 16
        }, 
        "model": "method.methoddependency", 
        "pk": 4
    }, 
    {
        "fields": {
            "filename": "project_config.py", 
            "method": 3, 
            "path": "micall/core", 
            "requirement": 15
        }, 
        "model": "method.methoddependency", 
        "pk": 5
    }, 
    {
        "fields": {
            "filename": "__init__.py", 
            "method": 3, 
            "path": "micall/utils", 
            "requirement": 3
        }, 
        "model": "method.methoddependency", 
        "pk": 6
    }, 
    {
        "fields": {
            "filename": "__init__.py", 
            "method": 3, 
            "path": "micall/core", 
            "requirement": 3
        }, 
        "model": "method.methoddependency", 
        "pk": 7
    }, 
    {
        "fields": {
            "filename": "__init__.py", 
            "method": 3, 
            "path": "micall", 
            "requirement": 3
        }, 
        "model": "method.methoddependency", 
        "pk": 8
    }, 
    {
        "fields": {
            "filename": "prelim_map.py", 
            "method": 4, 
            "path": "micall/core", 
            "requirement": 2
        }, 
        "model": "method.methoddependency", 
        "pk": 9
    }, 
    {
        "fields": {
            "filename": "translation.py", 
            "method": 4, 
            "path": "micall/utils", 
            "requirement": 8
        }, 
        "model": "method.methoddependency", 
        "pk": 10
    }, 
    {
        "fields": {
            "filename": "projects.json", 
            "method": 4, 
            "path": "micall/core", 
            "requirement": 12
        }, 
        "model": "method.methoddependency", 
        "pk": 11
    }, 
    {
        "fields": {
            "filename": "externals.py", 
            "method": 4, 
            "path": "micall/utils", 
            "requirement": 10
        }, 
        "model": "method.methoddependency", 
        "pk": 12
    }, 
    {
        "fields": {
            "filename": "project_config.py", 
            "method": 4, 
            "path": "micall/core", 
            "requirement": 15
        }, 
        "model": "method.methoddependency", 
        "pk": 13
    }, 
    {
        "fields": {
            "filename": "sam2aln.py", 
            "method": 4, 
            "path": "micall/core", 
            "requirement": 5
        }, 
        "model": "method.methoddependency", 
        "pk": 14
    }, 
    {
        "fields": {
            "filename": "miseq_logging.py", 
            "method": 4, 
            "path": "micall/core", 
            "requirement": 7
        }, 
        "model": "method.methoddependency", 
        "pk": 15
    }, 
    {
        "fields": {
            "filename": "project_scoring.json", 
            "method": 4, 
            "path": "micall/core", 
            "requirement": 16
        }, 
        "model": "method.methoddependency", 
        "pk": 16
    }, 
    {
        "fields": {
            "filename": "__init__.py", 
            "method": 4, 
            "path": "micall/utils", 
            "requirement": 3
        }, 
        "model": "method.methoddependency", 
        "pk": 17
    }, 
    {
        "fields": {
            "filename": "__init__.py", 
            "method": 4, 
            "path": "micall/core", 
            "requirement": 3
        }, 
        "model": "method.methoddependency", 
        "pk": 18
    }, 
    {
        "fields": {
            "filename": "__init__.py", 
            "method": 4, 
            "path": "micall", 
            "requirement": 3
        }, 
        "model": "method.methoddependency", 
        "pk": 19
    }, 
    {
        "fields": {
            "filename": "projects.json", 
            "method": 6, 
            "path": "micall/core", 
            "requirement": 12
        }, 
        "model": "method.methoddependency", 
        "pk": 20
    }, 
    {
        "fields": {
            "filename": "translation.py", 
            "method": 6, 
            "path": "micall/utils", 
            "requirement": 8
        }, 
        "model": "method.methoddependency", 
        "pk": 21
    }, 
    {
        "fields": {
            "filename": "miseq_logging.py", 
            "method": 6, 
            "path": "micall/core", 
            "requirement": 7
        }, 
        "model": "method.methoddependency", 
        "pk": 22
    }, 
    {
        "fields": {
            "filename": "project_scoring.json", 
            "method": 6, 
            "path": "micall/core", 
            "requirement": 16
        }, 
        "model": "method.methoddependency", 
        "pk": 23
    }, 
    {
        "fields": {
            "filename": "project_config.py", 
            "method": 6, 
            "path": "micall/core", 
            "requirement": 15
        }, 
        "model": "method.methoddependency", 
        "pk": 24
    }, 
    {
        "fields": {
            "filename": "__init__.py", 
            "method": 6, 
            "path": "micall/utils", 
            "requirement": 3
        }, 
        "model": "method.methoddependency", 
        "pk": 25
    }, 
    {
        "fields": {
            "filename": "__init__.py", 
            "method": 6, 
            "path": "micall/core", 
            "requirement": 3
        }, 
        "model": "method.methoddependency", 
        "pk": 26
    }, 
    {
        "fields": {
            "filename": "__init__.py", 
            "method": 6, 
            "path": "micall", 
            "requirement": 3
        }, 
        "model": "method.methoddependency", 
        "pk": 27
    }, 
    {
        "fields": {
            "filename": "sam2aln.py", 
            "method": 7, 
            "path": "micall/core", 
            "requirement": 5
        }, 
        "model": "method.methoddependency", 
        "pk": 28
    }, 
    {
        "fields": {
            "filename": "pssm_lib.py", 
            "method": 7, 
            "path": "micall/g2p", 
            "requirement": 4
        }, 
        "model": "method.methoddependency", 
        "pk": 29
    }, 
    {
        "fields": {
            "filename": "translation.py", 
            "method": 7, 
            "path": "micall/utils", 
            "requirement": 8
        }, 
        "model": "method.methoddependency", 
        "pk": 30
    }, 
    {
        "fields": {
            "filename": "g2p.matrix", 
            "method": 7, 
            "path": "micall/g2p", 
            "requirement": 14
        }, 
        "model": "method.methoddependency", 
        "pk": 31
    }, 
    {
        "fields": {
            "filename": "g2p_fpr.txt", 
            "method": 7, 
            "path": "micall/g2p", 
            "requirement": 17
        }, 
        "model": "method.methoddependency", 
        "pk": 32
    }, 
    {
        "fields": {
            "filename": "__init__.py", 
            "method": 7, 
            "path": "micall/g2p", 
            "requirement": 3
        }, 
        "model": "method.methoddependency", 
        "pk": 33
    }, 
    {
        "fields": {
            "filename": "__init__.py", 
            "method": 7, 
            "path": "micall/utils", 
            "requirement": 3
        }, 
        "model": "method.methoddependency", 
        "pk": 34
    }, 
    {
        "fields": {
            "filename": "__init__.py", 
            "method": 7, 
            "path": "micall/core", 
            "requirement": 3
        }, 
        "model": "method.methoddependency", 
        "pk": 35
    }, 
    {
        "fields": {
            "filename": "__init__.py", 
            "method": 7, 
            "path": "micall", 
            "requirement": 3
        }, 
        "model": "method.methoddependency", 
        "pk": 36
    }, 
    {
        "fields": {
            "filename": "translation.py", 
            "method": 8, 
            "path": "micall/utils", 
            "requirement": 8
        }, 
        "model": "method.methoddependency", 
        "pk": 37
    }, 
    {
        "fields": {
            "filename": "projects.json", 
            "method": 8, 
            "path": "micall/core", 
            "requirement": 12
        }, 
        "model": "method.methoddependency", 
        "pk": 38
    }, 
    {
        "fields": {
            "filename": "miseq_logging.py", 
            "method": 8, 
            "path": "micall/core", 
            "requirement": 7
        }, 
        "model": "method.methoddependency", 
        "pk": 39
    }, 
    {
        "fields": {
            "filename": "aln2counts.py", 
            "method": 8, 
            "path": "micall/core", 
            "requirement": 6
        }, 
        "model": "method.methoddependency", 
        "pk": 40
    }, 
    {
        "fields": {
            "filename": "project_config.py", 
            "method": 8, 
            "path": "micall/core", 
            "requirement": 15
        }, 
        "model": "method.methoddependency", 
        "pk": 41
    }, 
    {
        "fields": {
            "filename": "project_scoring.json", 
            "method": 8, 
            "path": "micall/core", 
            "requirement": 16
        }, 
        "model": "method.methoddependency", 
        "pk": 42
    }, 
    {
        "fields": {
            "filename": "__init__.py", 
            "method": 8, 
            "path": "micall/utils", 
            "requirement": 3
        }, 
        "model": "method.methoddependency", 
        "pk": 43
    }, 
    {
        "fields": {
            "filename": "__init__.py", 
            "method": 8, 
            "path": "micall/core", 
            "requirement": 3
        }, 
        "model": "method.methoddependency", 
        "pk": 44
    }, 
    {
        "fields": {
            "filename": "__init__.py", 
            "method": 8, 
            "path": "micall", 
            "requirement": 3
        }, 
        "model": "method.methoddependency", 
        "pk": 45
    }, 
    {
        "fields": {
            "fill_colour": "", 
            "name": "sums_and_products", 
            "outputs_to_delete": [], 
            "pipeline": 2, 
            "step_num": 1, 
            "transformation": 1, 
            "x": 0.5, 
            "y": 0.5
        }, 
        "model": "pipeline.pipelinestep", 
        "pk": 1
    }, 
    {
        "fields": {
            "fill_colour": "", 
            "name": "prelim", 
            "outputs_to_delete": [], 
            "pipeline": 9, 
            "step_num": 1, 
            "transformation": 3, 
            "x": 0.3, 
            "y": 0.3
        }, 
        "model": "pipeline.pipelinestep", 
        "pk": 2
    }, 
    {
        "fields": {
            "fill_colour": "", 
            "name": "remap", 
            "outputs_to_delete": [], 
            "pipeline": 9, 
            "step_num": 2, 
            "transformation": 4, 
            "x": 0.4, 
            "y": 0.4
        }, 
        "model": "pipeline.pipelinestep", 
        "pk": 3
    }, 
    {
        "fields": {
            "fill_colour": "", 
            "name": "sam2aln", 
            "outputs_to_delete": [], 
            "pipeline": 9, 
            "step_num": 3, 
            "transformation": 5, 
            "x": 0.5, 
            "y": 0.5
        }, 
        "model": "pipeline.pipelinestep", 
        "pk": 4
    }, 
    {
        "fields": {
            "fill_colour": "", 
            "name": "aln2counts", 
            "outputs_to_delete": [], 
            "pipeline": 9, 
            "step_num": 4, 
            "transformation": 6, 
            "x": 0.6, 
            "y": 0.6
        }, 
        "model": "pipeline.pipelinestep", 
        "pk": 5
    }, 
    {
        "fields": {
            "fill_colour": "", 
            "name": "sam_g2p", 
            "outputs_to_delete": [], 
            "pipeline": 9, 
            "step_num": 5, 
            "transformation": 7, 
            "x": 0.7, 
            "y": 0.7
        }, 
        "model": "pipeline.pipelinestep", 
        "pk": 6
    }, 
    {
        "fields": {
            "fill_colour": "", 
            "name": "coverage_plots", 
            "outputs_to_delete": [], 
            "pipeline": 9, 
            "step_num": 6, 
            "transformation": 8, 
            "x": 0.8, 
            "y": 0.8
        }, 
        "model": "pipeline.pipelinestep", 
        "pk": 7
    }, 
    {
        "fields": {}, 
        "model": "pipeline.pipelinecable", 
        "pk": 1
    }, 
    {
        "fields": {}, 
        "model": "pipeline.pipelinecable", 
        "pk": 2
    }, 
    {
        "fields": {}, 
        "model": "pipeline.pipelinecable", 
        "pk": 3
    }, 
    {
        "fields": {}, 
        "model": "pipeline.pipelinecable", 
        "pk": 4
    }, 
    {
        "fields": {}, 
        "model": "pipeline.pipelinecable", 
        "pk": 5
    }, 
    {
        "fields": {}, 
        "model": "pipeline.pipelinecable", 
        "pk": 6
    }, 
    {
        "fields": {}, 
        "model": "pipeline.pipelinecable", 
        "pk": 7
    }, 
    {
        "fields": {}, 
        "model": "pipeline.pipelinecable", 
        "pk": 8
    }, 
    {
        "fields": {}, 
        "model": "pipeline.pipelinecable", 
        "pk": 9
    }, 
    {
        "fields": {}, 
        "model": "pipeline.pipelinecable", 
        "pk": 10
    }, 
    {
        "fields": {}, 
        "model": "pipeline.pipelinecable", 
        "pk": 11
    }, 
    {
        "fields": {}, 
        "model": "pipeline.pipelinecable", 
        "pk": 12
    }, 
    {
        "fields": {}, 
        "model": "pipeline.pipelinecable", 
        "pk": 13
    }, 
    {
        "fields": {}, 
        "model": "pipeline.pipelinecable", 
        "pk": 14
    }, 
    {
        "fields": {}, 
        "model": "pipeline.pipelinecable", 
        "pk": 15
    }, 
    {
        "fields": {}, 
        "model": "pipeline.pipelinecable", 
        "pk": 16
    }, 
    {
        "fields": {}, 
        "model": "pipeline.pipelinecable", 
        "pk": 17
    }, 
    {
        "fields": {}, 
        "model": "pipeline.pipelinecable", 
        "pk": 18
    }, 
    {
        "fields": {}, 
        "model": "pipeline.pipelinecable", 
        "pk": 19
    }, 
    {
        "fields": {}, 
        "model": "pipeline.pipelinecable", 
        "pk": 20
    }, 
    {
        "fields": {}, 
        "model": "pipeline.pipelinecable", 
        "pk": 21
    }, 
    {
        "fields": {}, 
        "model": "pipeline.pipelinecable", 
        "pk": 22
    }, 
    {
        "fields": {}, 
        "model": "pipeline.pipelinecable", 
        "pk": 23
    }, 
    {
        "fields": {}, 
        "model": "pipeline.pipelinecable", 
        "pk": 24
    }, 
    {
        "fields": {}, 
        "model": "pipeline.pipelinecable", 
        "pk": 25
    }, 
    {
        "fields": {}, 
        "model": "pipeline.pipelinecable", 
        "pk": 26
    }, 
    {
        "fields": {
            "dest": 1, 
            "keep_output": false, 
            "pipelinestep": 1, 
            "source": 3, 
            "source_step": 0
        }, 
        "model": "pipeline.pipelinestepinputcable", 
        "pk": 1
    }, 
    {
        "fields": {
            "dest": 5, 
            "keep_output": false, 
            "pipelinestep": 2, 
            "source": 34, 
            "source_step": 0
        }, 
        "model": "pipeline.pipelinestepinputcable", 
        "pk": 3
    }, 
    {
        "fields": {
            "dest": 6, 
            "keep_output": false, 
            "pipelinestep": 2, 
            "source": 35, 
            "source_step": 0
        }, 
        "model": "pipeline.pipelinestepinputcable", 
        "pk": 4
    }, 
    {
        "fields": {
            "dest": 8, 
            "keep_output": false, 
            "pipelinestep": 3, 
            "source": 34, 
            "source_step": 0
        }, 
        "model": "pipeline.pipelinestepinputcable", 
        "pk": 5
    }, 
    {
        "fields": {
            "dest": 9, 
            "keep_output": false, 
            "pipelinestep": 3, 
            "source": 35, 
            "source_step": 0
        }, 
        "model": "pipeline.pipelinestepinputcable", 
        "pk": 6
    }, 
    {
        "fields": {
            "dest": 10, 
            "keep_output": false, 
            "pipelinestep": 3, 
            "source": 7, 
            "source_step": 1
        }, 
        "model": "pipeline.pipelinestepinputcable", 
        "pk": 7
    }, 
    {
        "fields": {
            "dest": 16, 
            "keep_output": false, 
            "pipelinestep": 4, 
            "source": 11, 
            "source_step": 2
        }, 
        "model": "pipeline.pipelinestepinputcable", 
        "pk": 8
    }, 
    {
        "fields": {
            "dest": 20, 
            "keep_output": false, 
            "pipelinestep": 5, 
            "source": 17, 
            "source_step": 3
        }, 
        "model": "pipeline.pipelinestepinputcable", 
        "pk": 9
    }, 
    {
        "fields": {
            "dest": 27, 
            "keep_output": false, 
            "pipelinestep": 6, 
            "source": 11, 
            "source_step": 2
        }, 
        "model": "pipeline.pipelinestepinputcable", 
        "pk": 10
    }, 
    {
        "fields": {
            "dest": 28, 
            "keep_output": false, 
            "pipelinestep": 6, 
            "source": 21, 
            "source_step": 4
        }, 
        "model": "pipeline.pipelinestepinputcable", 
        "pk": 11
    }, 
    {
        "fields": {
            "dest": 31, 
            "keep_output": false, 
            "pipelinestep": 7, 
            "source": 22, 
            "source_step": 4
        }, 
        "model": "pipeline.pipelinestepinputcable", 
        "pk": 12
    }, 
    {
        "fields": {
            "output_cdt": null, 
            "output_idx": 1, 
            "output_name": "sums_and_products", 
            "pipeline": 2, 
            "source": 2, 
            "source_step": 1
        }, 
        "model": "pipeline.pipelineoutputcable", 
        "pk": 2
    }, 
    {
        "fields": {
            "output_cdt": null, 
            "output_idx": 1, 
            "output_name": "remap_counts", 
            "pipeline": 9, 
            "source": 12, 
            "source_step": 2
        }, 
        "model": "pipeline.pipelineoutputcable", 
        "pk": 13
    }, 
    {
        "fields": {
            "output_cdt": null, 
            "output_idx": 2, 
            "output_name": "remap_conseq", 
            "pipeline": 9, 
            "source": 13, 
            "source_step": 2
        }, 
        "model": "pipeline.pipelineoutputcable", 
        "pk": 14
    }, 
    {
        "fields": {
            "output_cdt": null, 
            "output_idx": 3, 
            "output_name": "unmappedfor", 
            "pipeline": 9, 
            "source": 14, 
            "source_step": 2
        }, 
        "model": "pipeline.pipelineoutputcable", 
        "pk": 15
    }, 
    {
        "fields": {
            "output_cdt": null, 
            "output_idx": 4, 
            "output_name": "unmappedrev", 
            "pipeline": 9, 
            "source": 15, 
            "source_step": 2
        }, 
        "model": "pipeline.pipelineoutputcable", 
        "pk": 16
    }, 
    {
        "fields": {
            "output_cdt": null, 
            "output_idx": 5, 
            "output_name": "conseq_insertions", 
            "pipeline": 9, 
            "source": 18, 
            "source_step": 3
        }, 
        "model": "pipeline.pipelineoutputcable", 
        "pk": 17
    }, 
    {
        "fields": {
            "output_cdt": null, 
            "output_idx": 6, 
            "output_name": "failed_read", 
            "pipeline": 9, 
            "source": 19, 
            "source_step": 3
        }, 
        "model": "pipeline.pipelineoutputcable", 
        "pk": 18
    }, 
    {
        "fields": {
            "output_cdt": null, 
            "output_idx": 7, 
            "output_name": "coord_ins", 
            "pipeline": 9, 
            "source": 23, 
            "source_step": 4
        }, 
        "model": "pipeline.pipelineoutputcable", 
        "pk": 19
    }, 
    {
        "fields": {
            "output_cdt": null, 
            "output_idx": 8, 
            "output_name": "conseq", 
            "pipeline": 9, 
            "source": 24, 
            "source_step": 4
        }, 
        "model": "pipeline.pipelineoutputcable", 
        "pk": 20
    }, 
    {
        "fields": {
            "output_cdt": null, 
            "output_idx": 9, 
            "output_name": "failed_align", 
            "pipeline": 9, 
            "source": 25, 
            "source_step": 4
        }, 
        "model": "pipeline.pipelineoutputcable", 
        "pk": 21
    }, 
    {
        "fields": {
            "output_cdt": null, 
            "output_idx": 10, 
            "output_name": "nuc_variants", 
            "pipeline": 9, 
            "source": 26, 
            "source_step": 4
        }, 
        "model": "pipeline.pipelineoutputcable", 
        "pk": 22
    }, 
    {
        "fields": {
            "output_cdt": null, 
            "output_idx": 11, 
            "output_name": "g2p", 
            "pipeline": 9, 
            "source": 29, 
            "source_step": 5
        }, 
        "model": "pipeline.pipelineoutputcable", 
        "pk": 23
    }, 
    {
        "fields": {
            "output_cdt": null, 
            "output_idx": 12, 
            "output_name": "g2p_summary", 
            "pipeline": 9, 
            "source": 30, 
            "source_step": 5
        }, 
        "model": "pipeline.pipelineoutputcable", 
        "pk": 24
    }, 
    {
        "fields": {
            "output_cdt": null, 
            "output_idx": 13, 
            "output_name": "coverage_scores_csv", 
            "pipeline": 9, 
            "source": 32, 
            "source_step": 6
        }, 
        "model": "pipeline.pipelineoutputcable", 
        "pk": 25
    }, 
    {
        "fields": {
            "output_cdt": null, 
            "output_idx": 14, 
            "output_name": "coverage_maps_tar", 
            "pipeline": 9, 
            "source": 33, 
            "source_step": 6
        }, 
        "model": "pipeline.pipelineoutputcable", 
        "pk": 26
    }, 
    {
        "fields": {
            "x": 0.0, 
            "y": 0.0
        }, 
        "model": "transformation.transformationxput", 
        "pk": 1
    }, 
    {
        "fields": {
            "x": 0.0, 
            "y": 0.0
        }, 
        "model": "transformation.transformationxput", 
        "pk": 2
    }, 
    {
        "fields": {
            "x": 0.25, 
            "y": 0.25
        }, 
        "model": "transformation.transformationxput", 
        "pk": 3
    }, 
    {
        "fields": {
            "x": 0.75, 
            "y": 0.75
        }, 
        "model": "transformation.transformationxput", 
        "pk": 4
    }, 
    {
        "fields": {
            "x": 0.0, 
            "y": 0.0
        }, 
        "model": "transformation.transformationxput", 
        "pk": 5
    }, 
    {
        "fields": {
            "x": 0.0, 
            "y": 0.0
        }, 
        "model": "transformation.transformationxput", 
        "pk": 6
    }, 
    {
        "fields": {
            "x": 0.0, 
            "y": 0.0
        }, 
        "model": "transformation.transformationxput", 
        "pk": 7
    }, 
    {
        "fields": {
            "x": 0.0, 
            "y": 0.0
        }, 
        "model": "transformation.transformationxput", 
        "pk": 8
    }, 
    {
        "fields": {
            "x": 0.0, 
            "y": 0.0
        }, 
        "model": "transformation.transformationxput", 
        "pk": 9
    }, 
    {
        "fields": {
            "x": 0.0, 
            "y": 0.0
        }, 
        "model": "transformation.transformationxput", 
        "pk": 10
    }, 
    {
        "fields": {
            "x": 0.0, 
            "y": 0.0
        }, 
        "model": "transformation.transformationxput", 
        "pk": 11
    }, 
    {
        "fields": {
            "x": 0.0, 
            "y": 0.0
        }, 
        "model": "transformation.transformationxput", 
        "pk": 12
    }, 
    {
        "fields": {
            "x": 0.0, 
            "y": 0.0
        }, 
        "model": "transformation.transformationxput", 
        "pk": 13
    }, 
    {
        "fields": {
            "x": 0.0, 
            "y": 0.0
        }, 
        "model": "transformation.transformationxput", 
        "pk": 14
    }, 
    {
        "fields": {
            "x": 0.0, 
            "y": 0.0
        }, 
        "model": "transformation.transformationxput", 
        "pk": 15
    }, 
    {
        "fields": {
            "x": 0.0, 
            "y": 0.0
        }, 
        "model": "transformation.transformationxput", 
        "pk": 16
    }, 
    {
        "fields": {
            "x": 0.0, 
            "y": 0.0
        }, 
        "model": "transformation.transformationxput", 
        "pk": 17
    }, 
    {
        "fields": {
            "x": 0.0, 
            "y": 0.0
        }, 
        "model": "transformation.transformationxput", 
        "pk": 18
    }, 
    {
        "fields": {
            "x": 0.0, 
            "y": 0.0
        }, 
        "model": "transformation.transformationxput", 
        "pk": 19
    }, 
    {
        "fields": {
            "x": 0.0, 
            "y": 0.0
        }, 
        "model": "transformation.transformationxput", 
        "pk": 20
    }, 
    {
        "fields": {
            "x": 0.0, 
            "y": 0.0
        }, 
        "model": "transformation.transformationxput", 
        "pk": 21
    }, 
    {
        "fields": {
            "x": 0.0, 
            "y": 0.0
        }, 
        "model": "transformation.transformationxput", 
        "pk": 22
    }, 
    {
        "fields": {
            "x": 0.0, 
            "y": 0.0
        }, 
        "model": "transformation.transformationxput", 
        "pk": 23
    }, 
    {
        "fields": {
            "x": 0.0, 
            "y": 0.0
        }, 
        "model": "transformation.transformationxput", 
        "pk": 24
    }, 
    {
        "fields": {
            "x": 0.0, 
            "y": 0.0
        }, 
        "model": "transformation.transformationxput", 
        "pk": 25
    }, 
    {
        "fields": {
            "x": 0.0, 
            "y": 0.0
        }, 
        "model": "transformation.transformationxput", 
        "pk": 26
    }, 
    {
        "fields": {
            "x": 0.0, 
            "y": 0.0
        }, 
        "model": "transformation.transformationxput", 
        "pk": 27
    }, 
    {
        "fields": {
            "x": 0.0, 
            "y": 0.0
        }, 
        "model": "transformation.transformationxput", 
        "pk": 28
    }, 
    {
        "fields": {
            "x": 0.0, 
            "y": 0.0
        }, 
        "model": "transformation.transformationxput", 
        "pk": 29
    }, 
    {
        "fields": {
            "x": 0.0, 
            "y": 0.0
        }, 
        "model": "transformation.transformationxput", 
        "pk": 30
    }, 
    {
        "fields": {
            "x": 0.0, 
            "y": 0.0
        }, 
        "model": "transformation.transformationxput", 
        "pk": 31
    }, 
    {
        "fields": {
            "x": 0.0, 
            "y": 0.0
        }, 
        "model": "transformation.transformationxput", 
        "pk": 32
    }, 
    {
        "fields": {
            "x": 0.0, 
            "y": 0.0
        }, 
        "model": "transformation.transformationxput", 
        "pk": 33
    }, 
    {
        "fields": {
            "x": 0.1, 
            "y": 0.1
        }, 
        "model": "transformation.transformationxput", 
        "pk": 34
    }, 
    {
        "fields": {
            "x": 0.2, 
            "y": 0.2
        }, 
        "model": "transformation.transformationxput", 
        "pk": 35
    }, 
    {
        "fields": {
            "x": 0.95, 
            "y": 0.9
        }, 
        "model": "transformation.transformationxput", 
        "pk": 36
    }, 
    {
        "fields": {
            "x": 0.9, 
            "y": 0.9
        }, 
        "model": "transformation.transformationxput", 
        "pk": 37
    }, 
    {
        "fields": {
            "x": 0.85, 
            "y": 0.9
        }, 
        "model": "transformation.transformationxput", 
        "pk": 38
    }, 
    {
        "fields": {
            "x": 0.8, 
            "y": 0.9
        }, 
        "model": "transformation.transformationxput", 
        "pk": 39
    }, 
    {
        "fields": {
            "x": 0.75, 
            "y": 0.9
        }, 
        "model": "transformation.transformationxput", 
        "pk": 40
    }, 
    {
        "fields": {
            "x": 0.7, 
            "y": 0.9
        }, 
        "model": "transformation.transformationxput", 
        "pk": 41
    }, 
    {
        "fields": {
            "x": 0.65, 
            "y": 0.9
        }, 
        "model": "transformation.transformationxput", 
        "pk": 42
    }, 
    {
        "fields": {
            "x": 0.6, 
            "y": 0.9
        }, 
        "model": "transformation.transformationxput", 
        "pk": 43
    }, 
    {
        "fields": {
            "x": 0.55, 
            "y": 0.9
        }, 
        "model": "transformation.transformationxput", 
        "pk": 44
    }, 
    {
        "fields": {
            "x": 0.5, 
            "y": 0.9
        }, 
        "model": "transformation.transformationxput", 
        "pk": 45
    }, 
    {
        "fields": {
            "x": 0.45, 
            "y": 0.9
        }, 
        "model": "transformation.transformationxput", 
        "pk": 46
    }, 
    {
        "fields": {
            "x": 0.4, 
            "y": 0.9
        }, 
        "model": "transformation.transformationxput", 
        "pk": 47
    }, 
    {
        "fields": {
            "x": 0.35, 
            "y": 0.9
        }, 
        "model": "transformation.transformationxput", 
        "pk": 48
    }, 
    {
        "fields": {
            "x": 0.3, 
            "y": 0.9
        }, 
        "model": "transformation.transformationxput", 
        "pk": 49
    }, 
    {
        "fields": {
            "dataset_idx": 1, 
            "dataset_name": "pairs", 
            "transformation": 1
        }, 
        "model": "transformation.transformationinput", 
        "pk": 1
    }, 
    {
        "fields": {
            "dataset_idx": 1, 
            "dataset_name": "pairs", 
            "transformation": 2
        }, 
        "model": "transformation.transformationinput", 
        "pk": 3
    }, 
    {
        "fields": {
            "dataset_idx": 1, 
            "dataset_name": "forward", 
            "transformation": 3
        }, 
        "model": "transformation.transformationinput", 
        "pk": 5
    }, 
    {
        "fields": {
            "dataset_idx": 2, 
            "dataset_name": "reverse", 
            "transformation": 3
        }, 
        "model": "transformation.transformationinput", 
        "pk": 6
    }, 
    {
        "fields": {
            "dataset_idx": 1, 
            "dataset_name": "forward", 
            "transformation": 4
        }, 
        "model": "transformation.transformationinput", 
        "pk": 8
    }, 
    {
        "fields": {
            "dataset_idx": 2, 
            "dataset_name": "reverse", 
            "transformation": 4
        }, 
        "model": "transformation.transformationinput", 
        "pk": 9
    }, 
    {
        "fields": {
            "dataset_idx": 3, 
            "dataset_name": "prelim_out", 
            "transformation": 4
        }, 
        "model": "transformation.transformationinput", 
        "pk": 10
    }, 
    {
        "fields": {
            "dataset_idx": 1, 
            "dataset_name": "remap_csv", 
            "transformation": 5
        }, 
        "model": "transformation.transformationinput", 
        "pk": 16
    }, 
    {
        "fields": {
            "dataset_idx": 1, 
            "dataset_name": "aligned", 
            "transformation": 6
        }, 
        "model": "transformation.transformationinput", 
        "pk": 20
    }, 
    {
        "fields": {
            "dataset_idx": 1, 
            "dataset_name": "remap_csv", 
            "transformation": 7
        }, 
        "model": "transformation.transformationinput", 
        "pk": 27
    }, 
    {
        "fields": {
            "dataset_idx": 2, 
            "dataset_name": "nuc", 
            "transformation": 7
        }, 
        "model": "transformation.transformationinput", 
        "pk": 28
    }, 
    {
        "fields": {
            "dataset_idx": 1, 
            "dataset_name": "amino", 
            "transformation": 8
        }, 
        "model": "transformation.transformationinput", 
        "pk": 31
    }, 
    {
        "fields": {
            "dataset_idx": 1, 
            "dataset_name": "forward", 
            "transformation": 9
        }, 
        "model": "transformation.transformationinput", 
        "pk": 34
    }, 
    {
        "fields": {
            "dataset_idx": 2, 
            "dataset_name": "reverse", 
            "transformation": 9
        }, 
        "model": "transformation.transformationinput", 
        "pk": 35
    }, 
    {
        "fields": {
            "dataset_idx": 1, 
            "dataset_name": "sums_and_products", 
            "transformation": 1
        }, 
        "model": "transformation.transformationoutput", 
        "pk": 2
    }, 
    {
        "fields": {
            "dataset_idx": 1, 
            "dataset_name": "sums_and_products", 
            "transformation": 2
        }, 
        "model": "transformation.transformationoutput", 
        "pk": 4
    }, 
    {
        "fields": {
            "dataset_idx": 1, 
            "dataset_name": "prelim_out", 
            "transformation": 3
        }, 
        "model": "transformation.transformationoutput", 
        "pk": 7
    }, 
    {
        "fields": {
            "dataset_idx": 1, 
            "dataset_name": "remap_csv", 
            "transformation": 4
        }, 
        "model": "transformation.transformationoutput", 
        "pk": 11
    }, 
    {
        "fields": {
            "dataset_idx": 2, 
            "dataset_name": "remap_counts", 
            "transformation": 4
        }, 
        "model": "transformation.transformationoutput", 
        "pk": 12
    }, 
    {
        "fields": {
            "dataset_idx": 3, 
            "dataset_name": "remap_conseq", 
            "transformation": 4
        }, 
        "model": "transformation.transformationoutput", 
        "pk": 13
    }, 
    {
        "fields": {
            "dataset_idx": 4, 
            "dataset_name": "unmappedfor", 
            "transformation": 4
        }, 
        "model": "transformation.transformationoutput", 
        "pk": 14
    }, 
    {
        "fields": {
            "dataset_idx": 5, 
            "dataset_name": "unmappedrev", 
            "transformation": 4
        }, 
        "model": "transformation.transformationoutput", 
        "pk": 15
    }, 
    {
        "fields": {
            "dataset_idx": 1, 
            "dataset_name": "aligned", 
            "transformation": 5
        }, 
        "model": "transformation.transformationoutput", 
        "pk": 17
    }, 
    {
        "fields": {
            "dataset_idx": 2, 
            "dataset_name": "conseq_insertions", 
            "transformation": 5
        }, 
        "model": "transformation.transformationoutput", 
        "pk": 18
    }, 
    {
        "fields": {
            "dataset_idx": 3, 
            "dataset_name": "failed_read", 
            "transformation": 5
        }, 
        "model": "transformation.transformationoutput", 
        "pk": 19
    }, 
    {
        "fields": {
            "dataset_idx": 1, 
            "dataset_name": "nuc", 
            "transformation": 6
        }, 
        "model": "transformation.transformationoutput", 
        "pk": 21
    }, 
    {
        "fields": {
            "dataset_idx": 2, 
            "dataset_name": "amino", 
            "transformation": 6
        }, 
        "model": "transformation.transformationoutput", 
        "pk": 22
    }, 
    {
        "fields": {
            "dataset_idx": 3, 
            "dataset_name": "coord_ins", 
            "transformation": 6
        }, 
        "model": "transformation.transformationoutput", 
        "pk": 23
    }, 
    {
        "fields": {
            "dataset_idx": 4, 
            "dataset_name": "conseq", 
            "transformation": 6
        }, 
        "model": "transformation.transformationoutput", 
        "pk": 24
    }, 
    {
        "fields": {
            "dataset_idx": 5, 
            "dataset_name": "failed_align", 
            "transformation": 6
        }, 
        "model": "transformation.transformationoutput", 
        "pk": 25
    }, 
    {
        "fields": {
            "dataset_idx": 6, 
            "dataset_name": "nuc_variants", 
            "transformation": 6
        }, 
        "model": "transformation.transformationoutput", 
        "pk": 26
    }, 
    {
        "fields": {
            "dataset_idx": 1, 
            "dataset_name": "g2p", 
            "transformation": 7
        }, 
        "model": "transformation.transformationoutput", 
        "pk": 29
    }, 
    {
        "fields": {
            "dataset_idx": 2, 
            "dataset_name": "g2p_summary", 
            "transformation": 7
        }, 
        "model": "transformation.transformationoutput", 
        "pk": 30
    }, 
    {
        "fields": {
            "dataset_idx": 1, 
            "dataset_name": "coverage_scores_csv", 
            "transformation": 8
        }, 
        "model": "transformation.transformationoutput", 
        "pk": 32
    }, 
    {
        "fields": {
            "dataset_idx": 2, 
            "dataset_name": "coverage_maps_tar", 
            "transformation": 8
        }, 
        "model": "transformation.transformationoutput", 
        "pk": 33
    }, 
    {
        "fields": {
            "dataset_idx": 14, 
            "dataset_name": "coverage_maps_tar", 
            "transformation": 9
        }, 
        "model": "transformation.transformationoutput", 
        "pk": 36
    }, 
    {
        "fields": {
            "dataset_idx": 13, 
            "dataset_name": "coverage_scores_csv", 
            "transformation": 9
        }, 
        "model": "transformation.transformationoutput", 
        "pk": 37
    }, 
    {
        "fields": {
            "dataset_idx": 12, 
            "dataset_name": "g2p_summary", 
            "transformation": 9
        }, 
        "model": "transformation.transformationoutput", 
        "pk": 38
    }, 
    {
        "fields": {
            "dataset_idx": 11, 
            "dataset_name": "g2p", 
            "transformation": 9
        }, 
        "model": "transformation.transformationoutput", 
        "pk": 39
    }, 
    {
        "fields": {
            "dataset_idx": 10, 
            "dataset_name": "nuc_variants", 
            "transformation": 9
        }, 
        "model": "transformation.transformationoutput", 
        "pk": 40
    }, 
    {
        "fields": {
            "dataset_idx": 9, 
            "dataset_name": "failed_align", 
            "transformation": 9
        }, 
        "model": "transformation.transformationoutput", 
        "pk": 41
    }, 
    {
        "fields": {
            "dataset_idx": 8, 
            "dataset_name": "conseq", 
            "transformation": 9
        }, 
        "model": "transformation.transformationoutput", 
        "pk": 42
    }, 
    {
        "fields": {
            "dataset_idx": 7, 
            "dataset_name": "coord_ins", 
            "transformation": 9
        }, 
        "model": "transformation.transformationoutput", 
        "pk": 43
    }, 
    {
        "fields": {
            "dataset_idx": 6, 
            "dataset_name": "failed_read", 
            "transformation": 9
        }, 
        "model": "transformation.transformationoutput", 
        "pk": 44
    }, 
    {
        "fields": {
            "dataset_idx": 5, 
            "dataset_name": "conseq_insertions", 
            "transformation": 9
        }, 
        "model": "transformation.transformationoutput", 
        "pk": 45
    }, 
    {
        "fields": {
            "dataset_idx": 4, 
            "dataset_name": "unmappedrev", 
            "transformation": 9
        }, 
        "model": "transformation.transformationoutput", 
        "pk": 46
    }, 
    {
        "fields": {
            "dataset_idx": 3, 
            "dataset_name": "unmappedfor", 
            "transformation": 9
        }, 
        "model": "transformation.transformationoutput", 
        "pk": 47
    }, 
    {
        "fields": {
            "dataset_idx": 2, 
            "dataset_name": "remap_conseq", 
            "transformation": 9
        }, 
        "model": "transformation.transformationoutput", 
        "pk": 48
    }, 
    {
        "fields": {
            "dataset_idx": 1, 
            "dataset_name": "remap_counts", 
            "transformation": 9
        }, 
        "model": "transformation.transformationoutput", 
        "pk": 49
    }, 
    {
        "fields": {
            "_runstate": 3, 
            "description": "", 
            "end_time": "2000-01-01T00:00:34Z", 
            "groups_allowed": [], 
            "name": "", 
            "parent_runstep": null, 
            "paused_by": null, 
            "pipeline": 2, 
            "purged": true, 
            "runbatch": null, 
            "sandbox_path": "/home/walter/kivemediaroot/Sandboxes/userkive_run1_28JSOl", 
            "start_time": "2000-01-01T00:00:30Z", 
            "stopped_by": null, 
            "time_queued": "2016-10-19T16:29:48.581Z", 
            "user": 1, 
            "users_allowed": []
        }, 
        "model": "archive.run", 
        "pk": 1
    }, 
    {
        "fields": {
            "_runstate": 7, 
            "description": "", 
            "end_time": "2000-01-01T00:01:48Z", 
            "groups_allowed": [], 
            "name": "", 
            "parent_runstep": null, 
            "paused_by": null, 
            "pipeline": 9, 
            "purged": true, 
            "runbatch": null, 
            "sandbox_path": "/home/walter/kivemediaroot/Sandboxes/userkive_run2__HbFhK", 
            "start_time": "2000-01-01T00:01:09Z", 
            "stopped_by": null, 
            "time_queued": "2016-10-19T16:30:27.043Z", 
            "user": 1, 
            "users_allowed": []
        }, 
        "model": "archive.run", 
        "pk": 2
    }, 
    {
        "fields": {
            "MD5_checksum": "e093c9eac5d0cae832d4e2071ccfdc5f", 
            "_redacted": false, 
            "dataset_file": "Datasets/2016_10/pairs.csv", 
            "date_created": "2000-01-01T00:00:00Z", 
            "description": "", 
            "external_path": "", 
            "externalfiledirectory": null, 
            "file_source": null, 
            "groups_allowed": [
                1
            ], 
            "last_time_checked": "2016-10-19T16:29:48.477Z", 
            "name": "pairs", 
            "user": 1, 
            "users_allowed": []
        }, 
        "model": "librarian.dataset", 
        "pk": 1
    }, 
    {
        "fields": {
            "MD5_checksum": "f5e2c5378e2c92de9207d30227ddc888", 
            "_redacted": false, 
            "dataset_file": "Datasets/2016_10/step1_sums_and_products.raw", 
            "date_created": "2000-01-01T00:00:32Z", 
            "description": "Generated data from a run of pipeline \"sums and products:1 (sums and products)\" started at 2016-10-19 16:30:18.890139+00:00 by kive\nrun: 1\nuser: kive\nstep: 1\noutput: sums_and_products", 
            "external_path": "", 
            "externalfiledirectory": null, 
            "file_source": 1, 
            "groups_allowed": [], 
            "last_time_checked": "2016-10-19T16:30:20.683Z", 
            "name": "run1_step1_outputsums_and_products", 
            "user": 1, 
            "users_allowed": []
        }, 
        "model": "librarian.dataset", 
        "pk": 2
    }, 
    {
        "fields": {
            "MD5_checksum": "5bf4c20640428a4578d1989425123514", 
            "_redacted": false, 
            "dataset_file": "Datasets/2016_10/1234A-V3LOOP_S1_L001_R1_001.fastq", 
            "date_created": "2000-01-01T00:00:38Z", 
            "description": "", 
            "external_path": "", 
            "externalfiledirectory": null, 
            "file_source": null, 
            "groups_allowed": [
                1
            ], 
            "last_time_checked": "2016-10-19T16:30:26.909Z", 
            "name": "1234A-V3LOOP_S1_L001_R1_001.fastq", 
            "user": 1, 
            "users_allowed": []
        }, 
        "model": "librarian.dataset", 
        "pk": 3
    }, 
    {
        "fields": {
            "MD5_checksum": "104f5404f7f213b15d3ec7d5f72ee004", 
            "_redacted": false, 
            "dataset_file": "Datasets/2016_10/1234A-V3LOOP_S1_L001_R2_001.fastq", 
            "date_created": "2000-01-01T00:00:38Z", 
            "description": "", 
            "external_path": "", 
            "externalfiledirectory": null, 
            "file_source": null, 
            "groups_allowed": [
                1
            ], 
            "last_time_checked": "2016-10-19T16:30:26.978Z", 
            "name": "1234A-V3LOOP_S1_L001_R2_001.fastq", 
            "user": 1, 
            "users_allowed": []
        }, 
        "model": "librarian.dataset", 
        "pk": 4
    }, 
    {
        "fields": {
            "MD5_checksum": "7f0e119ea5a5717498fff66245cf3939", 
            "_redacted": false, 
            "dataset_file": "Datasets/2016_10/step1_prelim_out.raw", 
            "date_created": "2000-01-01T00:01:12Z", 
            "description": "Generated data from a run of pipeline \"MiCallDemo:1 (MiCall Demo 2016-09)\" started at 2016-10-19 16:30:57.375592+00:00 by kive\nrun: 2\nuser: kive\nstep: 1\noutput: prelim_out", 
            "external_path": "", 
            "externalfiledirectory": null, 
            "file_source": 4, 
            "groups_allowed": [], 
            "last_time_checked": "2016-10-19T16:31:00.244Z", 
            "name": "run2_step1_outputprelim_out", 
            "user": 1, 
            "users_allowed": []
        }, 
        "model": "librarian.dataset", 
        "pk": 5
    }, 
    {
        "fields": {
            "MD5_checksum": "ae74aedad2b6221c5c262bffcb7218a8", 
            "_redacted": false, 
            "dataset_file": "Datasets/2016_10/step2_remap_csv.raw", 
            "date_created": "2000-01-01T00:01:15Z", 
            "description": "Generated data from a run of pipeline \"MiCallDemo:1 (MiCall Demo 2016-09)\" started at 2016-10-19 16:30:57.375592+00:00 by kive\nrun: 2\nuser: kive\nstep: 2\noutput: remap_csv", 
            "external_path": "", 
            "externalfiledirectory": null, 
            "file_source": 5, 
            "groups_allowed": [], 
            "last_time_checked": "2016-10-19T16:31:03.909Z", 
            "name": "run2_step2_outputremap_csv", 
            "user": 1, 
            "users_allowed": []
        }, 
        "model": "librarian.dataset", 
        "pk": 6
    }, 
    {
        "fields": {
            "MD5_checksum": "9ddf5711c97d715ba0e1909b5d33cd89", 
            "_redacted": false, 
            "dataset_file": "Datasets/2016_10/step2_remap_counts.raw", 
            "date_created": "2000-01-01T00:01:15Z", 
            "description": "Generated data from a run of pipeline \"MiCallDemo:1 (MiCall Demo 2016-09)\" started at 2016-10-19 16:30:57.375592+00:00 by kive\nrun: 2\nuser: kive\nstep: 2\noutput: remap_counts", 
            "external_path": "", 
            "externalfiledirectory": null, 
            "file_source": 5, 
            "groups_allowed": [], 
            "last_time_checked": "2016-10-19T16:31:03.934Z", 
            "name": "run2_step2_outputremap_counts", 
            "user": 1, 
            "users_allowed": []
        }, 
        "model": "librarian.dataset", 
        "pk": 7
    }, 
    {
        "fields": {
            "MD5_checksum": "c8eff432dadcec404a0ee61c8291be33", 
            "_redacted": false, 
            "dataset_file": "Datasets/2016_10/step2_remap_conseq.raw", 
            "date_created": "2000-01-01T00:01:15Z", 
            "description": "Generated data from a run of pipeline \"MiCallDemo:1 (MiCall Demo 2016-09)\" started at 2016-10-19 16:30:57.375592+00:00 by kive\nrun: 2\nuser: kive\nstep: 2\noutput: remap_conseq", 
            "external_path": "", 
            "externalfiledirectory": null, 
            "file_source": 5, 
            "groups_allowed": [], 
            "last_time_checked": "2016-10-19T16:31:03.959Z", 
            "name": "run2_step2_outputremap_conseq", 
            "user": 1, 
            "users_allowed": []
        }, 
        "model": "librarian.dataset", 
        "pk": 8
    }, 
    {
        "fields": {
            "MD5_checksum": "d41d8cd98f00b204e9800998ecf8427e", 
            "_redacted": false, 
            "dataset_file": "Datasets/2016_10/step2_unmappedfor.raw", 
            "date_created": "2000-01-01T00:01:15Z", 
            "description": "Generated data from a run of pipeline \"MiCallDemo:1 (MiCall Demo 2016-09)\" started at 2016-10-19 16:30:57.375592+00:00 by kive\nrun: 2\nuser: kive\nstep: 2\noutput: unmappedfor", 
            "external_path": "", 
            "externalfiledirectory": null, 
            "file_source": 5, 
            "groups_allowed": [], 
            "last_time_checked": "2016-10-19T16:31:03.983Z", 
            "name": "run2_step2_outputunmappedfor", 
            "user": 1, 
            "users_allowed": []
        }, 
        "model": "librarian.dataset", 
        "pk": 9
    }, 
    {
        "fields": {
            "MD5_checksum": "d41d8cd98f00b204e9800998ecf8427e", 
            "_redacted": false, 
            "dataset_file": "Datasets/2016_10/step2_unmappedrev.raw", 
            "date_created": "2000-01-01T00:01:15Z", 
            "description": "Generated data from a run of pipeline \"MiCallDemo:1 (MiCall Demo 2016-09)\" started at 2016-10-19 16:30:57.375592+00:00 by kive\nrun: 2\nuser: kive\nstep: 2\noutput: unmappedrev", 
            "external_path": "", 
            "externalfiledirectory": null, 
            "file_source": 5, 
            "groups_allowed": [], 
            "last_time_checked": "2016-10-19T16:31:04.009Z", 
            "name": "run2_step2_outputunmappedrev", 
            "user": 1, 
            "users_allowed": []
        }, 
        "model": "librarian.dataset", 
        "pk": 10
    }, 
    {
        "fields": {
            "MD5_checksum": "bc8ed2ab590594ca8b5741c4a2235fe3", 
            "_redacted": false, 
            "dataset_file": "Datasets/2016_10/step3_aligned.raw", 
            "date_created": "2000-01-01T00:01:20Z", 
            "description": "Generated data from a run of pipeline \"MiCallDemo:1 (MiCall Demo 2016-09)\" started at 2016-10-19 16:30:57.375592+00:00 by kive\nrun: 2\nuser: kive\nstep: 3\noutput: aligned", 
            "external_path": "", 
            "externalfiledirectory": null, 
            "file_source": 6, 
            "groups_allowed": [], 
            "last_time_checked": "2016-10-19T16:31:08.113Z", 
            "name": "run2_step3_outputaligned", 
            "user": 1, 
            "users_allowed": []
        }, 
        "model": "librarian.dataset", 
        "pk": 11
    }, 
    {
        "fields": {
            "MD5_checksum": "473503e69b6fd5e196e5e51b5db7ba63", 
            "_redacted": false, 
            "dataset_file": "Datasets/2016_10/step3_conseq_insertions.raw", 
            "date_created": "2000-01-01T00:01:20Z", 
            "description": "Generated data from a run of pipeline \"MiCallDemo:1 (MiCall Demo 2016-09)\" started at 2016-10-19 16:30:57.375592+00:00 by kive\nrun: 2\nuser: kive\nstep: 3\noutput: conseq_insertions", 
            "external_path": "", 
            "externalfiledirectory": null, 
            "file_source": 6, 
            "groups_allowed": [], 
            "last_time_checked": "2016-10-19T16:31:08.162Z", 
            "name": "run2_step3_outputconseq_insertions", 
            "user": 1, 
            "users_allowed": []
        }, 
        "model": "librarian.dataset", 
        "pk": 12
    }, 
    {
        "fields": {
            "MD5_checksum": "544c67d4aded3afca2ead169e7f97d85", 
            "_redacted": false, 
            "dataset_file": "Datasets/2016_10/step3_failed_read.raw", 
            "date_created": "2000-01-01T00:01:20Z", 
            "description": "Generated data from a run of pipeline \"MiCallDemo:1 (MiCall Demo 2016-09)\" started at 2016-10-19 16:30:57.375592+00:00 by kive\nrun: 2\nuser: kive\nstep: 3\noutput: failed_read", 
            "external_path": "", 
            "externalfiledirectory": null, 
            "file_source": 6, 
            "groups_allowed": [], 
            "last_time_checked": "2016-10-19T16:31:08.204Z", 
            "name": "run2_step3_outputfailed_read", 
            "user": 1, 
            "users_allowed": []
        }, 
        "model": "librarian.dataset", 
        "pk": 13
    }, 
    {
        "fields": {
            "MD5_checksum": "f6c753d5da765fc272feac7421bac1f2", 
            "_redacted": false, 
            "dataset_file": "Datasets/2016_10/step4_nuc.raw", 
            "date_created": "2000-01-01T00:01:25Z", 
            "description": "Generated data from a run of pipeline \"MiCallDemo:1 (MiCall Demo 2016-09)\" started at 2016-10-19 16:30:57.375592+00:00 by kive\nrun: 2\nuser: kive\nstep: 4\noutput: nuc", 
            "external_path": "", 
            "externalfiledirectory": null, 
            "file_source": 7, 
            "groups_allowed": [], 
            "last_time_checked": "2016-10-19T16:31:13.867Z", 
            "name": "run2_step4_outputnuc", 
            "user": 1, 
            "users_allowed": []
        }, 
        "model": "librarian.dataset", 
        "pk": 14
    }, 
    {
        "fields": {
            "MD5_checksum": "aba2e4f229c9d07f10c6d258911b66c7", 
            "_redacted": false, 
            "dataset_file": "Datasets/2016_10/step4_amino.raw", 
            "date_created": "2000-01-01T00:01:25Z", 
            "description": "Generated data from a run of pipeline \"MiCallDemo:1 (MiCall Demo 2016-09)\" started at 2016-10-19 16:30:57.375592+00:00 by kive\nrun: 2\nuser: kive\nstep: 4\noutput: amino", 
            "external_path": "", 
            "externalfiledirectory": null, 
            "file_source": 7, 
            "groups_allowed": [], 
            "last_time_checked": "2016-10-19T16:31:13.924Z", 
            "name": "run2_step4_outputamino", 
            "user": 1, 
            "users_allowed": []
        }, 
        "model": "librarian.dataset", 
        "pk": 15
    }, 
    {
        "fields": {
            "MD5_checksum": "1167e44db2a5defea03e810a1ca0df66", 
            "_redacted": false, 
            "dataset_file": "Datasets/2016_10/step4_coord_ins.raw", 
            "date_created": "2000-01-01T00:01:25Z", 
            "description": "Generated data from a run of pipeline \"MiCallDemo:1 (MiCall Demo 2016-09)\" started at 2016-10-19 16:30:57.375592+00:00 by kive\nrun: 2\nuser: kive\nstep: 4\noutput: coord_ins", 
            "external_path": "", 
            "externalfiledirectory": null, 
            "file_source": 7, 
            "groups_allowed": [], 
            "last_time_checked": "2016-10-19T16:31:13.967Z", 
            "name": "run2_step4_outputcoord_ins", 
            "user": 1, 
            "users_allowed": []
        }, 
        "model": "librarian.dataset", 
        "pk": 16
    }, 
    {
        "fields": {
            "MD5_checksum": "15741cd77c7b0094f4cfde786b42d650", 
            "_redacted": false, 
            "dataset_file": "Datasets/2016_10/step4_conseq.raw", 
            "date_created": "2000-01-01T00:01:25Z", 
            "description": "Generated data from a run of pipeline \"MiCallDemo:1 (MiCall Demo 2016-09)\" started at 2016-10-19 16:30:57.375592+00:00 by kive\nrun: 2\nuser: kive\nstep: 4\noutput: conseq", 
            "external_path": "", 
            "externalfiledirectory": null, 
            "file_source": 7, 
            "groups_allowed": [], 
            "last_time_checked": "2016-10-19T16:31:14.005Z", 
            "name": "run2_step4_outputconseq", 
            "user": 1, 
            "users_allowed": []
        }, 
        "model": "librarian.dataset", 
        "pk": 17
    }, 
    {
        "fields": {
            "MD5_checksum": "a0f9c8bd5d4744876ff4845131045a5f", 
            "_redacted": false, 
            "dataset_file": "Datasets/2016_10/step4_failed_align.raw", 
            "date_created": "2000-01-01T00:01:26Z", 
            "description": "Generated data from a run of pipeline \"MiCallDemo:1 (MiCall Demo 2016-09)\" started at 2016-10-19 16:30:57.375592+00:00 by kive\nrun: 2\nuser: kive\nstep: 4\noutput: failed_align", 
            "external_path": "", 
            "externalfiledirectory": null, 
            "file_source": 7, 
            "groups_allowed": [], 
            "last_time_checked": "2016-10-19T16:31:14.040Z", 
            "name": "run2_step4_outputfailed_align", 
            "user": 1, 
            "users_allowed": []
        }, 
        "model": "librarian.dataset", 
        "pk": 18
    }, 
    {
        "fields": {
            "MD5_checksum": "810d5115f71b153ff50902b10be8adbd", 
            "_redacted": false, 
            "dataset_file": "Datasets/2016_10/step4_nuc_variants.raw", 
            "date_created": "2000-01-01T00:01:26Z", 
            "description": "Generated data from a run of pipeline \"MiCallDemo:1 (MiCall Demo 2016-09)\" started at 2016-10-19 16:30:57.375592+00:00 by kive\nrun: 2\nuser: kive\nstep: 4\noutput: nuc_variants", 
            "external_path": "", 
            "externalfiledirectory": null, 
            "file_source": 7, 
            "groups_allowed": [], 
            "last_time_checked": "2016-10-19T16:31:14.073Z", 
            "name": "run2_step4_outputnuc_variants", 
            "user": 1, 
            "users_allowed": []
        }, 
        "model": "librarian.dataset", 
        "pk": 19
    }, 
    {
        "fields": {
            "MD5_checksum": "0b1da4516bc3b413c032ff100ccb615e", 
            "_redacted": false, 
            "dataset_file": "Datasets/2016_10/step5_g2p.raw", 
            "date_created": "2000-01-01T00:01:33Z", 
            "description": "Generated data from a run of pipeline \"MiCallDemo:1 (MiCall Demo 2016-09)\" started at 2016-10-19 16:30:57.375592+00:00 by kive\nrun: 2\nuser: kive\nstep: 5\noutput: g2p", 
            "external_path": "", 
            "externalfiledirectory": null, 
            "file_source": 8, 
            "groups_allowed": [], 
            "last_time_checked": "2016-10-19T16:31:21.213Z", 
            "name": "run2_step5_outputg2p", 
            "user": 1, 
            "users_allowed": []
        }, 
        "model": "librarian.dataset", 
        "pk": 20
    }, 
    {
        "fields": {
            "MD5_checksum": "b8a782018029b4ec45eb6d516733d53d", 
            "_redacted": false, 
            "dataset_file": "Datasets/2016_10/step5_g2p_summary.raw", 
            "date_created": "2000-01-01T00:01:33Z", 
            "description": "Generated data from a run of pipeline \"MiCallDemo:1 (MiCall Demo 2016-09)\" started at 2016-10-19 16:30:57.375592+00:00 by kive\nrun: 2\nuser: kive\nstep: 5\noutput: g2p_summary", 
            "external_path": "", 
            "externalfiledirectory": null, 
            "file_source": 8, 
            "groups_allowed": [], 
            "last_time_checked": "2016-10-19T16:31:21.260Z", 
            "name": "run2_step5_outputg2p_summary", 
            "user": 1, 
            "users_allowed": []
        }, 
        "model": "librarian.dataset", 
        "pk": 21
    }, 
    {
        "fields": {
            "MD5_checksum": "10d4e48cf6cd0ef48513c677814b97d5", 
            "_redacted": false, 
            "dataset_file": "Datasets/2016_10/step6_coverage_scores_csv.raw", 
            "date_created": "2000-01-01T00:01:47Z", 
            "description": "Generated data from a run of pipeline \"MiCallDemo:1 (MiCall Demo 2016-09)\" started at 2016-10-19 16:30:57.375592+00:00 by kive\nrun: 2\nuser: kive\nstep: 6\noutput: coverage_scores_csv", 
            "external_path": "", 
            "externalfiledirectory": null, 
            "file_source": 9, 
            "groups_allowed": [], 
            "last_time_checked": "2016-10-19T16:31:35.104Z", 
            "name": "run2_step6_outputcoverage_scores_csv", 
            "user": 1, 
            "users_allowed": []
        }, 
        "model": "librarian.dataset", 
        "pk": 22
    }, 
    {
        "fields": {
            "MD5_checksum": "d41d8cd98f00b204e9800998ecf8427e", 
            "_redacted": false, 
            "dataset_file": "Datasets/2016_10/step6_coverage_maps_tar.raw", 
            "date_created": "2000-01-01T00:01:47Z", 
            "description": "Generated data from a run of pipeline \"MiCallDemo:1 (MiCall Demo 2016-09)\" started at 2016-10-19 16:30:57.375592+00:00 by kive\nrun: 2\nuser: kive\nstep: 6\noutput: coverage_maps_tar", 
            "external_path": "", 
            "externalfiledirectory": null, 
            "file_source": 9, 
            "groups_allowed": [], 
            "last_time_checked": "2016-10-19T16:31:35.156Z", 
            "name": "run2_step6_outputcoverage_maps_tar", 
            "user": 1, 
            "users_allowed": []
        }, 
        "model": "librarian.dataset", 
        "pk": 23
    }, 
    {
        "fields": {
            "description": "", 
            "filename": "sums_and_products.py", 
            "groups_allowed": [
                1
            ], 
            "name": "sums_and_products", 
            "user": 1, 
            "users_allowed": []
        }, 
        "model": "method.coderesource", 
        "pk": 1
    }, 
    {
        "fields": {
            "description": "", 
            "filename": "prelim_map.py", 
            "groups_allowed": [
                1
            ], 
            "name": "prelim_map.py", 
            "user": 1, 
            "users_allowed": []
        }, 
        "model": "method.coderesource", 
        "pk": 2
    }, 
    {
        "fields": {
            "description": "", 
            "filename": "__init__.py", 
            "groups_allowed": [
                1
            ], 
            "name": "__init__.py", 
            "user": 1, 
            "users_allowed": []
        }, 
        "model": "method.coderesource", 
        "pk": 3
    }, 
    {
        "fields": {
            "description": "", 
            "filename": "pssm_lib.py", 
            "groups_allowed": [
                1
            ], 
            "name": "pssm_lib.py", 
            "user": 1, 
            "users_allowed": []
        }, 
        "model": "method.coderesource", 
        "pk": 4
    }, 
    {
        "fields": {
            "description": "", 
            "filename": "sam2aln.py", 
            "groups_allowed": [
                1
            ], 
            "name": "sam2aln.py", 
            "user": 1, 
            "users_allowed": []
        }, 
        "model": "method.coderesource", 
        "pk": 5
    }, 
    {
        "fields": {
            "description": "", 
            "filename": "aln2counts.py", 
            "groups_allowed": [
                1
            ], 
            "name": "aln2counts.py", 
            "user": 1, 
            "users_allowed": []
        }, 
        "model": "method.coderesource", 
        "pk": 6
    }, 
    {
        "fields": {
            "description": "", 
            "filename": "miseq_logging.py", 
            "groups_allowed": [
                1
            ], 
            "name": "miseq_logging.py", 
            "user": 1, 
            "users_allowed": []
        }, 
        "model": "method.coderesource", 
        "pk": 7
    }, 
    {
        "fields": {
            "description": "", 
            "filename": "translation.py", 
            "groups_allowed": [
                1
            ], 
            "name": "translation.py", 
            "user": 1, 
            "users_allowed": []
        }, 
        "model": "method.coderesource", 
        "pk": 8
    }, 
    {
        "fields": {
            "description": "", 
            "filename": "sam_g2p.py", 
            "groups_allowed": [
                1
            ], 
            "name": "sam_g2p.py", 
            "user": 1, 
            "users_allowed": []
        }, 
        "model": "method.coderesource", 
        "pk": 9
    }, 
    {
        "fields": {
            "description": "", 
            "filename": "externals.py", 
            "groups_allowed": [
                1
            ], 
            "name": "externals.py", 
            "user": 1, 
            "users_allowed": []
        }, 
        "model": "method.coderesource", 
        "pk": 10
    }, 
    {
        "fields": {
            "description": "", 
            "filename": "remap.py", 
            "groups_allowed": [
                1
            ], 
            "name": "remap.py", 
            "user": 1, 
            "users_allowed": []
        }, 
        "model": "method.coderesource", 
        "pk": 11
    }, 
    {
        "fields": {
            "description": "", 
            "filename": "projects.json", 
            "groups_allowed": [
                1
            ], 
            "name": "projects.json", 
            "user": 1, 
            "users_allowed": []
        }, 
        "model": "method.coderesource", 
        "pk": 12
    }, 
    {
        "fields": {
            "description": "", 
            "filename": "coverage_plots.py", 
            "groups_allowed": [
                1
            ], 
            "name": "coverage_plots.py", 
            "user": 1, 
            "users_allowed": []
        }, 
        "model": "method.coderesource", 
        "pk": 13
    }, 
    {
        "fields": {
            "description": "", 
            "filename": "g2p.matrix", 
            "groups_allowed": [
                1
            ], 
            "name": "g2p.matrix", 
            "user": 1, 
            "users_allowed": []
        }, 
        "model": "method.coderesource", 
        "pk": 14
    }, 
    {
        "fields": {
            "description": "", 
            "filename": "project_config.py", 
            "groups_allowed": [
                1
            ], 
            "name": "project_config.py", 
            "user": 1, 
            "users_allowed": []
        }, 
        "model": "method.coderesource", 
        "pk": 15
    }, 
    {
        "fields": {
            "description": "", 
            "filename": "project_scoring.json", 
            "groups_allowed": [
                1
            ], 
            "name": "project_scoring.json", 
            "user": 1, 
            "users_allowed": []
        }, 
        "model": "method.coderesource", 
        "pk": 16
    }, 
    {
        "fields": {
            "description": "", 
            "filename": "g2p_fpr.txt", 
            "groups_allowed": [
                1
            ], 
            "name": "g2p_fpr.txt", 
            "user": 1, 
            "users_allowed": []
        }, 
        "model": "method.coderesource", 
        "pk": 17
    }, 
    {
        "fields": {
            "MD5_checksum": "e644faccd2f44dfae61a0fd9bf176134", 
            "coderesource": 1, 
            "content_file": "CodeResources/sums_and_products.py", 
            "groups_allowed": [
                1
            ], 
            "revision_DateTime": "2000-01-01T00:00:00Z", 
            "revision_desc": "", 
            "revision_name": "", 
            "revision_number": 1, 
            "revision_parent": null, 
            "user": 1, 
            "users_allowed": []
        }, 
        "model": "method.coderesourcerevision", 
        "pk": 1
    }, 
    {
        "fields": {
            "MD5_checksum": "ae6ea4ec7835dd0ef8a788f4a44454e7", 
            "coderesource": 2, 
            "content_file": "CodeResources/prelim_map.py", 
            "groups_allowed": [
                1
            ], 
            "revision_DateTime": "2000-01-01T00:00:34Z", 
            "revision_desc": "", 
            "revision_name": "", 
            "revision_number": 1, 
            "revision_parent": null, 
            "user": 1, 
            "users_allowed": []
        }, 
        "model": "method.coderesourcerevision", 
        "pk": 2
    }, 
    {
        "fields": {
            "MD5_checksum": "d41d8cd98f00b204e9800998ecf8427e", 
            "coderesource": 3, 
            "content_file": "CodeResources/__init__.py", 
            "groups_allowed": [
                1
            ], 
            "revision_DateTime": "2000-01-01T00:00:34Z", 
            "revision_desc": "", 
            "revision_name": "", 
            "revision_number": 1, 
            "revision_parent": null, 
            "user": 1, 
            "users_allowed": []
        }, 
        "model": "method.coderesourcerevision", 
        "pk": 3
    }, 
    {
        "fields": {
            "MD5_checksum": "5c8fc3b09a3f99937139eb35e9d8bf63", 
            "coderesource": 4, 
            "content_file": "CodeResources/pssm_lib.py", 
            "groups_allowed": [
                1
            ], 
            "revision_DateTime": "2000-01-01T00:00:34Z", 
            "revision_desc": "", 
            "revision_name": "", 
            "revision_number": 1, 
            "revision_parent": null, 
            "user": 1, 
            "users_allowed": []
        }, 
        "model": "method.coderesourcerevision", 
        "pk": 4
    }, 
    {
        "fields": {
            "MD5_checksum": "712cb4c8483522de39b20bc0da1c0507", 
            "coderesource": 5, 
            "content_file": "CodeResources/sam2aln.py", 
            "groups_allowed": [
                1
            ], 
            "revision_DateTime": "2000-01-01T00:00:34Z", 
            "revision_desc": "", 
            "revision_name": "", 
            "revision_number": 1, 
            "revision_parent": null, 
            "user": 1, 
            "users_allowed": []
        }, 
        "model": "method.coderesourcerevision", 
        "pk": 5
    }, 
    {
        "fields": {
            "MD5_checksum": "66ca54f9f564d7de85b648cd093bcfe6", 
            "coderesource": 6, 
            "content_file": "CodeResources/aln2counts.py", 
            "groups_allowed": [
                1
            ], 
            "revision_DateTime": "2000-01-01T00:00:34Z", 
            "revision_desc": "", 
            "revision_name": "", 
            "revision_number": 1, 
            "revision_parent": null, 
            "user": 1, 
            "users_allowed": []
        }, 
        "model": "method.coderesourcerevision", 
        "pk": 6
    }, 
    {
        "fields": {
            "MD5_checksum": "ff879dc819f7c113144491e9e3c3b76f", 
            "coderesource": 7, 
            "content_file": "CodeResources/miseq_logging.py", 
            "groups_allowed": [
                1
            ], 
            "revision_DateTime": "2000-01-01T00:00:34Z", 
            "revision_desc": "", 
            "revision_name": "", 
            "revision_number": 1, 
            "revision_parent": null, 
            "user": 1, 
            "users_allowed": []
        }, 
        "model": "method.coderesourcerevision", 
        "pk": 7
    }, 
    {
        "fields": {
            "MD5_checksum": "9417aae918b0ac257ff3028b8d8d0409", 
            "coderesource": 8, 
            "content_file": "CodeResources/translation.py", 
            "groups_allowed": [
                1
            ], 
            "revision_DateTime": "2000-01-01T00:00:34Z", 
            "revision_desc": "", 
            "revision_name": "", 
            "revision_number": 1, 
            "revision_parent": null, 
            "user": 1, 
            "users_allowed": []
        }, 
        "model": "method.coderesourcerevision", 
        "pk": 8
    }, 
    {
        "fields": {
            "MD5_checksum": "6b58d46558be40d2d0e00cec697c26a6", 
            "coderesource": 9, 
            "content_file": "CodeResources/sam_g2p.py", 
            "groups_allowed": [
                1
            ], 
            "revision_DateTime": "2000-01-01T00:00:34Z", 
            "revision_desc": "", 
            "revision_name": "", 
            "revision_number": 1, 
            "revision_parent": null, 
            "user": 1, 
            "users_allowed": []
        }, 
        "model": "method.coderesourcerevision", 
        "pk": 9
    }, 
    {
        "fields": {
            "MD5_checksum": "cb07624aafbb43ba3c484872f1fb2e81", 
            "coderesource": 10, 
            "content_file": "CodeResources/externals.py", 
            "groups_allowed": [
                1
            ], 
            "revision_DateTime": "2000-01-01T00:00:34Z", 
            "revision_desc": "", 
            "revision_name": "", 
            "revision_number": 1, 
            "revision_parent": null, 
            "user": 1, 
            "users_allowed": []
        }, 
        "model": "method.coderesourcerevision", 
        "pk": 10
    }, 
    {
        "fields": {
            "MD5_checksum": "6e4e90524ca0c7e659b368d52dadb414", 
            "coderesource": 11, 
            "content_file": "CodeResources/remap.py", 
            "groups_allowed": [
                1
            ], 
            "revision_DateTime": "2000-01-01T00:00:35Z", 
            "revision_desc": "", 
            "revision_name": "", 
            "revision_number": 1, 
            "revision_parent": null, 
            "user": 1, 
            "users_allowed": []
        }, 
        "model": "method.coderesourcerevision", 
        "pk": 11
    }, 
    {
        "fields": {
            "MD5_checksum": "7efdd1cc9bc0ce2060a1df29aaad777e", 
            "coderesource": 12, 
            "content_file": "CodeResources/projects.json", 
            "groups_allowed": [
                1
            ], 
            "revision_DateTime": "2000-01-01T00:00:35Z", 
            "revision_desc": "", 
            "revision_name": "", 
            "revision_number": 1, 
            "revision_parent": null, 
            "user": 1, 
            "users_allowed": []
        }, 
        "model": "method.coderesourcerevision", 
        "pk": 12
    }, 
    {
        "fields": {
            "MD5_checksum": "9a14c6b3bdfad8999dca1a600c2a8679", 
            "coderesource": 13, 
            "content_file": "CodeResources/coverage_plots.py", 
            "groups_allowed": [
                1
            ], 
            "revision_DateTime": "2000-01-01T00:00:35Z", 
            "revision_desc": "", 
            "revision_name": "", 
            "revision_number": 1, 
            "revision_parent": null, 
            "user": 1, 
            "users_allowed": []
        }, 
        "model": "method.coderesourcerevision", 
        "pk": 13
    }, 
    {
        "fields": {
            "MD5_checksum": "b4c8b3013b1b6822d056f5958115f50a", 
            "coderesource": 14, 
            "content_file": "CodeResources/g2p.matrix", 
            "groups_allowed": [
                1
            ], 
            "revision_DateTime": "2000-01-01T00:00:35Z", 
            "revision_desc": "", 
            "revision_name": "", 
            "revision_number": 1, 
            "revision_parent": null, 
            "user": 1, 
            "users_allowed": []
        }, 
        "model": "method.coderesourcerevision", 
        "pk": 14
    }, 
    {
        "fields": {
            "MD5_checksum": "b3781885c9844f797060b5d1233d6994", 
            "coderesource": 15, 
            "content_file": "CodeResources/project_config.py", 
            "groups_allowed": [
                1
            ], 
            "revision_DateTime": "2000-01-01T00:00:35Z", 
            "revision_desc": "", 
            "revision_name": "", 
            "revision_number": 1, 
            "revision_parent": null, 
            "user": 1, 
            "users_allowed": []
        }, 
        "model": "method.coderesourcerevision", 
        "pk": 15
    }, 
    {
        "fields": {
            "MD5_checksum": "e02cea1df30cecd5a763a860ae87e577", 
            "coderesource": 16, 
            "content_file": "CodeResources/project_scoring.json", 
            "groups_allowed": [
                1
            ], 
            "revision_DateTime": "2000-01-01T00:00:35Z", 
            "revision_desc": "", 
            "revision_name": "", 
            "revision_number": 1, 
            "revision_parent": null, 
            "user": 1, 
            "users_allowed": []
        }, 
        "model": "method.coderesourcerevision", 
        "pk": 16
    }, 
    {
        "fields": {
            "MD5_checksum": "246f62ac55cae327c98c82471941b344", 
            "coderesource": 17, 
            "content_file": "CodeResources/g2p_fpr.txt", 
            "groups_allowed": [
                1
            ], 
            "revision_DateTime": "2000-01-01T00:00:35Z", 
            "revision_desc": "", 
            "revision_name": "", 
            "revision_number": 1, 
            "revision_parent": null, 
            "user": 1, 
            "users_allowed": []
        }, 
        "model": "method.coderesourcerevision", 
        "pk": 17
    }, 
    {
        "fields": {
            "driver": 1, 
            "family": 1, 
            "groups_allowed": [
                1
            ], 
            "reusable": 2, 
            "revision_number": 1, 
            "revision_parent": null, 
            "tainted": false, 
            "threads": 1, 
            "users_allowed": []
        }, 
        "model": "method.method", 
        "pk": 1
    }, 
    {
        "fields": {
            "driver": 2, 
            "family": 2, 
            "groups_allowed": [
                1
            ], 
            "reusable": 2, 
            "revision_number": 1, 
            "revision_parent": null, 
            "tainted": false, 
            "threads": 1, 
            "users_allowed": []
        }, 
        "model": "method.method", 
        "pk": 3
    }, 
    {
        "fields": {
            "driver": 11, 
            "family": 3, 
            "groups_allowed": [
                1
            ], 
            "reusable": 2, 
            "revision_number": 1, 
            "revision_parent": null, 
            "tainted": false, 
            "threads": 1, 
            "users_allowed": []
        }, 
        "model": "method.method", 
        "pk": 4
    }, 
    {
        "fields": {
            "driver": 5, 
            "family": 4, 
            "groups_allowed": [
                1
            ], 
            "reusable": 2, 
            "revision_number": 1, 
            "revision_parent": null, 
            "tainted": false, 
            "threads": 1, 
            "users_allowed": []
        }, 
        "model": "method.method", 
        "pk": 5
    }, 
    {
        "fields": {
            "driver": 6, 
            "family": 5, 
            "groups_allowed": [
                1
            ], 
            "reusable": 2, 
            "revision_number": 1, 
            "revision_parent": null, 
            "tainted": false, 
            "threads": 1, 
            "users_allowed": []
        }, 
        "model": "method.method", 
        "pk": 6
    }, 
    {
        "fields": {
            "driver": 9, 
            "family": 6, 
            "groups_allowed": [
                1
            ], 
            "reusable": 2, 
            "revision_number": 1, 
            "revision_parent": null, 
            "tainted": false, 
            "threads": 1, 
            "users_allowed": []
        }, 
        "model": "method.method", 
        "pk": 7
    }, 
    {
        "fields": {
            "driver": 13, 
            "family": 7, 
            "groups_allowed": [
                1
            ], 
            "reusable": 2, 
            "revision_number": 1, 
            "revision_parent": null, 
            "tainted": false, 
            "threads": 1, 
            "users_allowed": []
        }, 
        "model": "method.method", 
        "pk": 8
    }, 
    {
        "fields": {
            "description": "", 
            "groups_allowed": [
                1
            ], 
            "name": "sums_and_products", 
            "user": 1, 
            "users_allowed": []
        }, 
        "model": "method.methodfamily", 
        "pk": 1
    }, 
    {
        "fields": {
            "description": "", 
            "groups_allowed": [
                1
            ], 
            "name": "prelim", 
            "user": 1, 
            "users_allowed": []
        }, 
        "model": "method.methodfamily", 
        "pk": 2
    }, 
    {
        "fields": {
            "description": "", 
            "groups_allowed": [
                1
            ], 
            "name": "remap", 
            "user": 1, 
            "users_allowed": []
        }, 
        "model": "method.methodfamily", 
        "pk": 3
    }, 
    {
        "fields": {
            "description": "", 
            "groups_allowed": [
                1
            ], 
            "name": "sam2aln", 
            "user": 1, 
            "users_allowed": []
        }, 
        "model": "method.methodfamily", 
        "pk": 4
    }, 
    {
        "fields": {
            "description": "", 
            "groups_allowed": [
                1
            ], 
            "name": "aln2counts", 
            "user": 1, 
            "users_allowed": []
        }, 
        "model": "method.methodfamily", 
        "pk": 5
    }, 
    {
        "fields": {
            "description": "", 
            "groups_allowed": [
                1
            ], 
            "name": "sam_g2p", 
            "user": 1, 
            "users_allowed": []
        }, 
        "model": "method.methodfamily", 
        "pk": 6
    }, 
    {
        "fields": {
            "description": "", 
            "groups_allowed": [
                1
            ], 
            "name": "coverage_plots", 
            "user": 1, 
            "users_allowed": []
        }, 
        "model": "method.methodfamily", 
        "pk": 7
    }, 
    {
        "fields": {
            "description": "", 
            "groups_allowed": [
                1
            ], 
            "name": "sums and products", 
            "user": 1, 
            "users_allowed": []
        }, 
        "model": "pipeline.pipelinefamily", 
        "pk": 1
    }, 
    {
        "fields": {
            "description": "", 
            "groups_allowed": [
                1
            ], 
            "name": "MiCallDemo", 
            "user": 1, 
            "users_allowed": []
        }, 
        "model": "pipeline.pipelinefamily", 
        "pk": 2
    }, 
    {
        "fields": {
            "family": 1, 
            "groups_allowed": [
                1
            ], 
            "published": false, 
            "revision_number": 1, 
            "revision_parent": null, 
            "users_allowed": []
        }, 
        "model": "pipeline.pipeline", 
        "pk": 2
    }, 
    {
        "fields": {
            "family": 2, 
            "groups_allowed": [
                1
            ], 
            "published": false, 
            "revision_number": 1, 
            "revision_parent": null, 
            "users_allowed": []
        }, 
        "model": "pipeline.pipeline", 
        "pk": 9
    }, 
    {
        "fields": {
            "groups_allowed": [
                1
            ], 
            "revision_DateTime": "2000-01-01T00:00:00Z", 
            "revision_desc": "", 
            "revision_name": "first", 
            "user": 1, 
            "users_allowed": []
        }, 
        "model": "transformation.transformation", 
        "pk": 1
    }, 
    {
        "fields": {
            "groups_allowed": [
                1
            ], 
            "revision_DateTime": "2000-01-01T00:00:00Z", 
            "revision_desc": "", 
            "revision_name": "sums and products", 
            "user": 1, 
            "users_allowed": []
        }, 
        "model": "transformation.transformation", 
        "pk": 2
    }, 
    {
        "fields": {
            "groups_allowed": [
                1
            ], 
            "revision_DateTime": "2000-01-01T00:00:35Z", 
            "revision_desc": "", 
            "revision_name": "first", 
            "user": 1, 
            "users_allowed": []
        }, 
        "model": "transformation.transformation", 
        "pk": 3
    }, 
    {
        "fields": {
            "groups_allowed": [
                1
            ], 
            "revision_DateTime": "2000-01-01T00:00:35Z", 
            "revision_desc": "", 
            "revision_name": "first", 
            "user": 1, 
            "users_allowed": []
        }, 
        "model": "transformation.transformation", 
        "pk": 4
    }, 
    {
        "fields": {
            "groups_allowed": [
                1
            ], 
            "revision_DateTime": "2000-01-01T00:00:36Z", 
            "revision_desc": "", 
            "revision_name": "first", 
            "user": 1, 
            "users_allowed": []
        }, 
        "model": "transformation.transformation", 
        "pk": 5
    }, 
    {
        "fields": {
            "groups_allowed": [
                1
            ], 
            "revision_DateTime": "2000-01-01T00:00:36Z", 
            "revision_desc": "", 
            "revision_name": "first", 
            "user": 1, 
            "users_allowed": []
        }, 
        "model": "transformation.transformation", 
        "pk": 6
    }, 
    {
        "fields": {
            "groups_allowed": [
                1
            ], 
            "revision_DateTime": "2000-01-01T00:00:36Z", 
            "revision_desc": "", 
            "revision_name": "first", 
            "user": 1, 
            "users_allowed": []
        }, 
        "model": "transformation.transformation", 
        "pk": 7
    }, 
    {
        "fields": {
            "groups_allowed": [
                1
            ], 
            "revision_DateTime": "2000-01-01T00:00:37Z", 
            "revision_desc": "", 
            "revision_name": "first", 
            "user": 1, 
            "users_allowed": []
        }, 
        "model": "transformation.transformation", 
        "pk": 8
    }, 
    {
        "fields": {
            "groups_allowed": [
                1
            ], 
            "revision_DateTime": "2000-01-01T00:00:37Z", 
            "revision_desc": "", 
            "revision_name": "MiCall Demo 2016-09", 
            "user": 1, 
            "users_allowed": []
        }, 
        "model": "transformation.transformation", 
        "pk": 9
    }, 
    {
        "fields": {
            "dataset": 2, 
            "end_time": "2000-01-01T00:00:33Z", 
            "execlog": 2, 
            "start_time": "2000-01-01T00:00:05Z", 
            "user": 1
        }, 
        "model": "datachecking.contentchecklog", 
        "pk": 1
    }, 
    {
        "fields": {
            "dataset": 5, 
            "end_time": "2000-01-01T00:01:12Z", 
            "execlog": 6, 
            "start_time": "2000-01-01T00:01:12Z", 
            "user": 1
        }, 
        "model": "datachecking.contentchecklog", 
        "pk": 2
    }, 
    {
        "fields": {
            "dataset": 6, 
            "end_time": "2000-01-01T00:01:16Z", 
            "execlog": 10, 
            "start_time": "2000-01-01T00:01:16Z", 
            "user": 1
        }, 
        "model": "datachecking.contentchecklog", 
        "pk": 3
    }, 
    {
        "fields": {
            "dataset": 7, 
            "end_time": "2000-01-01T00:00:16Z", 
            "execlog": 10, 
            "start_time": "2000-01-01T00:01:16Z", 
            "user": 1
        }, 
        "model": "datachecking.contentchecklog", 
        "pk": 4
    }, 
    {
        "fields": {
            "dataset": 8, 
            "end_time": "2000-01-01T00:00:16Z", 
            "execlog": 10, 
            "start_time": "2000-01-01T00:00:16Z", 
            "user": 1
        }, 
        "model": "datachecking.contentchecklog", 
        "pk": 5
    }, 
    {
        "fields": {
            "dataset": 9, 
            "end_time": "2000-01-01T00:00:16Z", 
            "execlog": 10, 
            "start_time": "2000-01-01T00:00:16Z", 
            "user": 1
        }, 
        "model": "datachecking.contentchecklog", 
        "pk": 6
    }, 
    {
        "fields": {
            "dataset": 10, 
            "end_time": "2000-01-01T00:01:17Z", 
            "execlog": 10, 
            "start_time": "2000-01-01T00:01:17Z", 
            "user": 1
        }, 
        "model": "datachecking.contentchecklog", 
        "pk": 7
    }, 
    {
        "fields": {
            "dataset": 11, 
            "end_time": "2000-01-01T00:01:20Z", 
            "execlog": 12, 
            "start_time": "2000-01-01T00:01:20Z", 
            "user": 1
        }, 
        "model": "datachecking.contentchecklog", 
        "pk": 8
    }, 
    {
        "fields": {
            "dataset": 12, 
            "end_time": "2000-01-01T00:01:20Z", 
            "execlog": 12, 
            "start_time": "2000-01-01T00:01:20Z", 
            "user": 1
        }, 
        "model": "datachecking.contentchecklog", 
        "pk": 9
    }, 
    {
        "fields": {
            "dataset": 13, 
            "end_time": "2000-01-01T00:01:20Z", 
            "execlog": 12, 
            "start_time": "2000-01-01T00:01:20Z", 
            "user": 1
        }, 
        "model": "datachecking.contentchecklog", 
        "pk": 10
    }, 
    {
        "fields": {
            "dataset": 14, 
            "end_time": "2000-01-01T00:01:26Z", 
            "execlog": 18, 
            "start_time": "2000-01-01T00:01:26Z", 
            "user": 1
        }, 
        "model": "datachecking.contentchecklog", 
        "pk": 11
    }, 
    {
        "fields": {
            "dataset": 15, 
            "end_time": "2000-01-01T00:01:26Z", 
            "execlog": 18, 
            "start_time": "2000-01-01T00:01:26Z", 
            "user": 1
        }, 
        "model": "datachecking.contentchecklog", 
        "pk": 12
    }, 
    {
        "fields": {
            "dataset": 16, 
            "end_time": "2000-01-01T00:00:21Z", 
            "execlog": 18, 
            "start_time": "2000-01-01T00:00:21Z", 
            "user": 1
        }, 
        "model": "datachecking.contentchecklog", 
        "pk": 13
    }, 
    {
        "fields": {
            "dataset": 17, 
            "end_time": "2000-01-01T00:01:27Z", 
            "execlog": 18, 
            "start_time": "2000-01-01T00:01:27Z", 
            "user": 1
        }, 
        "model": "datachecking.contentchecklog", 
        "pk": 14
    }, 
    {
        "fields": {
            "dataset": 18, 
            "end_time": "2000-01-01T00:01:27Z", 
            "execlog": 18, 
            "start_time": "2000-01-01T00:01:27Z", 
            "user": 1
        }, 
        "model": "datachecking.contentchecklog", 
        "pk": 15
    }, 
    {
        "fields": {
            "dataset": 19, 
            "end_time": "2000-01-01T00:01:27Z", 
            "execlog": 18, 
            "start_time": "2000-01-01T00:01:27Z", 
            "user": 1
        }, 
        "model": "datachecking.contentchecklog", 
        "pk": 16
    }, 
    {
        "fields": {
            "dataset": 20, 
            "end_time": "2000-01-01T00:01:33Z", 
            "execlog": 23, 
            "start_time": "2000-01-01T00:01:33Z", 
            "user": 1
        }, 
        "model": "datachecking.contentchecklog", 
        "pk": 17
    }, 
    {
        "fields": {
            "dataset": 21, 
            "end_time": "2000-01-01T00:01:33Z", 
            "execlog": 23, 
            "start_time": "2000-01-01T00:01:33Z", 
            "user": 1
        }, 
        "model": "datachecking.contentchecklog", 
        "pk": 18
    }, 
    {
        "fields": {
            "dataset": 1, 
            "end_time": "2000-01-01T00:00:05Z", 
            "execlog": null, 
            "read_failed": false, 
            "runcomponent": 2, 
            "start_time": "2000-01-01T00:00:05Z", 
            "user": 1
        }, 
        "model": "datachecking.integritychecklog", 
        "pk": 1
    }, 
    {
        "fields": {
            "dataset": 3, 
            "end_time": "2000-01-01T00:01:10Z", 
            "execlog": null, 
            "read_failed": false, 
            "runcomponent": 10, 
            "start_time": "2000-01-01T00:01:10Z", 
            "user": 1
        }, 
        "model": "datachecking.integritychecklog", 
        "pk": 2
    }, 
    {
        "fields": {
            "dataset": 4, 
            "end_time": "2000-01-01T00:01:10Z", 
            "execlog": null, 
            "read_failed": false, 
            "runcomponent": 11, 
            "start_time": "2000-01-01T00:01:10Z", 
            "user": 1
        }, 
        "model": "datachecking.integritychecklog", 
        "pk": 3
    }
]
