[
    {
        "fields": {
            "blankable": false, 
            "column_idx": 1, 
            "column_name": "word", 
            "compounddatatype": 5, 
            "datatype": 8
        }, 
        "model": "metadata.compounddatatypemember", 
        "pk": 7
    }, 
    {
        "fields": {
            "blankable": false, 
            "column_idx": 1, 
            "column_name": "header", 
            "compounddatatype": 6, 
            "datatype": 8
        }, 
        "model": "metadata.compounddatatypemember", 
        "pk": 8
    }, 
    {
        "fields": {
            "blankable": false, 
            "column_idx": 2, 
            "column_name": "sequence", 
            "compounddatatype": 6, 
            "datatype": 9
        }, 
        "model": "metadata.compounddatatypemember", 
        "pk": 9
    }, 
    {
        "fields": {
            "dataset": 1, 
            "index": 1, 
            "run": 1
        }, 
        "model": "archive.runinput", 
        "pk": 1
    }, 
    {
        "fields": {
            "dataset": 1, 
            "index": 1, 
            "run": 2
        }, 
        "model": "archive.runinput", 
        "pk": 2
    }, 
    {
        "fields": {
            "dataset": 1, 
            "index": 1, 
            "run": 3
        }, 
        "model": "archive.runinput", 
        "pk": 3
    }, 
    {
        "fields": {
            "dataset": 1, 
            "index": 1, 
            "run": 4
        }, 
        "model": "archive.runinput", 
        "pk": 4
    }, 
    {
        "fields": {
            "_redacted": null, 
            "_runcomponentstate": 3, 
            "end_time": "2000-01-01T00:00:42Z", 
            "execrecord": 2, 
            "reused": false, 
            "start_time": "2000-01-01T00:00:40Z"
        }, 
        "model": "archive.runcomponent", 
        "pk": 1
    }, 
    {
        "fields": {
            "_redacted": null, 
            "_runcomponentstate": 3, 
            "end_time": "2000-01-01T00:00:41Z", 
            "execrecord": 1, 
            "reused": false, 
            "start_time": "2000-01-01T00:00:40Z"
        }, 
        "model": "archive.runcomponent", 
        "pk": 2
    }, 
    {
        "fields": {
            "_redacted": null, 
            "_runcomponentstate": 3, 
            "end_time": "2000-01-01T00:00:42Z", 
            "execrecord": 3, 
            "reused": false, 
            "start_time": "2000-01-01T00:00:42Z"
        }, 
        "model": "archive.runcomponent", 
        "pk": 3
    }, 
    {
        "fields": {
            "_redacted": null, 
            "_runcomponentstate": 3, 
            "end_time": "2000-01-01T00:01:13Z", 
            "execrecord": 2, 
            "reused": true, 
            "start_time": "2000-01-01T00:01:13Z"
        }, 
        "model": "archive.runcomponent", 
        "pk": 4
    }, 
    {
        "fields": {
            "_redacted": null, 
            "_runcomponentstate": 3, 
            "end_time": "2000-01-01T00:01:13Z", 
            "execrecord": 1, 
            "reused": true, 
            "start_time": "2000-01-01T00:01:13Z"
        }, 
        "model": "archive.runcomponent", 
        "pk": 5
    }, 
    {
        "fields": {
            "_redacted": null, 
            "_runcomponentstate": 3, 
            "end_time": "2000-01-01T00:01:13Z", 
            "execrecord": 3, 
            "reused": true, 
            "start_time": "2000-01-01T00:01:13Z"
        }, 
        "model": "archive.runcomponent", 
        "pk": 6
    }, 
    {
        "fields": {
            "_redacted": null, 
            "_runcomponentstate": 3, 
            "end_time": "2000-01-01T00:01:45Z", 
            "execrecord": 4, 
            "reused": false, 
            "start_time": "2000-01-01T00:01:44Z"
        }, 
        "model": "archive.runcomponent", 
        "pk": 7
    }, 
    {
        "fields": {
            "_redacted": null, 
            "_runcomponentstate": 3, 
            "end_time": "2000-01-01T00:01:44Z", 
            "execrecord": 1, 
            "reused": false, 
            "start_time": "2000-01-01T00:01:44Z"
        }, 
        "model": "archive.runcomponent", 
        "pk": 8
    }, 
    {
        "fields": {
            "_redacted": null, 
            "_runcomponentstate": 3, 
            "end_time": "2000-01-01T00:01:45Z", 
            "execrecord": 5, 
            "reused": false, 
            "start_time": "2000-01-01T00:01:45Z"
        }, 
        "model": "archive.runcomponent", 
        "pk": 9
    }, 
    {
        "fields": {
            "_redacted": null, 
            "_runcomponentstate": 3, 
            "end_time": "2000-01-01T00:02:16Z", 
            "execrecord": 4, 
            "reused": true, 
            "start_time": "2000-01-01T00:02:16Z"
        }, 
        "model": "archive.runcomponent", 
        "pk": 10
    }, 
    {
        "fields": {
            "_redacted": null, 
            "_runcomponentstate": 3, 
            "end_time": "2000-01-01T00:02:18Z", 
            "execrecord": 6, 
            "reused": false, 
            "start_time": "2000-01-01T00:02:16Z"
        }, 
        "model": "archive.runcomponent", 
        "pk": 11
    }, 
    {
        "fields": {
            "_redacted": null, 
            "_runcomponentstate": 3, 
            "end_time": "2000-01-01T00:02:16Z", 
            "execrecord": 1, 
            "reused": true, 
            "start_time": "2000-01-01T00:02:16Z"
        }, 
        "model": "archive.runcomponent", 
        "pk": 12
    }, 
    {
        "fields": {
            "_redacted": null, 
            "_runcomponentstate": 3, 
            "end_time": "2000-01-01T00:02:17Z", 
            "execrecord": 5, 
            "reused": false, 
            "start_time": "2000-01-01T00:02:16Z"
        }, 
        "model": "archive.runcomponent", 
        "pk": 13
    }, 
    {
        "fields": {
            "_redacted": null, 
            "_runcomponentstate": 3, 
            "end_time": "2000-01-01T00:02:19Z", 
            "execrecord": 7, 
            "reused": false, 
            "start_time": "2000-01-01T00:02:18Z"
        }, 
        "model": "archive.runcomponent", 
        "pk": 14
    }, 
    {
        "fields": {
            "pipelinestep": 1, 
            "run": 1
        }, 
        "model": "archive.runstep", 
        "pk": 1
    }, 
    {
        "fields": {
            "pipelinestep": 1, 
            "run": 2
        }, 
        "model": "archive.runstep", 
        "pk": 4
    }, 
    {
        "fields": {
            "pipelinestep": 2, 
            "run": 3
        }, 
        "model": "archive.runstep", 
        "pk": 7
    }, 
    {
        "fields": {
            "pipelinestep": 3, 
            "run": 4
        }, 
        "model": "archive.runstep", 
        "pk": 10
    }, 
    {
        "fields": {
            "pipelinestep": 4, 
            "run": 4
        }, 
        "model": "archive.runstep", 
        "pk": 11
    }, 
    {
        "fields": {
            "PSIC": 1, 
            "dest_runstep": 1
        }, 
        "model": "archive.runsic", 
        "pk": 2
    }, 
    {
        "fields": {
            "PSIC": 1, 
            "dest_runstep": 4
        }, 
        "model": "archive.runsic", 
        "pk": 5
    }, 
    {
        "fields": {
            "PSIC": 3, 
            "dest_runstep": 7
        }, 
        "model": "archive.runsic", 
        "pk": 8
    }, 
    {
        "fields": {
            "PSIC": 5, 
            "dest_runstep": 10
        }, 
        "model": "archive.runsic", 
        "pk": 12
    }, 
    {
        "fields": {
            "PSIC": 6, 
            "dest_runstep": 11
        }, 
        "model": "archive.runsic", 
        "pk": 13
    }, 
    {
        "fields": {
            "pipelineoutputcable": 2, 
            "run": 1
        }, 
        "model": "archive.runoutputcable", 
        "pk": 3
    }, 
    {
        "fields": {
            "pipelineoutputcable": 2, 
            "run": 2
        }, 
        "model": "archive.runoutputcable", 
        "pk": 6
    }, 
    {
        "fields": {
            "pipelineoutputcable": 4, 
            "run": 3
        }, 
        "model": "archive.runoutputcable", 
        "pk": 9
    }, 
    {
        "fields": {
            "pipelineoutputcable": 7, 
            "run": 4
        }, 
        "model": "archive.runoutputcable", 
        "pk": 14
    }, 
    {
        "fields": {
            "end_time": "2000-01-01T00:00:40Z", 
            "invoking_record": 2, 
            "record": 2, 
            "start_time": "2000-01-01T00:00:40Z"
        }, 
        "model": "archive.execlog", 
        "pk": 1
    }, 
    {
        "fields": {
            "end_time": "2000-01-01T00:00:41Z", 
            "invoking_record": 1, 
            "record": 1, 
            "start_time": "2000-01-01T00:00:41Z"
        }, 
        "model": "archive.execlog", 
        "pk": 2
    }, 
    {
        "fields": {
            "end_time": "2000-01-01T00:00:42Z", 
            "invoking_record": 3, 
            "record": 3, 
            "start_time": "2000-01-01T00:00:42Z"
        }, 
        "model": "archive.execlog", 
        "pk": 3
    }, 
    {
        "fields": {
            "end_time": "2000-01-01T00:01:44Z", 
            "invoking_record": 8, 
            "record": 8, 
            "start_time": "2000-01-01T00:01:44Z"
        }, 
        "model": "archive.execlog", 
        "pk": 4
    }, 
    {
        "fields": {
            "end_time": "2000-01-01T00:01:44Z", 
            "invoking_record": 7, 
            "record": 7, 
            "start_time": "2000-01-01T00:01:44Z"
        }, 
        "model": "archive.execlog", 
        "pk": 5
    }, 
    {
        "fields": {
            "end_time": "2000-01-01T00:01:45Z", 
            "invoking_record": 9, 
            "record": 9, 
            "start_time": "2000-01-01T00:01:45Z"
        }, 
        "model": "archive.execlog", 
        "pk": 6
    }, 
    {
        "fields": {
            "end_time": "2000-01-01T00:02:16Z", 
            "invoking_record": 13, 
            "record": 13, 
            "start_time": "2000-01-01T00:02:16Z"
        }, 
        "model": "archive.execlog", 
        "pk": 7
    }, 
    {
        "fields": {
            "end_time": "2000-01-01T00:02:17Z", 
            "invoking_record": 11, 
            "record": 11, 
            "start_time": "2000-01-01T00:02:17Z"
        }, 
        "model": "archive.execlog", 
        "pk": 8
    }, 
    {
        "fields": {
            "end_time": "2000-01-01T00:02:18Z", 
            "invoking_record": 14, 
            "record": 14, 
            "start_time": "2000-01-01T00:02:18Z"
        }, 
        "model": "archive.execlog", 
        "pk": 9
    }, 
    {
        "fields": {
            "are_checksums_OK": true, 
            "code_redacted": false, 
            "error_log": "Logs/step1_stderr.txt", 
            "error_redacted": false, 
            "execlog": 2, 
            "output_log": "Logs/step1_stdout.txt", 
            "output_redacted": false, 
            "return_code": 0
        }, 
        "model": "archive.methodoutput", 
        "pk": 1
    }, 
    {
        "fields": {
            "are_checksums_OK": true, 
            "code_redacted": false, 
            "error_log": "Logs/step1_stderr_UFTmCb8.txt", 
            "error_redacted": false, 
            "execlog": 5, 
            "output_log": "Logs/step1_stdout_3SwNypq.txt", 
            "output_redacted": false, 
            "return_code": 0
        }, 
        "model": "archive.methodoutput", 
        "pk": 2
    }, 
    {
        "fields": {
            "are_checksums_OK": true, 
            "code_redacted": false, 
            "error_log": "Logs/step2_stderr.txt", 
            "error_redacted": false, 
            "execlog": 8, 
            "output_log": "Logs/step2_stdout.txt", 
            "output_redacted": false, 
            "return_code": 0
        }, 
        "model": "archive.methodoutput", 
        "pk": 3
    }, 
    {
        "fields": {
            "compounddatatype": 6, 
            "dataset": 1, 
            "num_rows": 10
        }, 
        "model": "librarian.datasetstructure", 
        "pk": 1
    }, 
    {
        "fields": {
            "compounddatatype": 6, 
            "dataset": 2, 
            "num_rows": 10
        }, 
        "model": "librarian.datasetstructure", 
        "pk": 2
    }, 
    {
        "fields": {
            "compounddatatype": 6, 
            "dataset": 3, 
            "num_rows": 10
        }, 
        "model": "librarian.datasetstructure", 
        "pk": 3
    }, 
    {
        "fields": {
            "compounddatatype": 6, 
            "dataset": 4, 
            "num_rows": 10
        }, 
        "model": "librarian.datasetstructure", 
        "pk": 4
    }, 
    {
        "fields": {
            "generator": 1
        }, 
        "model": "librarian.execrecord", 
        "pk": 1
    }, 
    {
        "fields": {
            "generator": 2
        }, 
        "model": "librarian.execrecord", 
        "pk": 2
    }, 
    {
        "fields": {
            "generator": 3
        }, 
        "model": "librarian.execrecord", 
        "pk": 3
    }, 
    {
        "fields": {
            "generator": 5
        }, 
        "model": "librarian.execrecord", 
        "pk": 4
    }, 
    {
        "fields": {
            "generator": 6
        }, 
        "model": "librarian.execrecord", 
        "pk": 5
    }, 
    {
        "fields": {
            "generator": 8
        }, 
        "model": "librarian.execrecord", 
        "pk": 6
    }, 
    {
        "fields": {
            "generator": 9
        }, 
        "model": "librarian.execrecord", 
        "pk": 7
    }, 
    {
        "fields": {
            "dataset": 1, 
            "execrecord": 1, 
            "generic_input": 11
        }, 
        "model": "librarian.execrecordin", 
        "pk": 1
    }, 
    {
        "fields": {
            "dataset": 1, 
            "execrecord": 2, 
            "generic_input": 7
        }, 
        "model": "librarian.execrecordin", 
        "pk": 2
    }, 
    {
        "fields": {
            "dataset": 2, 
            "execrecord": 3, 
            "generic_input": 8
        }, 
        "model": "librarian.execrecordin", 
        "pk": 3
    }, 
    {
        "fields": {
            "dataset": 1, 
            "execrecord": 4, 
            "generic_input": 9
        }, 
        "model": "librarian.execrecordin", 
        "pk": 4
    }, 
    {
        "fields": {
            "dataset": 3, 
            "execrecord": 5, 
            "generic_input": 10
        }, 
        "model": "librarian.execrecordin", 
        "pk": 5
    }, 
    {
        "fields": {
            "dataset": 3, 
            "execrecord": 6, 
            "generic_input": 7
        }, 
        "model": "librarian.execrecordin", 
        "pk": 6
    }, 
    {
        "fields": {
            "dataset": 4, 
            "execrecord": 7, 
            "generic_input": 8
        }, 
        "model": "librarian.execrecordin", 
        "pk": 7
    }, 
    {
        "fields": {
            "dataset": 1, 
            "execrecord": 1, 
            "generic_output": 7
        }, 
        "model": "librarian.execrecordout", 
        "pk": 1
    }, 
    {
        "fields": {
            "dataset": 2, 
            "execrecord": 2, 
            "generic_output": 8
        }, 
        "model": "librarian.execrecordout", 
        "pk": 2
    }, 
    {
        "fields": {
            "dataset": 2, 
            "execrecord": 3, 
            "generic_output": 13
        }, 
        "model": "librarian.execrecordout", 
        "pk": 3
    }, 
    {
        "fields": {
            "dataset": 3, 
            "execrecord": 4, 
            "generic_output": 10
        }, 
        "model": "librarian.execrecordout", 
        "pk": 4
    }, 
    {
        "fields": {
            "dataset": 3, 
            "execrecord": 5, 
            "generic_output": 16
        }, 
        "model": "librarian.execrecordout", 
        "pk": 5
    }, 
    {
        "fields": {
            "dataset": 4, 
            "execrecord": 6, 
            "generic_output": 8
        }, 
        "model": "librarian.execrecordout", 
        "pk": 6
    }, 
    {
        "fields": {
            "dataset": 4, 
            "execrecord": 7, 
            "generic_output": 19
        }, 
        "model": "librarian.execrecordout", 
        "pk": 7
    }, 
    {
        "fields": {
            "fill_colour": "", 
            "name": "", 
            "outputs_to_delete": [], 
            "pipeline": 4, 
            "step_num": 1, 
            "transformation": 7, 
            "x": 0.0, 
            "y": 0.0
        }, 
        "model": "pipeline.pipelinestep", 
        "pk": 1
    }, 
    {
        "fields": {
            "fill_colour": "", 
            "name": "", 
            "outputs_to_delete": [], 
            "pipeline": 5, 
            "step_num": 1, 
            "transformation": 8, 
            "x": 0.0, 
            "y": 0.0
        }, 
        "model": "pipeline.pipelinestep", 
        "pk": 2
    }, 
    {
        "fields": {
            "fill_colour": "", 
            "name": "", 
            "outputs_to_delete": [], 
            "pipeline": 6, 
            "step_num": 1, 
            "transformation": 8, 
            "x": 0.0, 
            "y": 0.0
        }, 
        "model": "pipeline.pipelinestep", 
        "pk": 3
    }, 
    {
        "fields": {
            "fill_colour": "", 
            "name": "", 
            "outputs_to_delete": [], 
            "pipeline": 6, 
            "step_num": 2, 
            "transformation": 7, 
            "x": 0.0, 
            "y": 0.0
        }, 
        "model": "pipeline.pipelinestep", 
        "pk": 4
    }, 
    {
        "fields": {
            "fill_colour": "", 
            "name": "", 
            "outputs_to_delete": [
                8
            ], 
            "pipeline": 9, 
            "step_num": 1, 
            "transformation": 7, 
            "x": 0.0, 
            "y": 0.0
        }, 
        "model": "pipeline.pipelinestep", 
        "pk": 5
    }, 
    {
        "fields": {
            "fill_colour": "", 
            "name": "", 
            "outputs_to_delete": [
                10
            ], 
            "pipeline": 10, 
            "step_num": 1, 
            "transformation": 8, 
            "x": 0.0, 
            "y": 0.0
        }, 
        "model": "pipeline.pipelinestep", 
        "pk": 6
    }, 
    {
        "fields": {
            "fill_colour": "", 
            "name": "", 
            "outputs_to_delete": [
                8
            ], 
            "pipeline": 10, 
            "step_num": 2, 
            "transformation": 7, 
            "x": 0.0, 
            "y": 0.0
        }, 
        "model": "pipeline.pipelinestep", 
        "pk": 7
    }, 
    {
        "fields": {
            "fill_colour": "", 
            "name": "", 
            "outputs_to_delete": [
                10
            ], 
            "pipeline": 11, 
            "step_num": 1, 
            "transformation": 8, 
            "x": 0.0, 
            "y": 0.0
        }, 
        "model": "pipeline.pipelinestep", 
        "pk": 8
    }, 
    {
        "fields": {
            "fill_colour": "", 
            "name": "", 
            "outputs_to_delete": [], 
            "pipeline": 11, 
            "step_num": 2, 
            "transformation": 7, 
            "x": 0.0, 
            "y": 0.0
        }, 
        "model": "pipeline.pipelinestep", 
        "pk": 9
    }, 
    {
        "fields": {
            "fill_colour": "", 
            "name": "", 
            "outputs_to_delete": [], 
            "pipeline": 13, 
            "step_num": 1, 
            "transformation": 8, 
            "x": 0.0, 
            "y": 0.0
        }, 
        "model": "pipeline.pipelinestep", 
        "pk": 10
    }, 
    {
        "fields": {
            "fill_colour": "", 
            "name": "", 
            "outputs_to_delete": [], 
            "pipeline": 13, 
            "step_num": 2, 
            "transformation": 12, 
            "x": 0.0, 
            "y": 0.0
        }, 
        "model": "pipeline.pipelinestep", 
        "pk": 11
    }, 
    {
        "fields": {}, 
        "model": "pipeline.pipelinecable", 
        "pk": 1
    }, 
    {
        "fields": {}, 
        "model": "pipeline.pipelinecable", 
        "pk": 2
    }, 
    {
        "fields": {}, 
        "model": "pipeline.pipelinecable", 
        "pk": 3
    }, 
    {
        "fields": {}, 
        "model": "pipeline.pipelinecable", 
        "pk": 4
    }, 
    {
        "fields": {}, 
        "model": "pipeline.pipelinecable", 
        "pk": 5
    }, 
    {
        "fields": {}, 
        "model": "pipeline.pipelinecable", 
        "pk": 6
    }, 
    {
        "fields": {}, 
        "model": "pipeline.pipelinecable", 
        "pk": 7
    }, 
    {
        "fields": {}, 
        "model": "pipeline.pipelinecable", 
        "pk": 8
    }, 
    {
        "fields": {}, 
        "model": "pipeline.pipelinecable", 
        "pk": 10
    }, 
    {
        "fields": {}, 
        "model": "pipeline.pipelinecable", 
        "pk": 11
    }, 
    {
        "fields": {}, 
        "model": "pipeline.pipelinecable", 
        "pk": 13
    }, 
    {
        "fields": {}, 
        "model": "pipeline.pipelinecable", 
        "pk": 14
    }, 
    {
        "fields": {}, 
        "model": "pipeline.pipelinecable", 
        "pk": 15
    }, 
    {
        "fields": {}, 
        "model": "pipeline.pipelinecable", 
        "pk": 16
    }, 
    {
        "fields": {}, 
        "model": "pipeline.pipelinecable", 
        "pk": 17
    }, 
    {
        "fields": {}, 
        "model": "pipeline.pipelinecable", 
        "pk": 18
    }, 
    {
        "fields": {
            "dest": 7, 
            "keep_output": false, 
            "pipelinestep": 1, 
            "source": 11, 
            "source_step": 0
        }, 
        "model": "pipeline.pipelinestepinputcable", 
        "pk": 1
    }, 
    {
        "fields": {
            "dest": 9, 
            "keep_output": false, 
            "pipelinestep": 2, 
            "source": 14, 
            "source_step": 0
        }, 
        "model": "pipeline.pipelinestepinputcable", 
        "pk": 3
    }, 
    {
        "fields": {
            "dest": 9, 
            "keep_output": false, 
            "pipelinestep": 3, 
            "source": 17, 
            "source_step": 0
        }, 
        "model": "pipeline.pipelinestepinputcable", 
        "pk": 5
    }, 
    {
        "fields": {
            "dest": 7, 
            "keep_output": false, 
            "pipelinestep": 4, 
            "source": 10, 
            "source_step": 1
        }, 
        "model": "pipeline.pipelinestepinputcable", 
        "pk": 6
    }, 
    {
        "fields": {
            "dest": 7, 
            "keep_output": false, 
            "pipelinestep": 5, 
            "source": 20, 
            "source_step": 0
        }, 
        "model": "pipeline.pipelinestepinputcable", 
        "pk": 8
    }, 
    {
        "fields": {
            "dest": 9, 
            "keep_output": false, 
            "pipelinestep": 6, 
            "source": 22, 
            "source_step": 0
        }, 
        "model": "pipeline.pipelinestepinputcable", 
        "pk": 10
    }, 
    {
        "fields": {
            "dest": 7, 
            "keep_output": false, 
            "pipelinestep": 7, 
            "source": 10, 
            "source_step": 1
        }, 
        "model": "pipeline.pipelinestepinputcable", 
        "pk": 11
    }, 
    {
        "fields": {
            "dest": 9, 
            "keep_output": false, 
            "pipelinestep": 8, 
            "source": 24, 
            "source_step": 0
        }, 
        "model": "pipeline.pipelinestepinputcable", 
        "pk": 13
    }, 
    {
        "fields": {
            "dest": 7, 
            "keep_output": false, 
            "pipelinestep": 9, 
            "source": 10, 
            "source_step": 1
        }, 
        "model": "pipeline.pipelinestepinputcable", 
        "pk": 14
    }, 
    {
        "fields": {
            "dest": 9, 
            "keep_output": false, 
            "pipelinestep": 10, 
            "source": 29, 
            "source_step": 0
        }, 
        "model": "pipeline.pipelinestepinputcable", 
        "pk": 16
    }, 
    {
        "fields": {
            "dest": 27, 
            "keep_output": false, 
            "pipelinestep": 11, 
            "source": 10, 
            "source_step": 1
        }, 
        "model": "pipeline.pipelinestepinputcable", 
        "pk": 17
    }, 
    {
        "fields": {
            "output_cdt": 6, 
            "output_idx": 1, 
            "output_name": "complemented_lab_data", 
            "pipeline": 4, 
            "source": 8, 
            "source_step": 1
        }, 
        "model": "pipeline.pipelineoutputcable", 
        "pk": 2
    }, 
    {
        "fields": {
            "output_cdt": 6, 
            "output_idx": 1, 
            "output_name": "reversed_lab_data", 
            "pipeline": 5, 
            "source": 10, 
            "source_step": 1
        }, 
        "model": "pipeline.pipelineoutputcable", 
        "pk": 4
    }, 
    {
        "fields": {
            "output_cdt": 6, 
            "output_idx": 1, 
            "output_name": "reverse_and_complemented_lab_data", 
            "pipeline": 6, 
            "source": 8, 
            "source_step": 2
        }, 
        "model": "pipeline.pipelineoutputcable", 
        "pk": 7
    }, 
    {
        "fields": {
            "output_cdt": 6, 
            "output_idx": 1, 
            "output_name": "revcomped_lab_data", 
            "pipeline": 11, 
            "source": 8, 
            "source_step": 2
        }, 
        "model": "pipeline.pipelineoutputcable", 
        "pk": 15
    }, 
    {
        "fields": {
            "output_cdt": 6, 
            "output_idx": 1, 
            "output_name": "RNAd_lab_data", 
            "pipeline": 13, 
            "source": 28, 
            "source_step": 2
        }, 
        "model": "pipeline.pipelineoutputcable", 
        "pk": 18
    }, 
    {
        "fields": {
            "x": 0.0, 
            "y": 0.0
        }, 
        "model": "transformation.transformationxput", 
        "pk": 1
    }, 
    {
        "fields": {
            "x": 0.0, 
            "y": 0.0
        }, 
        "model": "transformation.transformationxput", 
        "pk": 2
    }, 
    {
        "fields": {
            "x": 0.0, 
            "y": 0.0
        }, 
        "model": "transformation.transformationxput", 
        "pk": 3
    }, 
    {
        "fields": {
            "x": 0.0, 
            "y": 0.0
        }, 
        "model": "transformation.transformationxput", 
        "pk": 4
    }, 
    {
        "fields": {
            "x": 0.0, 
            "y": 0.0
        }, 
        "model": "transformation.transformationxput", 
        "pk": 5
    }, 
    {
        "fields": {
            "x": 0.0, 
            "y": 0.0
        }, 
        "model": "transformation.transformationxput", 
        "pk": 6
    }, 
    {
        "fields": {
            "x": 0.0, 
            "y": 0.0
        }, 
        "model": "transformation.transformationxput", 
        "pk": 7
    }, 
    {
        "fields": {
            "x": 0.0, 
            "y": 0.0
        }, 
        "model": "transformation.transformationxput", 
        "pk": 8
    }, 
    {
        "fields": {
            "x": 0.0, 
            "y": 0.0
        }, 
        "model": "transformation.transformationxput", 
        "pk": 9
    }, 
    {
        "fields": {
            "x": 0.0, 
            "y": 0.0
        }, 
        "model": "transformation.transformationxput", 
        "pk": 10
    }, 
    {
        "fields": {
            "x": 0.0, 
            "y": 0.0
        }, 
        "model": "transformation.transformationxput", 
        "pk": 11
    }, 
    {
        "fields": {
            "x": 0.0, 
            "y": 0.0
        }, 
        "model": "transformation.transformationxput", 
        "pk": 13
    }, 
    {
        "fields": {
            "x": 0.0, 
            "y": 0.0
        }, 
        "model": "transformation.transformationxput", 
        "pk": 14
    }, 
    {
        "fields": {
            "x": 0.0, 
            "y": 0.0
        }, 
        "model": "transformation.transformationxput", 
        "pk": 16
    }, 
    {
        "fields": {
            "x": 0.0, 
            "y": 0.0
        }, 
        "model": "transformation.transformationxput", 
        "pk": 17
    }, 
    {
        "fields": {
            "x": 0.0, 
            "y": 0.0
        }, 
        "model": "transformation.transformationxput", 
        "pk": 19
    }, 
    {
        "fields": {
            "x": 0.0, 
            "y": 0.0
        }, 
        "model": "transformation.transformationxput", 
        "pk": 20
    }, 
    {
        "fields": {
            "x": 0.0, 
            "y": 0.0
        }, 
        "model": "transformation.transformationxput", 
        "pk": 22
    }, 
    {
        "fields": {
            "x": 0.0, 
            "y": 0.0
        }, 
        "model": "transformation.transformationxput", 
        "pk": 24
    }, 
    {
        "fields": {
            "x": 0.0, 
            "y": 0.0
        }, 
        "model": "transformation.transformationxput", 
        "pk": 26
    }, 
    {
        "fields": {
            "x": 0.0, 
            "y": 0.0
        }, 
        "model": "transformation.transformationxput", 
        "pk": 27
    }, 
    {
        "fields": {
            "x": 0.0, 
            "y": 0.0
        }, 
        "model": "transformation.transformationxput", 
        "pk": 28
    }, 
    {
        "fields": {
            "x": 0.0, 
            "y": 0.0
        }, 
        "model": "transformation.transformationxput", 
        "pk": 29
    }, 
    {
        "fields": {
            "x": 0.0, 
            "y": 0.0
        }, 
        "model": "transformation.transformationxput", 
        "pk": 31
    }, 
    {
        "fields": {
            "compounddatatype": 5, 
            "max_row": null, 
            "min_row": null, 
            "transf_xput": 1
        }, 
        "model": "transformation.xputstructure", 
        "pk": 1
    }, 
    {
        "fields": {
            "compounddatatype": 5, 
            "max_row": null, 
            "min_row": null, 
            "transf_xput": 2
        }, 
        "model": "transformation.xputstructure", 
        "pk": 2
    }, 
    {
        "fields": {
            "compounddatatype": 5, 
            "max_row": null, 
            "min_row": null, 
            "transf_xput": 3
        }, 
        "model": "transformation.xputstructure", 
        "pk": 3
    }, 
    {
        "fields": {
            "compounddatatype": 5, 
            "max_row": null, 
            "min_row": null, 
            "transf_xput": 4
        }, 
        "model": "transformation.xputstructure", 
        "pk": 4
    }, 
    {
        "fields": {
            "compounddatatype": 6, 
            "max_row": null, 
            "min_row": null, 
            "transf_xput": 7
        }, 
        "model": "transformation.xputstructure", 
        "pk": 5
    }, 
    {
        "fields": {
            "compounddatatype": 6, 
            "max_row": null, 
            "min_row": null, 
            "transf_xput": 8
        }, 
        "model": "transformation.xputstructure", 
        "pk": 6
    }, 
    {
        "fields": {
            "compounddatatype": 6, 
            "max_row": null, 
            "min_row": null, 
            "transf_xput": 9
        }, 
        "model": "transformation.xputstructure", 
        "pk": 7
    }, 
    {
        "fields": {
            "compounddatatype": 6, 
            "max_row": null, 
            "min_row": null, 
            "transf_xput": 10
        }, 
        "model": "transformation.xputstructure", 
        "pk": 8
    }, 
    {
        "fields": {
            "compounddatatype": 6, 
            "max_row": null, 
            "min_row": null, 
            "transf_xput": 11
        }, 
        "model": "transformation.xputstructure", 
        "pk": 9
    }, 
    {
        "fields": {
            "compounddatatype": 6, 
            "max_row": null, 
            "min_row": null, 
            "transf_xput": 13
        }, 
        "model": "transformation.xputstructure", 
        "pk": 11
    }, 
    {
        "fields": {
            "compounddatatype": 6, 
            "max_row": null, 
            "min_row": null, 
            "transf_xput": 14
        }, 
        "model": "transformation.xputstructure", 
        "pk": 12
    }, 
    {
        "fields": {
            "compounddatatype": 6, 
            "max_row": null, 
            "min_row": null, 
            "transf_xput": 16
        }, 
        "model": "transformation.xputstructure", 
        "pk": 14
    }, 
    {
        "fields": {
            "compounddatatype": 6, 
            "max_row": null, 
            "min_row": null, 
            "transf_xput": 17
        }, 
        "model": "transformation.xputstructure", 
        "pk": 15
    }, 
    {
        "fields": {
            "compounddatatype": 6, 
            "max_row": null, 
            "min_row": null, 
            "transf_xput": 19
        }, 
        "model": "transformation.xputstructure", 
        "pk": 17
    }, 
    {
        "fields": {
            "compounddatatype": 6, 
            "max_row": null, 
            "min_row": null, 
            "transf_xput": 20
        }, 
        "model": "transformation.xputstructure", 
        "pk": 18
    }, 
    {
        "fields": {
            "compounddatatype": 6, 
            "max_row": null, 
            "min_row": null, 
            "transf_xput": 22
        }, 
        "model": "transformation.xputstructure", 
        "pk": 20
    }, 
    {
        "fields": {
            "compounddatatype": 6, 
            "max_row": null, 
            "min_row": null, 
            "transf_xput": 24
        }, 
        "model": "transformation.xputstructure", 
        "pk": 22
    }, 
    {
        "fields": {
            "compounddatatype": 6, 
            "max_row": null, 
            "min_row": null, 
            "transf_xput": 26
        }, 
        "model": "transformation.xputstructure", 
        "pk": 24
    }, 
    {
        "fields": {
            "compounddatatype": 6, 
            "max_row": null, 
            "min_row": null, 
            "transf_xput": 27
        }, 
        "model": "transformation.xputstructure", 
        "pk": 25
    }, 
    {
        "fields": {
            "compounddatatype": 6, 
            "max_row": null, 
            "min_row": null, 
            "transf_xput": 28
        }, 
        "model": "transformation.xputstructure", 
        "pk": 26
    }, 
    {
        "fields": {
            "compounddatatype": 6, 
            "max_row": null, 
            "min_row": null, 
            "transf_xput": 29
        }, 
        "model": "transformation.xputstructure", 
        "pk": 27
    }, 
    {
        "fields": {
            "compounddatatype": 6, 
            "max_row": null, 
            "min_row": null, 
            "transf_xput": 31
        }, 
        "model": "transformation.xputstructure", 
        "pk": 29
    }, 
    {
        "fields": {
            "dataset_idx": 1, 
            "dataset_name": "strings", 
            "transformation": 1
        }, 
        "model": "transformation.transformationinput", 
        "pk": 1
    }, 
    {
        "fields": {
            "dataset_idx": 1, 
            "dataset_name": "strings", 
            "transformation": 2
        }, 
        "model": "transformation.transformationinput", 
        "pk": 3
    }, 
    {
        "fields": {
            "dataset_idx": 1, 
            "dataset_name": "raw", 
            "transformation": 3
        }, 
        "model": "transformation.transformationinput", 
        "pk": 5
    }, 
    {
        "fields": {
            "dataset_idx": 1, 
            "dataset_name": "DNA_to_complement", 
            "transformation": 7
        }, 
        "model": "transformation.transformationinput", 
        "pk": 7
    }, 
    {
        "fields": {
            "dataset_idx": 1, 
            "dataset_name": "DNA_to_reverse", 
            "transformation": 8
        }, 
        "model": "transformation.transformationinput", 
        "pk": 9
    }, 
    {
        "fields": {
            "dataset_idx": 1, 
            "dataset_name": "lab_data", 
            "transformation": 4
        }, 
        "model": "transformation.transformationinput", 
        "pk": 11
    }, 
    {
        "fields": {
            "dataset_idx": 1, 
            "dataset_name": "lab_data", 
            "transformation": 5
        }, 
        "model": "transformation.transformationinput", 
        "pk": 14
    }, 
    {
        "fields": {
            "dataset_idx": 1, 
            "dataset_name": "lab_data", 
            "transformation": 6
        }, 
        "model": "transformation.transformationinput", 
        "pk": 17
    }, 
    {
        "fields": {
            "dataset_idx": 1, 
            "dataset_name": "lab_data", 
            "transformation": 9
        }, 
        "model": "transformation.transformationinput", 
        "pk": 20
    }, 
    {
        "fields": {
            "dataset_idx": 1, 
            "dataset_name": "lab_data", 
            "transformation": 10
        }, 
        "model": "transformation.transformationinput", 
        "pk": 22
    }, 
    {
        "fields": {
            "dataset_idx": 1, 
            "dataset_name": "lab_data", 
            "transformation": 11
        }, 
        "model": "transformation.transformationinput", 
        "pk": 24
    }, 
    {
        "fields": {
            "dataset_idx": 1, 
            "dataset_name": "DNA_to_convert", 
            "transformation": 12
        }, 
        "model": "transformation.transformationinput", 
        "pk": 27
    }, 
    {
        "fields": {
            "dataset_idx": 1, 
            "dataset_name": "lab_data", 
            "transformation": 13
        }, 
        "model": "transformation.transformationinput", 
        "pk": 29
    }, 
    {
        "fields": {
            "dataset_idx": 1, 
            "dataset_name": "same_strings", 
            "transformation": 1
        }, 
        "model": "transformation.transformationoutput", 
        "pk": 2
    }, 
    {
        "fields": {
            "dataset_idx": 1, 
            "dataset_name": "untouched_strings", 
            "transformation": 2
        }, 
        "model": "transformation.transformationoutput", 
        "pk": 4
    }, 
    {
        "fields": {
            "dataset_idx": 1, 
            "dataset_name": "same_raw", 
            "transformation": 3
        }, 
        "model": "transformation.transformationoutput", 
        "pk": 6
    }, 
    {
        "fields": {
            "dataset_idx": 1, 
            "dataset_name": "complemented_DNA", 
            "transformation": 7
        }, 
        "model": "transformation.transformationoutput", 
        "pk": 8
    }, 
    {
        "fields": {
            "dataset_idx": 1, 
            "dataset_name": "reversed_DNA", 
            "transformation": 8
        }, 
        "model": "transformation.transformationoutput", 
        "pk": 10
    }, 
    {
        "fields": {
            "dataset_idx": 1, 
            "dataset_name": "complemented_lab_data", 
            "transformation": 4
        }, 
        "model": "transformation.transformationoutput", 
        "pk": 13
    }, 
    {
        "fields": {
            "dataset_idx": 1, 
            "dataset_name": "reversed_lab_data", 
            "transformation": 5
        }, 
        "model": "transformation.transformationoutput", 
        "pk": 16
    }, 
    {
        "fields": {
            "dataset_idx": 1, 
            "dataset_name": "reverse_and_complemented_lab_data", 
            "transformation": 6
        }, 
        "model": "transformation.transformationoutput", 
        "pk": 19
    }, 
    {
        "fields": {
            "dataset_idx": 1, 
            "dataset_name": "revcomped_lab_data", 
            "transformation": 11
        }, 
        "model": "transformation.transformationoutput", 
        "pk": 26
    }, 
    {
        "fields": {
            "dataset_idx": 1, 
            "dataset_name": "RNA", 
            "transformation": 12
        }, 
        "model": "transformation.transformationoutput", 
        "pk": 28
    }, 
    {
        "fields": {
            "dataset_idx": 1, 
            "dataset_name": "RNAd_lab_data", 
            "transformation": 13
        }, 
        "model": "transformation.transformationoutput", 
        "pk": 31
    }, 
    {
        "fields": {
            "date_joined": "2000-01-01T00:00:00Z", 
            "email": "bob@talabs.com", 
            "first_name": "", 
            "groups": [
                1
            ], 
            "is_active": true, 
            "is_staff": false, 
            "is_superuser": false, 
            "last_login": null, 
            "last_name": "", 
            "password": "pbkdf2_sha256$24000$lXiYcr2QSeJq$SWwkdzugKQSbpZVcGAuqs6wIwvQrdtLcU00xDaLY8xA=", 
            "user_permissions": [], 
            "username": "bob"
        }, 
        "model": "auth.user", 
        "pk": 2
    }, 
    {
        "fields": {
            "date_joined": "2000-01-01T00:00:01Z", 
            "email": "alice@talabs.com", 
            "first_name": "", 
            "groups": [
                1
            ], 
            "is_active": true, 
            "is_staff": false, 
            "is_superuser": false, 
            "last_login": null, 
            "last_name": "", 
            "password": "pbkdf2_sha256$24000$nla7H9ok9qTx$C/iEn4cFwoLSRI04EB9aVPyJLWjL8kxf80LCsBn7IAg=", 
            "user_permissions": [], 
            "username": "alice"
        }, 
        "model": "auth.user", 
        "pk": 3
    }, 
    {
        "fields": {
            "date_created": "2000-01-01T00:00:00Z", 
            "description": "sequences of ASCII characters", 
            "groups_allowed": [
                1
            ], 
            "name": "my_string", 
            "prototype": null, 
            "restricts": [
                1
            ], 
            "user": 2, 
            "users_allowed": []
        }, 
        "model": "metadata.datatype", 
        "pk": 8
    }, 
    {
        "fields": {
            "date_created": "2000-01-01T00:00:01Z", 
            "description": "sequences of ATCG", 
            "groups_allowed": [
                1
            ], 
            "name": "DNA", 
            "prototype": null, 
            "restricts": [
                1
            ], 
            "user": 3, 
            "users_allowed": []
        }, 
        "model": "metadata.datatype", 
        "pk": 9
    }, 
    {
        "fields": {
            "groups_allowed": [
                1
            ], 
            "name": "", 
            "user": 2, 
            "users_allowed": []
        }, 
        "model": "metadata.compounddatatype", 
        "pk": 5
    }, 
    {
        "fields": {
            "groups_allowed": [
                1
            ], 
            "name": "", 
            "user": 3, 
            "users_allowed": []
        }, 
        "model": "metadata.compounddatatype", 
        "pk": 6
    }, 
    {
        "fields": {
            "_runstate": 3, 
            "description": "", 
            "end_time": "2000-01-01T00:00:42Z", 
            "groups_allowed": [], 
            "name": "", 
            "parent_runstep": null, 
            "paused_by": null, 
            "pipeline": 4, 
            "purged": false, 
            "runbatch": null, 
            "sandbox_path": "/home/walter/kivemediaroot/Sandboxes/useralice_run1_f4T0A0", 
            "start_time": "2000-01-01T00:00:40Z", 
            "stopped_by": null, 
            "time_queued": "2016-09-28T21:36:48.734Z", 
            "user": 3, 
            "users_allowed": []
        }, 
        "model": "archive.run", 
        "pk": 1
    }, 
    {
        "fields": {
            "_runstate": 3, 
            "description": "", 
            "end_time": "2000-01-01T00:01:13Z", 
            "groups_allowed": [], 
            "name": "", 
            "parent_runstep": null, 
            "paused_by": null, 
            "pipeline": 4, 
            "purged": false, 
            "runbatch": null, 
            "sandbox_path": "/home/walter/kivemediaroot/Sandboxes/useralice_run2_7Zot7p", 
            "start_time": "2000-01-01T00:01:13Z", 
            "stopped_by": null, 
            "time_queued": "2016-09-28T21:37:21.483Z", 
            "user": 3, 
            "users_allowed": []
        }, 
        "model": "archive.run", 
        "pk": 2
    }, 
    {
        "fields": {
            "_runstate": 3, 
            "description": "", 
            "end_time": "2000-01-01T00:01:45Z", 
            "groups_allowed": [], 
            "name": "", 
            "parent_runstep": null, 
            "paused_by": null, 
            "pipeline": 5, 
            "purged": false, 
            "runbatch": null, 
            "sandbox_path": "/home/walter/kivemediaroot/Sandboxes/useralice_run3__NG9Xj", 
            "start_time": "2000-01-01T00:01:44Z", 
            "stopped_by": null, 
            "time_queued": "2016-09-28T21:37:52.361Z", 
            "user": 3, 
            "users_allowed": []
        }, 
        "model": "archive.run", 
        "pk": 3
    }, 
    {
        "fields": {
            "_runstate": 3, 
            "description": "", 
            "end_time": "2000-01-01T00:02:19Z", 
            "groups_allowed": [], 
            "name": "", 
            "parent_runstep": null, 
            "paused_by": null, 
            "pipeline": 6, 
            "purged": false, 
            "runbatch": null, 
            "sandbox_path": "/home/walter/kivemediaroot/Sandboxes/useralice_run4__OtPbt", 
            "start_time": "2000-01-01T00:02:16Z", 
            "stopped_by": null, 
            "time_queued": "2016-09-28T21:38:24.366Z", 
            "user": 3, 
            "users_allowed": []
        }, 
        "model": "archive.run", 
        "pk": 4
    }, 
    {
        "fields": {
            "MD5_checksum": "0082bc75b97d81a1b92adaa894fef1bd", 
            "_redacted": false, 
            "dataset_file": "Datasets/2016_09/tmp9JpTpl", 
            "date_created": "2000-01-01T00:00:05Z", 
            "description": "data from the lab", 
            "external_path": "", 
            "externalfiledirectory": null, 
            "file_source": null, 
            "groups_allowed": [], 
            "name": "lab data", 
            "user": 3, 
            "users_allowed": []
        }, 
        "model": "librarian.dataset", 
        "pk": 1
    }, 
    {
        "fields": {
            "MD5_checksum": "c0d4cb49470a30a88ea5d4cf0c3324c9", 
            "_redacted": false, 
            "dataset_file": "Datasets/2016_09/step1_complemented_DNA.csv", 
            "date_created": "2000-01-01T00:00:41Z", 
            "description": "Generated data from a run of pipeline \"DNA complement:1 (v1)\" started at 2016-09-28 21:37:18.981070+00:00 by alice\nrun: 1\nuser: alice\nstep: 1\noutput: complemented_DNA", 
            "external_path": "", 
            "externalfiledirectory": null, 
            "file_source": 1, 
            "groups_allowed": [], 
            "name": "run1_step1_outputcomplemented_DNA", 
            "user": 3, 
            "users_allowed": []
        }, 
        "model": "librarian.dataset", 
        "pk": 2
    }, 
    {
        "fields": {
            "MD5_checksum": "c0d4cb49470a30a88ea5d4cf0c3324c9", 
            "_redacted": false, 
            "dataset_file": "Datasets/2016_09/step1_reversed_DNA.csv", 
            "date_created": "2000-01-01T00:01:44Z", 
            "description": "Generated data from a run of pipeline \"DNA reverse:1 (v1)\" started at 2016-09-28 21:38:22.573145+00:00 by alice\nrun: 3\nuser: alice\nstep: 1\noutput: reversed_DNA", 
            "external_path": "", 
            "externalfiledirectory": null, 
            "file_source": 7, 
            "groups_allowed": [], 
            "name": "run3_step1_outputreversed_DNA", 
            "user": 3, 
            "users_allowed": []
        }, 
        "model": "librarian.dataset", 
        "pk": 3
    }, 
    {
        "fields": {
            "MD5_checksum": "0082bc75b97d81a1b92adaa894fef1bd", 
            "_redacted": false, 
            "dataset_file": "Datasets/2016_09/step2_complemented_DNA.csv", 
            "date_created": "2000-01-01T00:02:17Z", 
            "description": "Generated data from a run of pipeline \"DNA revcomp:1 (v1)\" started at 2016-09-28 21:38:54.539960+00:00 by alice\nrun: 4\nuser: alice\nstep: 2\noutput: complemented_DNA", 
            "external_path": "", 
            "externalfiledirectory": null, 
            "file_source": 11, 
            "groups_allowed": [], 
            "name": "run4_step2_outputcomplemented_DNA", 
            "user": 3, 
            "users_allowed": []
        }, 
        "model": "librarian.dataset", 
        "pk": 4
    }, 
    {
        "fields": {
            "description": "a script to do nothing", 
            "filename": "noop.sh", 
            "groups_allowed": [
                1
            ], 
            "name": "noop", 
            "user": 2, 
            "users_allowed": []
        }, 
        "model": "method.coderesource", 
        "pk": 1
    }, 
    {
        "fields": {
            "description": "a script to complement DNA", 
            "filename": "complement.sh", 
            "groups_allowed": [
                1
            ], 
            "name": "DNA complement", 
            "user": 3, 
            "users_allowed": []
        }, 
        "model": "method.coderesource", 
        "pk": 2
    }, 
    {
        "fields": {
            "description": "a script to reverse DNA", 
            "filename": "reverse.sh", 
            "groups_allowed": [
                1
            ], 
            "name": "DNA reverse", 
            "user": 3, 
            "users_allowed": []
        }, 
        "model": "method.coderesource", 
        "pk": 3
    }, 
    {
        "fields": {
            "description": "a script to reverse DNA", 
            "filename": "DNA2RNA.sh", 
            "groups_allowed": [
                1
            ], 
            "name": "DNA to RNA", 
            "user": 3, 
            "users_allowed": []
        }, 
        "model": "method.coderesource", 
        "pk": 4
    }, 
    {
        "fields": {
            "MD5_checksum": "d218c00725d473639f347d456de381d8", 
            "coderesource": 1, 
            "content_file": "CodeResources/fdopen", 
            "groups_allowed": [
                1
            ], 
            "revision_DateTime": "2000-01-01T00:00:00Z", 
            "revision_desc": "first version", 
            "revision_name": "1", 
            "revision_number": 1, 
            "revision_parent": null, 
            "user": 2, 
            "users_allowed": []
        }, 
        "model": "method.coderesourcerevision", 
        "pk": 1
    }, 
    {
        "fields": {
            "MD5_checksum": "5699120b018a7932c07be0412483c622", 
            "coderesource": 2, 
            "content_file": "CodeResources/fdopen_URa7zVK", 
            "groups_allowed": [
                1
            ], 
            "revision_DateTime": "2000-01-01T00:00:01Z", 
            "revision_desc": "first version", 
            "revision_name": "1", 
            "revision_number": 1, 
            "revision_parent": null, 
            "user": 3, 
            "users_allowed": []
        }, 
        "model": "method.coderesourcerevision", 
        "pk": 2
    }, 
    {
        "fields": {
            "MD5_checksum": "196144423c5bb98d59d78c729ce842f4", 
            "coderesource": 3, 
            "content_file": "CodeResources/fdopen_gBBBXq6", 
            "groups_allowed": [
                1
            ], 
            "revision_DateTime": "2000-01-01T00:00:01Z", 
            "revision_desc": "first version", 
            "revision_name": "1", 
            "revision_number": 1, 
            "revision_parent": null, 
            "user": 3, 
            "users_allowed": []
        }, 
        "model": "method.coderesourcerevision", 
        "pk": 3
    }, 
    {
        "fields": {
            "MD5_checksum": "30e9a1ac1dad0c134d41bf826a53ba68", 
            "coderesource": 4, 
            "content_file": "CodeResources/fdopen_tmMF6zV", 
            "groups_allowed": [
                1
            ], 
            "revision_DateTime": "2000-01-01T00:00:08Z", 
            "revision_desc": "first version", 
            "revision_name": "1", 
            "revision_number": 1, 
            "revision_parent": null, 
            "user": 3, 
            "users_allowed": []
        }, 
        "model": "method.coderesourcerevision", 
        "pk": 4
    }, 
    {
        "fields": {
            "driver": 1, 
            "family": 1, 
            "groups_allowed": [
                1
            ], 
            "reusable": 1, 
            "revision_number": 1, 
            "revision_parent": null, 
            "tainted": false, 
            "threads": 1, 
            "users_allowed": []
        }, 
        "model": "method.method", 
        "pk": 1
    }, 
    {
        "fields": {
            "driver": 1, 
            "family": 2, 
            "groups_allowed": [
                1
            ], 
            "reusable": 1, 
            "revision_number": 1, 
            "revision_parent": null, 
            "tainted": false, 
            "threads": 1, 
            "users_allowed": []
        }, 
        "model": "method.method", 
        "pk": 2
    }, 
    {
        "fields": {
            "driver": 1, 
            "family": 3, 
            "groups_allowed": [
                1
            ], 
            "reusable": 1, 
            "revision_number": 1, 
            "revision_parent": null, 
            "tainted": false, 
            "threads": 1, 
            "users_allowed": []
        }, 
        "model": "method.method", 
        "pk": 3
    }, 
    {
        "fields": {
            "driver": 2, 
            "family": 4, 
            "groups_allowed": [
                1
            ], 
            "reusable": 1, 
            "revision_number": 1, 
            "revision_parent": null, 
            "tainted": false, 
            "threads": 1, 
            "users_allowed": []
        }, 
        "model": "method.method", 
        "pk": 7
    }, 
    {
        "fields": {
            "driver": 2, 
            "family": 5, 
            "groups_allowed": [
                1
            ], 
            "reusable": 1, 
            "revision_number": 1, 
            "revision_parent": null, 
            "tainted": false, 
            "threads": 1, 
            "users_allowed": []
        }, 
        "model": "method.method", 
        "pk": 8
    }, 
    {
        "fields": {
            "driver": 4, 
            "family": 6, 
            "groups_allowed": [
                1
            ], 
            "reusable": 1, 
            "revision_number": 1, 
            "revision_parent": null, 
            "tainted": false, 
            "threads": 1, 
            "users_allowed": []
        }, 
        "model": "method.method", 
        "pk": 12
    }, 
    {
        "fields": {
            "description": "a method to do nothing to strings", 
            "groups_allowed": [
                1
            ], 
            "name": "string noop", 
            "user": 2, 
            "users_allowed": []
        }, 
        "model": "method.methodfamily", 
        "pk": 1
    }, 
    {
        "fields": {
            "description": "a TOTALLY DIFFERENT method that TOTALLY does SOMETHING to strings by leaving them alone", 
            "groups_allowed": [
                1
            ], 
            "name": "string trivial", 
            "user": 2, 
            "users_allowed": []
        }, 
        "model": "method.methodfamily", 
        "pk": 2
    }, 
    {
        "fields": {
            "description": "do nothing to raw data", 
            "groups_allowed": [
                1
            ], 
            "name": "raw noop", 
            "user": 2, 
            "users_allowed": []
        }, 
        "model": "method.methodfamily", 
        "pk": 3
    }, 
    {
        "fields": {
            "description": "a method to complement strings of DNA", 
            "groups_allowed": [
                1
            ], 
            "name": "DNA complement", 
            "user": 3, 
            "users_allowed": []
        }, 
        "model": "method.methodfamily", 
        "pk": 4
    }, 
    {
        "fields": {
            "description": "a method to reverse strings of DNA", 
            "groups_allowed": [
                1
            ], 
            "name": "DNA reverse", 
            "user": 3, 
            "users_allowed": []
        }, 
        "model": "method.methodfamily", 
        "pk": 5
    }, 
    {
        "fields": {
            "description": "a method to turn strings of DNA into RNA", 
            "groups_allowed": [
                1
            ], 
            "name": "DNA to RNA", 
            "user": 3, 
            "users_allowed": []
        }, 
        "model": "method.methodfamily", 
        "pk": 6
    }, 
    {
        "fields": {
            "description": "a pipeline to complement DNA", 
            "groups_allowed": [
                1
            ], 
            "name": "DNA complement", 
            "user": 3, 
            "users_allowed": []
        }, 
        "model": "pipeline.pipelinefamily", 
        "pk": 1
    }, 
    {
        "fields": {
            "description": "a pipeline to reverse DNA", 
            "groups_allowed": [
                1
            ], 
            "name": "DNA reverse", 
            "user": 3, 
            "users_allowed": []
        }, 
        "model": "pipeline.pipelinefamily", 
        "pk": 2
    }, 
    {
        "fields": {
            "description": "a pipeline to reverse and complement DNA", 
            "groups_allowed": [
                1
            ], 
            "name": "DNA revcomp", 
            "user": 3, 
            "users_allowed": []
        }, 
        "model": "pipeline.pipelinefamily", 
        "pk": 3
    }, 
    {
        "fields": {
            "description": "a pipeline to reverse DNA and translate it to RNA", 
            "groups_allowed": [
                1
            ], 
            "name": "DNA to reversed RNA", 
            "user": 3, 
            "users_allowed": []
        }, 
        "model": "pipeline.pipelinefamily", 
        "pk": 4
    }, 
    {
        "fields": {
            "family": 1, 
            "groups_allowed": [
                1
            ], 
            "published": false, 
            "revision_number": 1, 
            "revision_parent": null, 
            "users_allowed": []
        }, 
        "model": "pipeline.pipeline", 
        "pk": 4
    }, 
    {
        "fields": {
            "family": 2, 
            "groups_allowed": [
                1
            ], 
            "published": false, 
            "revision_number": 1, 
            "revision_parent": null, 
            "users_allowed": []
        }, 
        "model": "pipeline.pipeline", 
        "pk": 5
    }, 
    {
        "fields": {
            "family": 3, 
            "groups_allowed": [
                1
            ], 
            "published": false, 
            "revision_number": 1, 
            "revision_parent": null, 
            "users_allowed": []
        }, 
        "model": "pipeline.pipeline", 
        "pk": 6
    }, 
    {
        "fields": {
            "family": 1, 
            "groups_allowed": [], 
            "published": false, 
            "revision_number": 2, 
            "revision_parent": null, 
            "users_allowed": []
        }, 
        "model": "pipeline.pipeline", 
        "pk": 9
    }, 
    {
        "fields": {
            "family": 3, 
            "groups_allowed": [], 
            "published": false, 
            "revision_number": 2, 
            "revision_parent": null, 
            "users_allowed": []
        }, 
        "model": "pipeline.pipeline", 
        "pk": 10
    }, 
    {
        "fields": {
            "family": 3, 
            "groups_allowed": [], 
            "published": false, 
            "revision_number": 3, 
            "revision_parent": null, 
            "users_allowed": []
        }, 
        "model": "pipeline.pipeline", 
        "pk": 11
    }, 
    {
        "fields": {
            "family": 4, 
            "groups_allowed": [
                1
            ], 
            "published": false, 
            "revision_number": 1, 
            "revision_parent": null, 
            "users_allowed": []
        }, 
        "model": "pipeline.pipeline", 
        "pk": 13
    }, 
    {
        "fields": {
            "groups_allowed": [
                1
            ], 
            "revision_DateTime": "2000-01-01T00:00:00Z", 
            "revision_desc": "first version", 
            "revision_name": "v1", 
            "user": 2, 
            "users_allowed": []
        }, 
        "model": "transformation.transformation", 
        "pk": 1
    }, 
    {
        "fields": {
            "groups_allowed": [
                1
            ], 
            "revision_DateTime": "2000-01-01T00:00:00Z", 
            "revision_desc": "first version", 
            "revision_name": "v1", 
            "user": 2, 
            "users_allowed": []
        }, 
        "model": "transformation.transformation", 
        "pk": 2
    }, 
    {
        "fields": {
            "groups_allowed": [
                1
            ], 
            "revision_DateTime": "2000-01-01T00:00:01Z", 
            "revision_desc": "first version", 
            "revision_name": "v1", 
            "user": 2, 
            "users_allowed": []
        }, 
        "model": "transformation.transformation", 
        "pk": 3
    }, 
    {
        "fields": {
            "groups_allowed": [
                1
            ], 
            "revision_DateTime": "2000-01-01T00:00:01Z", 
            "revision_desc": "first version", 
            "revision_name": "v1", 
            "user": 3, 
            "users_allowed": []
        }, 
        "model": "transformation.transformation", 
        "pk": 4
    }, 
    {
        "fields": {
            "groups_allowed": [
                1
            ], 
            "revision_DateTime": "2000-01-01T00:00:01Z", 
            "revision_desc": "first version", 
            "revision_name": "v1", 
            "user": 3, 
            "users_allowed": []
        }, 
        "model": "transformation.transformation", 
        "pk": 5
    }, 
    {
        "fields": {
            "groups_allowed": [
                1
            ], 
            "revision_DateTime": "2000-01-01T00:00:01Z", 
            "revision_desc": "first version", 
            "revision_name": "v1", 
            "user": 3, 
            "users_allowed": []
        }, 
        "model": "transformation.transformation", 
        "pk": 6
    }, 
    {
        "fields": {
            "groups_allowed": [
                1
            ], 
            "revision_DateTime": "2000-01-01T00:00:02Z", 
            "revision_desc": "first version", 
            "revision_name": "v1", 
            "user": 3, 
            "users_allowed": []
        }, 
        "model": "transformation.transformation", 
        "pk": 7
    }, 
    {
        "fields": {
            "groups_allowed": [
                1
            ], 
            "revision_DateTime": "2000-01-01T00:00:02Z", 
            "revision_desc": "first version", 
            "revision_name": "v1", 
            "user": 3, 
            "users_allowed": []
        }, 
        "model": "transformation.transformation", 
        "pk": 8
    }, 
    {
        "fields": {
            "groups_allowed": [], 
            "revision_DateTime": "2000-01-01T00:00:05Z", 
            "revision_desc": "second version", 
            "revision_name": "2", 
            "user": 3, 
            "users_allowed": []
        }, 
        "model": "transformation.transformation", 
        "pk": 9
    }, 
    {
        "fields": {
            "groups_allowed": [], 
            "revision_DateTime": "2000-01-01T00:00:06Z", 
            "revision_desc": "second version", 
            "revision_name": "2", 
            "user": 3, 
            "users_allowed": []
        }, 
        "model": "transformation.transformation", 
        "pk": 10
    }, 
    {
        "fields": {
            "groups_allowed": [], 
            "revision_DateTime": "2000-01-01T00:00:07Z", 
            "revision_desc": "third version", 
            "revision_name": "3", 
            "user": 3, 
            "users_allowed": []
        }, 
        "model": "transformation.transformation", 
        "pk": 11
    }, 
    {
        "fields": {
            "groups_allowed": [
                1
            ], 
            "revision_DateTime": "2000-01-01T00:00:08Z", 
            "revision_desc": "first version", 
            "revision_name": "v1", 
            "user": 3, 
            "users_allowed": []
        }, 
        "model": "transformation.transformation", 
        "pk": 12
    }, 
    {
        "fields": {
            "groups_allowed": [
                1
            ], 
            "revision_DateTime": "2000-01-01T00:00:09Z", 
            "revision_desc": "first version", 
            "revision_name": "v1", 
            "user": 3, 
            "users_allowed": []
        }, 
        "model": "transformation.transformation", 
        "pk": 13
    }, 
    {
        "fields": {
            "dataset": 1, 
            "end_time": "2000-01-01T00:00:05Z", 
            "execlog": null, 
            "start_time": "2000-01-01T00:00:05Z", 
            "user": 3
        }, 
        "model": "datachecking.contentchecklog", 
        "pk": 1
    }, 
    {
        "fields": {
            "dataset": 2, 
            "end_time": "2000-01-01T00:00:42Z", 
            "execlog": 2, 
            "start_time": "2000-01-01T00:00:41Z", 
            "user": 3
        }, 
        "model": "datachecking.contentchecklog", 
        "pk": 2
    }, 
    {
        "fields": {
            "dataset": 3, 
            "end_time": "2000-01-01T00:01:45Z", 
            "execlog": 5, 
            "start_time": "2000-01-01T00:01:44Z", 
            "user": 3
        }, 
        "model": "datachecking.contentchecklog", 
        "pk": 3
    }, 
    {
        "fields": {
            "dataset": 4, 
            "end_time": "2000-01-01T00:02:18Z", 
            "execlog": 8, 
            "start_time": "2000-01-01T00:02:18Z", 
            "user": 3
        }, 
        "model": "datachecking.contentchecklog", 
        "pk": 4
    }, 
    {
        "fields": {
            "dataset": 1, 
            "end_time": "2000-01-01T00:00:40Z", 
            "execlog": null, 
            "read_failed": false, 
            "runcomponent": 2, 
            "start_time": "2000-01-01T00:00:40Z", 
            "user": 3
        }, 
        "model": "datachecking.integritychecklog", 
        "pk": 1
    }, 
    {
        "fields": {
            "dataset": 1, 
            "end_time": "2000-01-01T00:01:44Z", 
            "execlog": null, 
            "read_failed": false, 
            "runcomponent": 8, 
            "start_time": "2000-01-01T00:01:44Z", 
            "user": 3
        }, 
        "model": "datachecking.integritychecklog", 
        "pk": 2
    }, 
    {
        "fields": {
            "dataset": 3, 
            "end_time": "2000-01-01T00:02:16Z", 
            "execlog": null, 
            "read_failed": false, 
            "runcomponent": 13, 
            "start_time": "2000-01-01T00:02:16Z", 
            "user": 3
        }, 
        "model": "datachecking.integritychecklog", 
        "pk": 3
    }
]