[
    {
        "fields": {
            "blankable": false, 
            "column_idx": 1, 
            "column_name": "pX_a", 
            "compounddatatype": 5, 
            "datatype": 4
        }, 
        "model": "metadata.compounddatatypemember", 
        "pk": 7
    }, 
    {
        "fields": {
            "blankable": false, 
            "column_idx": 2, 
            "column_name": "pX_b", 
            "compounddatatype": 5, 
            "datatype": 4
        }, 
        "model": "metadata.compounddatatypemember", 
        "pk": 8
    }, 
    {
        "fields": {
            "blankable": false, 
            "column_idx": 3, 
            "column_name": "pX_c", 
            "compounddatatype": 5, 
            "datatype": 1
        }, 
        "model": "metadata.compounddatatypemember", 
        "pk": 9
    }, 
    {
        "fields": {
            "blankable": false, 
            "column_idx": 1, 
            "column_name": "a", 
            "compounddatatype": 6, 
            "datatype": 1
        }, 
        "model": "metadata.compounddatatypemember", 
        "pk": 10
    }, 
    {
        "fields": {
            "blankable": false, 
            "column_idx": 2, 
            "column_name": "b", 
            "compounddatatype": 6, 
            "datatype": 4
        }, 
        "model": "metadata.compounddatatypemember", 
        "pk": 11
    }, 
    {
        "fields": {
            "blankable": false, 
            "column_idx": 1, 
            "column_name": "c", 
            "compounddatatype": 7, 
            "datatype": 4
        }, 
        "model": "metadata.compounddatatypemember", 
        "pk": 12
    }, 
    {
        "fields": {
            "blankable": false, 
            "column_idx": 2, 
            "column_name": "d", 
            "compounddatatype": 7, 
            "datatype": 1
        }, 
        "model": "metadata.compounddatatypemember", 
        "pk": 13
    }, 
    {
        "fields": {
            "compounddatatype": 5, 
            "dataset": 1, 
            "num_rows": 10
        }, 
        "model": "librarian.datasetstructure", 
        "pk": 1
    }, 
    {
        "fields": {
            "fill_colour": "", 
            "name": "", 
            "outputs_to_delete": [], 
            "pipeline": 2, 
            "step_num": 1, 
            "transformation": 1, 
            "x": 0.0, 
            "y": 0.0
        }, 
        "model": "pipeline.pipelinestep", 
        "pk": 1
    }, 
    {
        "fields": {
            "fill_colour": "", 
            "name": "", 
            "outputs_to_delete": [], 
            "pipeline": 3, 
            "step_num": 1, 
            "transformation": 4, 
            "x": 0.0, 
            "y": 0.0
        }, 
        "model": "pipeline.pipelinestep", 
        "pk": 2
    }, 
    {
        "fields": {}, 
        "model": "pipeline.pipelinecable", 
        "pk": 1
    }, 
    {
        "fields": {}, 
        "model": "pipeline.pipelinecable", 
        "pk": 2
    }, 
    {
        "fields": {}, 
        "model": "pipeline.pipelinecable", 
        "pk": 3
    }, 
    {
        "fields": {}, 
        "model": "pipeline.pipelinecable", 
        "pk": 4
    }, 
    {
        "fields": {
            "dest": 1, 
            "keep_output": false, 
            "pipelinestep": 1, 
            "source": 3, 
            "source_step": 0
        }, 
        "model": "pipeline.pipelinestepinputcable", 
        "pk": 1
    }, 
    {
        "fields": {
            "dest": 5, 
            "keep_output": false, 
            "pipelinestep": 2, 
            "source": 7, 
            "source_step": 0
        }, 
        "model": "pipeline.pipelinestepinputcable", 
        "pk": 3
    }, 
    {
        "fields": {
            "cable": 1, 
            "dest_pin": 11, 
            "source_pin": 8
        }, 
        "model": "pipeline.customcablewire", 
        "pk": 1
    }, 
    {
        "fields": {
            "cable": 1, 
            "dest_pin": 10, 
            "source_pin": 9
        }, 
        "model": "pipeline.customcablewire", 
        "pk": 2
    }, 
    {
        "fields": {
            "output_cdt": 7, 
            "output_idx": 1, 
            "output_name": "pX_out", 
            "pipeline": 2, 
            "source": 2, 
            "source_step": 1
        }, 
        "model": "pipeline.pipelineoutputcable", 
        "pk": 2
    }, 
    {
        "fields": {
            "output_cdt": 7, 
            "output_idx": 1, 
            "output_name": "pX_out", 
            "pipeline": 3, 
            "source": 6, 
            "source_step": 1
        }, 
        "model": "pipeline.pipelineoutputcable", 
        "pk": 4
    }, 
    {
        "fields": {
            "x": 0.0, 
            "y": 0.0
        }, 
        "model": "transformation.transformationxput", 
        "pk": 1
    }, 
    {
        "fields": {
            "x": 0.0, 
            "y": 0.0
        }, 
        "model": "transformation.transformationxput", 
        "pk": 2
    }, 
    {
        "fields": {
            "x": 0.0, 
            "y": 0.0
        }, 
        "model": "transformation.transformationxput", 
        "pk": 3
    }, 
    {
        "fields": {
            "x": 0.0, 
            "y": 0.0
        }, 
        "model": "transformation.transformationxput", 
        "pk": 4
    }, 
    {
        "fields": {
            "x": 0.0, 
            "y": 0.0
        }, 
        "model": "transformation.transformationxput", 
        "pk": 5
    }, 
    {
        "fields": {
            "x": 0.0, 
            "y": 0.0
        }, 
        "model": "transformation.transformationxput", 
        "pk": 6
    }, 
    {
        "fields": {
            "x": 0.0, 
            "y": 0.0
        }, 
        "model": "transformation.transformationxput", 
        "pk": 7
    }, 
    {
        "fields": {
            "x": 0.0, 
            "y": 0.0
        }, 
        "model": "transformation.transformationxput", 
        "pk": 8
    }, 
    {
        "fields": {
            "compounddatatype": 6, 
            "max_row": null, 
            "min_row": null, 
            "transf_xput": 1
        }, 
        "model": "transformation.xputstructure", 
        "pk": 1
    }, 
    {
        "fields": {
            "compounddatatype": 7, 
            "max_row": null, 
            "min_row": null, 
            "transf_xput": 2
        }, 
        "model": "transformation.xputstructure", 
        "pk": 2
    }, 
    {
        "fields": {
            "compounddatatype": 5, 
            "max_row": null, 
            "min_row": null, 
            "transf_xput": 3
        }, 
        "model": "transformation.xputstructure", 
        "pk": 3
    }, 
    {
        "fields": {
            "compounddatatype": 7, 
            "max_row": null, 
            "min_row": null, 
            "transf_xput": 4
        }, 
        "model": "transformation.xputstructure", 
        "pk": 4
    }, 
    {
        "fields": {
            "compounddatatype": 7, 
            "max_row": null, 
            "min_row": null, 
            "transf_xput": 6
        }, 
        "model": "transformation.xputstructure", 
        "pk": 5
    }, 
    {
        "fields": {
            "compounddatatype": 7, 
            "max_row": null, 
            "min_row": null, 
            "transf_xput": 8
        }, 
        "model": "transformation.xputstructure", 
        "pk": 6
    }, 
    {
        "fields": {
            "dataset_idx": 1, 
            "dataset_name": "mA_in", 
            "transformation": 1
        }, 
        "model": "transformation.transformationinput", 
        "pk": 1
    }, 
    {
        "fields": {
            "dataset_idx": 1, 
            "dataset_name": "pX_in", 
            "transformation": 2
        }, 
        "model": "transformation.transformationinput", 
        "pk": 3
    }, 
    {
        "fields": {
            "dataset_idx": 1, 
            "dataset_name": "mA_in", 
            "transformation": 4
        }, 
        "model": "transformation.transformationinput", 
        "pk": 5
    }, 
    {
        "fields": {
            "dataset_idx": 1, 
            "dataset_name": "pX_in", 
            "transformation": 3
        }, 
        "model": "transformation.transformationinput", 
        "pk": 7
    }, 
    {
        "fields": {
            "dataset_idx": 1, 
            "dataset_name": "mA_out", 
            "transformation": 1
        }, 
        "model": "transformation.transformationoutput", 
        "pk": 2
    }, 
    {
        "fields": {
            "dataset_idx": 1, 
            "dataset_name": "pX_out", 
            "transformation": 2
        }, 
        "model": "transformation.transformationoutput", 
        "pk": 4
    }, 
    {
        "fields": {
            "dataset_idx": 1, 
            "dataset_name": "mA_out", 
            "transformation": 4
        }, 
        "model": "transformation.transformationoutput", 
        "pk": 6
    }, 
    {
        "fields": {
            "dataset_idx": 1, 
            "dataset_name": "pX_out", 
            "transformation": 3
        }, 
        "model": "transformation.transformationoutput", 
        "pk": 8
    }, 
    {
        "fields": {
            "date_joined": "2000-01-01T00:00:00Z", 
            "email": "lennon@thebeatles.com", 
            "first_name": "", 
            "groups": [
                1
            ], 
            "is_active": true, 
            "is_staff": false, 
            "is_superuser": false, 
            "last_login": null, 
            "last_name": "", 
            "password": "pbkdf2_sha256$24000$5VbORF2uDEWH$SrCfV3+pBzvBq96C/xJnRtPusl3vec5ZLIqBObh0X4c=", 
            "user_permissions": [], 
            "username": "john"
        }, 
        "model": "auth.user", 
        "pk": 2
    }, 
    {
        "fields": {
            "groups_allowed": [], 
            "name": "", 
            "user": 2, 
            "users_allowed": []
        }, 
        "model": "metadata.compounddatatype", 
        "pk": 5
    }, 
    {
        "fields": {
            "groups_allowed": [], 
            "name": "", 
            "user": 2, 
            "users_allowed": []
        }, 
        "model": "metadata.compounddatatype", 
        "pk": 6
    }, 
    {
        "fields": {
            "groups_allowed": [], 
            "name": "", 
            "user": 2, 
            "users_allowed": []
        }, 
        "model": "metadata.compounddatatype", 
        "pk": 7
    }, 
    {
        "fields": {
            "MD5_checksum": "4ce50c714420255e82dd3965ccec07ec", 
            "_redacted": false, 
            "dataset_file": "Datasets/2016_05/input_for_test_C_twostep_with_subpipeline.csv", 
            "date_created": "2000-01-01T00:00:00Z", 
            "description": "input to pipeline pX", 
            "external_path": "", 
            "externalfiledirectory": null, 
            "file_source": null, 
            "groups_allowed": [], 
            "name": "pX_in_dataset", 
            "user": 2, 
            "users_allowed": []
        }, 
        "model": "librarian.dataset", 
        "pk": 1
    }, 
    {
        "fields": {
            "MD5_checksum": "4ce50c714420255e82dd3965ccec07ec", 
            "_redacted": false, 
            "dataset_file": "Datasets/2016_05/input_for_test_C_twostep_with_subpipeline_8M9lSJA.csv", 
            "date_created": "2000-01-01T00:00:00Z", 
            "description": "input to pipeline pX", 
            "external_path": "", 
            "externalfiledirectory": null, 
            "file_source": null, 
            "groups_allowed": [], 
            "name": "pX_in_dataset", 
            "user": 2, 
            "users_allowed": []
        }, 
        "model": "librarian.dataset", 
        "pk": 2
    }, 
    {
        "fields": {
            "description": "self.mA_cr desc", 
            "filename": "mA.py", 
            "groups_allowed": [], 
            "name": "mA_CR", 
            "user": 2, 
            "users_allowed": []
        }, 
        "model": "method.coderesource", 
        "pk": 1
    }, 
    {
        "fields": {
            "MD5_checksum": "e353a62fe8cb6a56d31b8c65d70b217d", 
            "coderesource": 1, 
            "content_file": "CodeResources/generic_script.py", 
            "groups_allowed": [], 
            "revision_DateTime": "2000-01-01T00:00:00Z", 
            "revision_desc": "desc", 
            "revision_name": "v1", 
            "revision_number": 1, 
            "revision_parent": null, 
            "user": 2, 
            "users_allowed": []
        }, 
        "model": "method.coderesourcerevision", 
        "pk": 1
    }, 
    {
        "fields": {
            "driver": 1, 
            "family": 1, 
            "groups_allowed": [], 
            "reusable": 1, 
            "revision_number": 1, 
            "revision_parent": null, 
            "tainted": false, 
            "threads": 1, 
            "users_allowed": []
        }, 
        "model": "method.method", 
        "pk": 1
    }, 
    {
        "fields": {
            "driver": 1, 
            "family": 1, 
            "groups_allowed": [], 
            "reusable": 1, 
            "revision_number": 2, 
            "revision_parent": null, 
            "tainted": false, 
            "threads": 1, 
            "users_allowed": []
        }, 
        "model": "method.method", 
        "pk": 4
    }, 
    {
        "fields": {
            "description": "self.mf desc", 
            "groups_allowed": [], 
            "name": "self.mf", 
            "user": 2, 
            "users_allowed": []
        }, 
        "model": "method.methodfamily", 
        "pk": 1
    }, 
    {
        "fields": {
            "description": "self.pf desc", 
            "groups_allowed": [], 
            "name": "self.pf", 
            "user": 2, 
            "users_allowed": []
        }, 
        "model": "pipeline.pipelinefamily", 
        "pk": 1
    }, 
    {
        "fields": {
            "family": 1, 
            "groups_allowed": [], 
            "published": false, 
            "revision_number": 1, 
            "revision_parent": null, 
            "users_allowed": []
        }, 
        "model": "pipeline.pipeline", 
        "pk": 2
    }, 
    {
        "fields": {
            "family": 1, 
            "groups_allowed": [], 
            "published": false, 
            "revision_number": 2, 
            "revision_parent": null, 
            "users_allowed": []
        }, 
        "model": "pipeline.pipeline", 
        "pk": 3
    }, 
    {
        "fields": {
            "groups_allowed": [], 
            "revision_DateTime": "2000-01-01T00:00:00Z", 
            "revision_desc": "mA_desc", 
            "revision_name": "mA", 
            "user": 2, 
            "users_allowed": []
        }, 
        "model": "transformation.transformation", 
        "pk": 1
    }, 
    {
        "fields": {
            "groups_allowed": [], 
            "revision_DateTime": "2000-01-01T00:00:00Z", 
            "revision_desc": "X", 
            "revision_name": "pX_revision", 
            "user": 2, 
            "users_allowed": []
        }, 
        "model": "transformation.transformation", 
        "pk": 2
    }, 
    {
        "fields": {
            "groups_allowed": [], 
            "revision_DateTime": "2000-01-01T00:00:00Z", 
            "revision_desc": "X", 
            "revision_name": "pX_raw", 
            "user": 2, 
            "users_allowed": []
        }, 
        "model": "transformation.transformation", 
        "pk": 3
    }, 
    {
        "fields": {
            "groups_allowed": [], 
            "revision_DateTime": "2000-01-01T00:00:00Z", 
            "revision_desc": "mA_desc", 
            "revision_name": "mA_raw", 
            "user": 2, 
            "users_allowed": []
        }, 
        "model": "transformation.transformation", 
        "pk": 4
    }, 
    {
        "fields": {
            "dataset": 1, 
            "end_time": "2000-01-01T00:00:00Z", 
            "execlog": null, 
            "start_time": "2000-01-01T00:00:00Z", 
            "user": 2
        }, 
        "model": "datachecking.contentchecklog", 
        "pk": 1
    }
]