[
    {
        "fields": {
            "datatype": 8, 
            "column_idx": 1, 
            "compounddatatype": 5, 
            "blankable": false, 
            "column_name": "sequence"
        }, 
        "model": "metadata.compounddatatypemember", 
        "pk": 7
    }, 
    {
        "fields": {
            "execrecord": 2, 
            "start_time": "2015-05-13T17:02:10.927Z", 
            "reused": false, 
            "_redacted": false, 
            "end_time": "2015-05-13T17:02:11.675Z", 
            "_complete": true, 
            "is_cancelled": false, 
            "_successful": true
        }, 
        "model": "archive.runcomponent", 
        "pk": 1
    }, 
    {
        "fields": {
            "execrecord": 1, 
            "start_time": "2015-05-13T17:02:10.964Z", 
            "reused": false, 
            "_redacted": false, 
            "end_time": "2015-05-13T17:02:11.059Z", 
            "_complete": true, 
            "is_cancelled": false, 
            "_successful": true
        }, 
        "model": "archive.runcomponent", 
        "pk": 2
    }, 
    {
        "fields": {
            "execrecord": 3, 
            "start_time": "2015-05-13T17:02:12.032Z", 
            "reused": false, 
            "_redacted": false, 
            "end_time": "2015-05-13T17:02:12.177Z", 
            "_complete": true, 
            "is_cancelled": false, 
            "_successful": true
        }, 
        "model": "archive.runcomponent", 
        "pk": 3
    }, 
    {
        "fields": {
            "execrecord": 2, 
            "start_time": "2015-05-13T17:02:12.745Z", 
            "reused": true, 
            "_redacted": false, 
            "end_time": "2015-05-13T17:02:12.988Z", 
            "_complete": true, 
            "is_cancelled": false, 
            "_successful": true
        }, 
        "model": "archive.runcomponent", 
        "pk": 4
    }, 
    {
        "fields": {
            "execrecord": 1, 
            "start_time": "2015-05-13T17:02:12.789Z", 
            "reused": true, 
            "_redacted": false, 
            "end_time": "2015-05-13T17:02:12.851Z", 
            "_complete": true, 
            "is_cancelled": false, 
            "_successful": true
        }, 
        "model": "archive.runcomponent", 
        "pk": 5
    }, 
    {
        "fields": {
            "execrecord": 3, 
            "start_time": "2015-05-13T17:02:13.225Z", 
            "reused": true, 
            "_redacted": false, 
            "end_time": "2015-05-13T17:02:13.271Z", 
            "_complete": true, 
            "is_cancelled": false, 
            "_successful": true
        }, 
        "model": "archive.runcomponent", 
        "pk": 6
    }, 
    {
        "fields": {
            "execrecord": 5, 
            "start_time": "2015-05-13T17:02:14.104Z", 
            "reused": false, 
            "_redacted": false, 
            "end_time": "2015-05-13T17:02:14.803Z", 
            "_complete": true, 
            "is_cancelled": false, 
            "_successful": true
        }, 
        "model": "archive.runcomponent", 
        "pk": 7
    }, 
    {
        "fields": {
            "execrecord": 4, 
            "start_time": "2015-05-13T17:02:14.154Z", 
            "reused": false, 
            "_redacted": false, 
            "end_time": "2015-05-13T17:02:14.285Z", 
            "_complete": true, 
            "is_cancelled": false, 
            "_successful": true
        }, 
        "model": "archive.runcomponent", 
        "pk": 8
    }, 
    {
        "fields": {
            "execrecord": 7, 
            "start_time": "2015-05-13T17:02:15.094Z", 
            "reused": false, 
            "_redacted": false, 
            "end_time": "2015-05-13T17:02:15.947Z", 
            "_complete": true, 
            "is_cancelled": false, 
            "_successful": true
        }, 
        "model": "archive.runcomponent", 
        "pk": 9
    }, 
    {
        "fields": {
            "execrecord": 6, 
            "start_time": "2015-05-13T17:02:15.154Z", 
            "reused": false, 
            "_redacted": false, 
            "end_time": "2015-05-13T17:02:15.290Z", 
            "_complete": true, 
            "is_cancelled": false, 
            "_successful": true
        }, 
        "model": "archive.runcomponent", 
        "pk": 10
    }, 
    {
        "fields": {
            "execrecord": 8, 
            "start_time": "2015-05-13T17:02:16.367Z", 
            "reused": false, 
            "_redacted": false, 
            "end_time": "2015-05-13T17:02:16.516Z", 
            "_complete": true, 
            "is_cancelled": false, 
            "_successful": true
        }, 
        "model": "archive.runcomponent", 
        "pk": 11
    }, 
    {
        "fields": {
            "pipelinestep": 1, 
            "run": 1
        }, 
        "model": "archive.runstep", 
        "pk": 1
    }, 
    {
        "fields": {
            "pipelinestep": 1, 
            "run": 2
        }, 
        "model": "archive.runstep", 
        "pk": 4
    }, 
    {
        "fields": {
            "pipelinestep": 4, 
            "run": 3
        }, 
        "model": "archive.runstep", 
        "pk": 7
    }, 
    {
        "fields": {
            "pipelinestep": 5, 
            "run": 3
        }, 
        "model": "archive.runstep", 
        "pk": 9
    }, 
    {
        "fields": {
            "runstep": 1, 
            "PSIC": 1
        }, 
        "model": "archive.runsic", 
        "pk": 2
    }, 
    {
        "fields": {
            "runstep": 4, 
            "PSIC": 1
        }, 
        "model": "archive.runsic", 
        "pk": 5
    }, 
    {
        "fields": {
            "runstep": 7, 
            "PSIC": 6
        }, 
        "model": "archive.runsic", 
        "pk": 8
    }, 
    {
        "fields": {
            "runstep": 9, 
            "PSIC": 7
        }, 
        "model": "archive.runsic", 
        "pk": 10
    }, 
    {
        "fields": {
            "run": 1, 
            "pipelineoutputcable": 2
        }, 
        "model": "archive.runoutputcable", 
        "pk": 3
    }, 
    {
        "fields": {
            "run": 2, 
            "pipelineoutputcable": 2
        }, 
        "model": "archive.runoutputcable", 
        "pk": 6
    }, 
    {
        "fields": {
            "run": 3, 
            "pipelineoutputcable": 8
        }, 
        "model": "archive.runoutputcable", 
        "pk": 11
    }, 
    {
        "fields": {
            "name": "Removal test data", 
            "date_modified": "2015-05-13T17:02:10.477Z", 
            "symbolicdataset": 1, 
            "created_by": null, 
            "date_created": "2015-05-13T17:02:10.477Z", 
            "dataset_file": "Datasets/2015_05/tmpn5JuDp", 
            "description": "A dataset for use in the removal test case."
        }, 
        "model": "archive.dataset", 
        "pk": 1
    }, 
    {
        "fields": {
            "name": "run1_step1_outputnuc_seq_out", 
            "date_modified": "2015-05-13T17:02:11.247Z", 
            "symbolicdataset": 2, 
            "created_by": 1, 
            "date_created": "2015-05-13T17:02:11.247Z", 
            "dataset_file": "Datasets/2015_05/step1_nuc_seq_out.csv", 
            "description": "Generated data from a run of pipeline \"1: v1\" started at 2015-05-13 17:02:10.923548+00:00 by Rem Over\nrun: 1\nuser: Rem Over\nstep: 1\noutput: nuc_seq_out"
        }, 
        "model": "archive.dataset", 
        "pk": 2
    }, 
    {
        "fields": {
            "name": "Removal test data for a two-step Pipeline", 
            "date_modified": "2015-05-13T17:02:14.066Z", 
            "symbolicdataset": 3, 
            "created_by": null, 
            "date_created": "2015-05-13T17:02:14.066Z", 
            "dataset_file": "Datasets/2015_05/tmpMAb99I", 
            "description": "A dataset for use in the removal test case with the two-step Pipeline."
        }, 
        "model": "archive.dataset", 
        "pk": 3
    }, 
    {
        "fields": {
            "name": "run3_step1_outputnuc_seq_out", 
            "date_modified": "2015-05-13T17:02:14.486Z", 
            "symbolicdataset": 4, 
            "created_by": 7, 
            "date_created": "2015-05-13T17:02:14.486Z", 
            "dataset_file": "Datasets/2015_05/step1_nuc_seq_out_2nb5i0L.csv", 
            "description": "Generated data from a run of pipeline \"1: v1\" started at 2015-05-13 17:02:14.097573+00:00 by Rem Over\nrun: 3\nuser: Rem Over\nstep: 1\noutput: nuc_seq_out"
        }, 
        "model": "archive.dataset", 
        "pk": 4
    }, 
    {
        "fields": {
            "name": "run3_step2_outputnuc_seq_out", 
            "date_modified": "2015-05-13T17:02:15.507Z", 
            "symbolicdataset": 5, 
            "created_by": 9, 
            "date_created": "2015-05-13T17:02:15.507Z", 
            "dataset_file": "Datasets/2015_05/step2_nuc_seq_out.csv", 
            "description": "Generated data from a run of pipeline \"1: v1\" started at 2015-05-13 17:02:14.097573+00:00 by Rem Over\nrun: 3\nuser: Rem Over\nstep: 2\noutput: nuc_seq_out"
        }, 
        "model": "archive.dataset", 
        "pk": 5
    }, 
    {
        "fields": {
            "record": 2, 
            "start_time": "2015-05-13T17:02:10.975Z", 
            "invoking_record": 2, 
            "end_time": "2015-05-13T17:02:10.975Z"
        }, 
        "model": "archive.execlog", 
        "pk": 1
    }, 
    {
        "fields": {
            "record": 1, 
            "start_time": "2015-05-13T17:02:11.201Z", 
            "invoking_record": 1, 
            "end_time": "2015-05-13T17:02:11.220Z"
        }, 
        "model": "archive.execlog", 
        "pk": 2
    }, 
    {
        "fields": {
            "record": 3, 
            "start_time": "2015-05-13T17:02:12.044Z", 
            "invoking_record": 3, 
            "end_time": "2015-05-13T17:02:12.045Z"
        }, 
        "model": "archive.execlog", 
        "pk": 3
    }, 
    {
        "fields": {
            "record": 8, 
            "start_time": "2015-05-13T17:02:14.168Z", 
            "invoking_record": 8, 
            "end_time": "2015-05-13T17:02:14.169Z"
        }, 
        "model": "archive.execlog", 
        "pk": 4
    }, 
    {
        "fields": {
            "record": 7, 
            "start_time": "2015-05-13T17:02:14.442Z", 
            "invoking_record": 7, 
            "end_time": "2015-05-13T17:02:14.459Z"
        }, 
        "model": "archive.execlog", 
        "pk": 5
    }, 
    {
        "fields": {
            "record": 10, 
            "start_time": "2015-05-13T17:02:15.167Z", 
            "invoking_record": 10, 
            "end_time": "2015-05-13T17:02:15.168Z"
        }, 
        "model": "archive.execlog", 
        "pk": 6
    }, 
    {
        "fields": {
            "record": 9, 
            "start_time": "2015-05-13T17:02:15.460Z", 
            "invoking_record": 9, 
            "end_time": "2015-05-13T17:02:15.476Z"
        }, 
        "model": "archive.execlog", 
        "pk": 7
    }, 
    {
        "fields": {
            "record": 11, 
            "start_time": "2015-05-13T17:02:16.379Z", 
            "invoking_record": 11, 
            "end_time": "2015-05-13T17:02:16.380Z"
        }, 
        "model": "archive.execlog", 
        "pk": 8
    }, 
    {
        "fields": {
            "execlog": 2, 
            "error_redacted": false, 
            "return_code": 0, 
            "error_log": "Logs/step1_stderr.txt", 
            "code_redacted": false, 
            "output_redacted": false, 
            "output_log": "Logs/step1_stdout.txt"
        }, 
        "model": "archive.methodoutput", 
        "pk": 1
    }, 
    {
        "fields": {
            "execlog": 5, 
            "error_redacted": false, 
            "return_code": 0, 
            "error_log": "Logs/step1_stderr_M6R1S2s.txt", 
            "code_redacted": false, 
            "output_redacted": false, 
            "output_log": "Logs/step1_stdout_tr12vXT.txt"
        }, 
        "model": "archive.methodoutput", 
        "pk": 2
    }, 
    {
        "fields": {
            "execlog": 7, 
            "error_redacted": false, 
            "return_code": 0, 
            "error_log": "Logs/step2_stderr.txt", 
            "code_redacted": false, 
            "output_redacted": false, 
            "output_log": "Logs/step2_stdout.txt"
        }, 
        "model": "archive.methodoutput", 
        "pk": 3
    }, 
    {
        "fields": {
            "num_rows": 7, 
            "symbolicdataset": 1, 
            "compounddatatype": 5
        }, 
        "model": "librarian.datasetstructure", 
        "pk": 1
    }, 
    {
        "fields": {
            "num_rows": 7, 
            "symbolicdataset": 2, 
            "compounddatatype": 5
        }, 
        "model": "librarian.datasetstructure", 
        "pk": 2
    }, 
    {
        "fields": {
            "num_rows": 4, 
            "symbolicdataset": 3, 
            "compounddatatype": 5
        }, 
        "model": "librarian.datasetstructure", 
        "pk": 3
    }, 
    {
        "fields": {
            "num_rows": 4, 
            "symbolicdataset": 4, 
            "compounddatatype": 5
        }, 
        "model": "librarian.datasetstructure", 
        "pk": 4
    }, 
    {
        "fields": {
            "num_rows": 4, 
            "symbolicdataset": 5, 
            "compounddatatype": 5
        }, 
        "model": "librarian.datasetstructure", 
        "pk": 5
    }, 
    {
        "fields": {
            "generator": 1
        }, 
        "model": "librarian.execrecord", 
        "pk": 1
    }, 
    {
        "fields": {
            "generator": 2
        }, 
        "model": "librarian.execrecord", 
        "pk": 2
    }, 
    {
        "fields": {
            "generator": 3
        }, 
        "model": "librarian.execrecord", 
        "pk": 3
    }, 
    {
        "fields": {
            "generator": 4
        }, 
        "model": "librarian.execrecord", 
        "pk": 4
    }, 
    {
        "fields": {
            "generator": 5
        }, 
        "model": "librarian.execrecord", 
        "pk": 5
    }, 
    {
        "fields": {
            "generator": 6
        }, 
        "model": "librarian.execrecord", 
        "pk": 6
    }, 
    {
        "fields": {
            "generator": 7
        }, 
        "model": "librarian.execrecord", 
        "pk": 7
    }, 
    {
        "fields": {
            "generator": 8
        }, 
        "model": "librarian.execrecord", 
        "pk": 8
    }, 
    {
        "fields": {
            "execrecord": 1, 
            "generic_input": 3, 
            "symbolicdataset": 1
        }, 
        "model": "librarian.execrecordin", 
        "pk": 1
    }, 
    {
        "fields": {
            "execrecord": 2, 
            "generic_input": 1, 
            "symbolicdataset": 1
        }, 
        "model": "librarian.execrecordin", 
        "pk": 2
    }, 
    {
        "fields": {
            "execrecord": 3, 
            "generic_input": 2, 
            "symbolicdataset": 2
        }, 
        "model": "librarian.execrecordin", 
        "pk": 3
    }, 
    {
        "fields": {
            "execrecord": 4, 
            "generic_input": 8, 
            "symbolicdataset": 3
        }, 
        "model": "librarian.execrecordin", 
        "pk": 4
    }, 
    {
        "fields": {
            "execrecord": 5, 
            "generic_input": 1, 
            "symbolicdataset": 3
        }, 
        "model": "librarian.execrecordin", 
        "pk": 5
    }, 
    {
        "fields": {
            "execrecord": 6, 
            "generic_input": 2, 
            "symbolicdataset": 4
        }, 
        "model": "librarian.execrecordin", 
        "pk": 6
    }, 
    {
        "fields": {
            "execrecord": 7, 
            "generic_input": 1, 
            "symbolicdataset": 4
        }, 
        "model": "librarian.execrecordin", 
        "pk": 7
    }, 
    {
        "fields": {
            "execrecord": 8, 
            "generic_input": 2, 
            "symbolicdataset": 5
        }, 
        "model": "librarian.execrecordin", 
        "pk": 8
    }, 
    {
        "fields": {
            "execrecord": 1, 
            "symbolicdataset": 1, 
            "generic_output": 1
        }, 
        "model": "librarian.execrecordout", 
        "pk": 1
    }, 
    {
        "fields": {
            "execrecord": 2, 
            "symbolicdataset": 2, 
            "generic_output": 2
        }, 
        "model": "librarian.execrecordout", 
        "pk": 2
    }, 
    {
        "fields": {
            "execrecord": 3, 
            "symbolicdataset": 2, 
            "generic_output": 4
        }, 
        "model": "librarian.execrecordout", 
        "pk": 3
    }, 
    {
        "fields": {
            "execrecord": 4, 
            "symbolicdataset": 3, 
            "generic_output": 1
        }, 
        "model": "librarian.execrecordout", 
        "pk": 4
    }, 
    {
        "fields": {
            "execrecord": 5, 
            "symbolicdataset": 4, 
            "generic_output": 2
        }, 
        "model": "librarian.execrecordout", 
        "pk": 5
    }, 
    {
        "fields": {
            "execrecord": 6, 
            "symbolicdataset": 4, 
            "generic_output": 1
        }, 
        "model": "librarian.execrecordout", 
        "pk": 6
    }, 
    {
        "fields": {
            "execrecord": 7, 
            "symbolicdataset": 5, 
            "generic_output": 2
        }, 
        "model": "librarian.execrecordout", 
        "pk": 7
    }, 
    {
        "fields": {
            "execrecord": 8, 
            "symbolicdataset": 5, 
            "generic_output": 9
        }, 
        "model": "librarian.execrecordout", 
        "pk": 8
    }, 
    {
        "fields": {
            "depPath": "", 
            "requirement": 1, 
            "coderesourcerevision": 2, 
            "depFileName": ""
        }, 
        "model": "method.coderesourcedependency", 
        "pk": 1
    }, 
    {
        "fields": {
            "pipeline": 2, 
            "name": "", 
            "outputs_to_delete": [], 
            "y": 0.0, 
            "x": 0.0, 
            "transformation": 1, 
            "step_num": 1
        }, 
        "model": "pipeline.pipelinestep", 
        "pk": 1
    }, 
    {
        "fields": {
            "pipeline": 3, 
            "name": "", 
            "outputs_to_delete": [], 
            "y": 0.0, 
            "x": 0.0, 
            "transformation": 2, 
            "step_num": 1
        }, 
        "model": "pipeline.pipelinestep", 
        "pk": 2
    }, 
    {
        "fields": {
            "pipeline": 3, 
            "name": "", 
            "outputs_to_delete": [], 
            "y": 0.0, 
            "x": 0.0, 
            "transformation": 2, 
            "step_num": 2
        }, 
        "model": "pipeline.pipelinestep", 
        "pk": 3
    }, 
    {
        "fields": {
            "pipeline": 4, 
            "name": "", 
            "outputs_to_delete": [], 
            "y": 0.0, 
            "x": 0.0, 
            "transformation": 1, 
            "step_num": 1
        }, 
        "model": "pipeline.pipelinestep", 
        "pk": 4
    }, 
    {
        "fields": {
            "pipeline": 4, 
            "name": "", 
            "outputs_to_delete": [], 
            "y": 0.0, 
            "x": 0.0, 
            "transformation": 1, 
            "step_num": 2
        }, 
        "model": "pipeline.pipelinestep", 
        "pk": 5
    }, 
    {
        "fields": {}, 
        "model": "pipeline.pipelinecable", 
        "pk": 1
    }, 
    {
        "fields": {}, 
        "model": "pipeline.pipelinecable", 
        "pk": 2
    }, 
    {
        "fields": {}, 
        "model": "pipeline.pipelinecable", 
        "pk": 3
    }, 
    {
        "fields": {}, 
        "model": "pipeline.pipelinecable", 
        "pk": 4
    }, 
    {
        "fields": {}, 
        "model": "pipeline.pipelinecable", 
        "pk": 5
    }, 
    {
        "fields": {}, 
        "model": "pipeline.pipelinecable", 
        "pk": 6
    }, 
    {
        "fields": {}, 
        "model": "pipeline.pipelinecable", 
        "pk": 7
    }, 
    {
        "fields": {}, 
        "model": "pipeline.pipelinecable", 
        "pk": 8
    }, 
    {
        "fields": {
            "pipelinestep": 1, 
            "dest": 1, 
            "keep_output": false, 
            "source_step": 0, 
            "source": 3
        }, 
        "model": "pipeline.pipelinestepinputcable", 
        "pk": 1
    }, 
    {
        "fields": {
            "pipelinestep": 2, 
            "dest": 3, 
            "keep_output": false, 
            "source_step": 0, 
            "source": 5
        }, 
        "model": "pipeline.pipelinestepinputcable", 
        "pk": 3
    }, 
    {
        "fields": {
            "pipelinestep": 3, 
            "dest": 3, 
            "keep_output": false, 
            "source_step": 1, 
            "source": 4
        }, 
        "model": "pipeline.pipelinestepinputcable", 
        "pk": 4
    }, 
    {
        "fields": {
            "pipelinestep": 4, 
            "dest": 1, 
            "keep_output": false, 
            "source_step": 0, 
            "source": 8
        }, 
        "model": "pipeline.pipelinestepinputcable", 
        "pk": 6
    }, 
    {
        "fields": {
            "pipelinestep": 5, 
            "dest": 1, 
            "keep_output": false, 
            "source_step": 1, 
            "source": 2
        }, 
        "model": "pipeline.pipelinestepinputcable", 
        "pk": 7
    }, 
    {
        "fields": {
            "pipeline": 2, 
            "output_idx": 1, 
            "source": 2, 
            "source_step": 1, 
            "output_name": "noop_pipeline_out", 
            "output_cdt": 5
        }, 
        "model": "pipeline.pipelineoutputcable", 
        "pk": 2
    }, 
    {
        "fields": {
            "pipeline": 3, 
            "output_idx": 1, 
            "source": 4, 
            "source_step": 2, 
            "output_name": "nested_out", 
            "output_cdt": 5
        }, 
        "model": "pipeline.pipelineoutputcable", 
        "pk": 5
    }, 
    {
        "fields": {
            "pipeline": 4, 
            "output_idx": 1, 
            "source": 2, 
            "source_step": 2, 
            "output_name": "noop_pipeline_out", 
            "output_cdt": 5
        }, 
        "model": "pipeline.pipelineoutputcable", 
        "pk": 8
    }, 
    {
        "fields": {
            "y": 0.0, 
            "x": 0.0
        }, 
        "model": "transformation.transformationxput", 
        "pk": 1
    }, 
    {
        "fields": {
            "y": 0.0, 
            "x": 0.0
        }, 
        "model": "transformation.transformationxput", 
        "pk": 2
    }, 
    {
        "fields": {
            "y": 0.0, 
            "x": 0.0
        }, 
        "model": "transformation.transformationxput", 
        "pk": 3
    }, 
    {
        "fields": {
            "y": 0.0, 
            "x": 0.0
        }, 
        "model": "transformation.transformationxput", 
        "pk": 4
    }, 
    {
        "fields": {
            "y": 0.0, 
            "x": 0.0
        }, 
        "model": "transformation.transformationxput", 
        "pk": 5
    }, 
    {
        "fields": {
            "y": 0.0, 
            "x": 0.0
        }, 
        "model": "transformation.transformationxput", 
        "pk": 7
    }, 
    {
        "fields": {
            "y": 0.0, 
            "x": 0.0
        }, 
        "model": "transformation.transformationxput", 
        "pk": 8
    }, 
    {
        "fields": {
            "y": 0.0, 
            "x": 0.0
        }, 
        "model": "transformation.transformationxput", 
        "pk": 9
    }, 
    {
        "fields": {
            "min_row": null, 
            "transf_xput": 1, 
            "max_row": null, 
            "compounddatatype": 5
        }, 
        "model": "transformation.xputstructure", 
        "pk": 1
    }, 
    {
        "fields": {
            "min_row": null, 
            "transf_xput": 2, 
            "max_row": null, 
            "compounddatatype": 5
        }, 
        "model": "transformation.xputstructure", 
        "pk": 2
    }, 
    {
        "fields": {
            "min_row": null, 
            "transf_xput": 3, 
            "max_row": null, 
            "compounddatatype": 5
        }, 
        "model": "transformation.xputstructure", 
        "pk": 3
    }, 
    {
        "fields": {
            "min_row": null, 
            "transf_xput": 4, 
            "max_row": null, 
            "compounddatatype": 5
        }, 
        "model": "transformation.xputstructure", 
        "pk": 4
    }, 
    {
        "fields": {
            "min_row": null, 
            "transf_xput": 5, 
            "max_row": null, 
            "compounddatatype": 5
        }, 
        "model": "transformation.xputstructure", 
        "pk": 5
    }, 
    {
        "fields": {
            "min_row": null, 
            "transf_xput": 7, 
            "max_row": null, 
            "compounddatatype": 5
        }, 
        "model": "transformation.xputstructure", 
        "pk": 7
    }, 
    {
        "fields": {
            "min_row": null, 
            "transf_xput": 8, 
            "max_row": null, 
            "compounddatatype": 5
        }, 
        "model": "transformation.xputstructure", 
        "pk": 8
    }, 
    {
        "fields": {
            "min_row": null, 
            "transf_xput": 9, 
            "max_row": null, 
            "compounddatatype": 5
        }, 
        "model": "transformation.xputstructure", 
        "pk": 9
    }, 
    {
        "fields": {
            "dataset_idx": 1, 
            "transformation": 1, 
            "dataset_name": "nuc_seq_in"
        }, 
        "model": "transformation.transformationinput", 
        "pk": 1
    }, 
    {
        "fields": {
            "dataset_idx": 1, 
            "transformation": 2, 
            "dataset_name": "noop_pipeline_in"
        }, 
        "model": "transformation.transformationinput", 
        "pk": 3
    }, 
    {
        "fields": {
            "dataset_idx": 1, 
            "transformation": 3, 
            "dataset_name": "nested_in"
        }, 
        "model": "transformation.transformationinput", 
        "pk": 5
    }, 
    {
        "fields": {
            "dataset_idx": 1, 
            "transformation": 4, 
            "dataset_name": "noop_pipeline_in"
        }, 
        "model": "transformation.transformationinput", 
        "pk": 8
    }, 
    {
        "fields": {
            "dataset_idx": 1, 
            "transformation": 1, 
            "dataset_name": "nuc_seq_out"
        }, 
        "model": "transformation.transformationoutput", 
        "pk": 2
    }, 
    {
        "fields": {
            "dataset_idx": 1, 
            "transformation": 2, 
            "dataset_name": "noop_pipeline_out"
        }, 
        "model": "transformation.transformationoutput", 
        "pk": 4
    }, 
    {
        "fields": {
            "dataset_idx": 1, 
            "transformation": 3, 
            "dataset_name": "nested_out"
        }, 
        "model": "transformation.transformationoutput", 
        "pk": 7
    }, 
    {
        "fields": {
            "dataset_idx": 1, 
            "transformation": 4, 
            "dataset_name": "noop_pipeline_out"
        }, 
        "model": "transformation.transformationoutput", 
        "pk": 9
    }, 
    {
        "fields": {
            "username": "Rem Over", 
            "first_name": "", 
            "last_name": "", 
            "is_active": true, 
            "is_superuser": false, 
            "is_staff": false, 
            "last_login": "2015-05-13T17:02:10.363Z", 
            "groups": [
                1
            ], 
            "user_permissions": [], 
            "password": "pbkdf2_sha256$15000$JDcssSOQda1K$zA7TAKGpb0YNKEREwFyKWYcB6YiMJf8lw9QE2OF9RSU=", 
            "email": "rem@over.sucks", 
            "date_joined": "2015-05-13T17:02:10.363Z"
        }, 
        "model": "auth.user", 
        "pk": 2
    }, 
    {
        "fields": {
            "description": "Sequences of A, C, G, and T", 
            "groups_allowed": [], 
            "restricts": [
                1
            ], 
            "users_allowed": [], 
            "user": 2, 
            "date_created": "2015-05-13T17:02:10.433Z", 
            "prototype": null, 
            "name": "Nucleotide sequence"
        }, 
        "model": "metadata.datatype", 
        "pk": 8
    }, 
    {
        "fields": {
            "users_allowed": [], 
            "user": 2, 
            "groups_allowed": []
        }, 
        "model": "metadata.compounddatatype", 
        "pk": 5
    }, 
    {
        "fields": {
            "pipeline": 2, 
            "description": "", 
            "groups_allowed": [], 
            "start_time": "2015-05-13T17:02:10.923Z", 
            "name": "", 
            "users_allowed": [], 
            "end_time": "2015-05-13T17:02:12.281Z", 
            "parent_runstep": null, 
            "user": 2
        }, 
        "model": "archive.run", 
        "pk": 1
    }, 
    {
        "fields": {
            "pipeline": 2, 
            "description": "", 
            "groups_allowed": [], 
            "start_time": "2015-05-13T17:02:12.740Z", 
            "name": "", 
            "users_allowed": [], 
            "end_time": "2015-05-13T17:02:13.341Z", 
            "parent_runstep": null, 
            "user": 2
        }, 
        "model": "archive.run", 
        "pk": 2
    }, 
    {
        "fields": {
            "pipeline": 4, 
            "description": "", 
            "groups_allowed": [], 
            "start_time": "2015-05-13T17:02:14.097Z", 
            "name": "", 
            "users_allowed": [], 
            "end_time": "2015-05-13T17:02:16.631Z", 
            "parent_runstep": null, 
            "user": 2
        }, 
        "model": "archive.run", 
        "pk": 3
    }, 
    {
        "fields": {
            "_redacted": false, 
            "users_allowed": [], 
            "user": 2, 
            "MD5_checksum": "97aac6a9fbc85d01b9b56d54cd2a5a1a", 
            "groups_allowed": []
        }, 
        "model": "librarian.symbolicdataset", 
        "pk": 1
    }, 
    {
        "fields": {
            "_redacted": false, 
            "users_allowed": [], 
            "user": 2, 
            "MD5_checksum": "97aac6a9fbc85d01b9b56d54cd2a5a1a", 
            "groups_allowed": []
        }, 
        "model": "librarian.symbolicdataset", 
        "pk": 2
    }, 
    {
        "fields": {
            "_redacted": false, 
            "users_allowed": [], 
            "user": 2, 
            "MD5_checksum": "acf721d5ab57259504ea42bff552a8ab", 
            "groups_allowed": []
        }, 
        "model": "librarian.symbolicdataset", 
        "pk": 3
    }, 
    {
        "fields": {
            "_redacted": false, 
            "users_allowed": [], 
            "user": 2, 
            "MD5_checksum": "acf721d5ab57259504ea42bff552a8ab", 
            "groups_allowed": []
        }, 
        "model": "librarian.symbolicdataset", 
        "pk": 4
    }, 
    {
        "fields": {
            "_redacted": false, 
            "users_allowed": [], 
            "user": 2, 
            "MD5_checksum": "acf721d5ab57259504ea42bff552a8ab", 
            "groups_allowed": []
        }, 
        "model": "librarian.symbolicdataset", 
        "pk": 5
    }, 
    {
        "fields": {
            "description": "A noop script that simply writes its input to its output.", 
            "groups_allowed": [], 
            "filename": "noop.bash", 
            "users_allowed": [], 
            "user": 2, 
            "name": "Noop"
        }, 
        "model": "method.coderesource", 
        "pk": 1
    }, 
    {
        "fields": {
            "description": "A script that does nothing to its input and passes it through untouched.", 
            "groups_allowed": [], 
            "filename": "passthrough.bash", 
            "users_allowed": [], 
            "user": 2, 
            "name": "Pass Through"
        }, 
        "model": "method.coderesource", 
        "pk": 2
    }, 
    {
        "fields": {
            "revision_name": "1", 
            "revision_parent": null, 
            "groups_allowed": [], 
            "revision_desc": "first version", 
            "coderesource": 1, 
            "MD5_checksum": "", 
            "content_file": "CodeResources/fdopen", 
            "user": 2, 
            "revision_number": 1, 
            "revision_DateTime": "2015-05-13T17:02:10.416Z", 
            "users_allowed": []
        }, 
        "model": "method.coderesourcerevision", 
        "pk": 1
    }, 
    {
        "fields": {
            "revision_name": "1", 
            "revision_parent": null, 
            "groups_allowed": [], 
            "revision_desc": "first version", 
            "coderesource": 2, 
            "MD5_checksum": "", 
            "content_file": "CodeResources/fdopen_XUV6vd0", 
            "user": 2, 
            "revision_number": 1, 
            "revision_DateTime": "2015-05-13T17:02:10.425Z", 
            "users_allowed": []
        }, 
        "model": "method.coderesourcerevision", 
        "pk": 2
    }, 
    {
        "fields": {
            "threads": 1, 
            "revision_parent": null, 
            "family": 1, 
            "groups_allowed": [], 
            "driver": 1, 
            "tainted": false, 
            "revision_number": 1, 
            "users_allowed": [], 
            "reusable": 1
        }, 
        "model": "method.method", 
        "pk": 1
    }, 
    {
        "fields": {
            "user": 2, 
            "users_allowed": [], 
            "description": "A noop on nucleotide sequences", 
            "name": "Noop (nucleotide sequence)", 
            "groups_allowed": []
        }, 
        "model": "method.methodfamily", 
        "pk": 1
    }, 
    {
        "fields": {
            "description": "A noop pipeline for nucleotide sequences.", 
            "groups_allowed": [], 
            "published_version": null, 
            "users_allowed": [], 
            "user": 2, 
            "name": "Nucleotide Sequence Noop"
        }, 
        "model": "pipeline.pipelinefamily", 
        "pk": 1
    }, 
    {
        "fields": {
            "description": "Pipeline with one nested level", 
            "groups_allowed": [], 
            "published_version": null, 
            "users_allowed": [], 
            "user": 2, 
            "name": "Nested pipeline"
        }, 
        "model": "pipeline.pipelinefamily", 
        "pk": 2
    }, 
    {
        "fields": {
            "description": "A two-step noop pipeline for nucleotide sequences.", 
            "groups_allowed": [], 
            "published_version": null, 
            "users_allowed": [], 
            "user": 2, 
            "name": "Nucleotide Sequence two-step Noop"
        }, 
        "model": "pipeline.pipelinefamily", 
        "pk": 3
    }, 
    {
        "fields": {
            "family": 1, 
            "users_allowed": [], 
            "revision_parent": null, 
            "revision_number": 1, 
            "groups_allowed": []
        }, 
        "model": "pipeline.pipeline", 
        "pk": 2
    }, 
    {
        "fields": {
            "family": 2, 
            "users_allowed": [], 
            "revision_parent": null, 
            "revision_number": 1, 
            "groups_allowed": []
        }, 
        "model": "pipeline.pipeline", 
        "pk": 3
    }, 
    {
        "fields": {
            "family": 3, 
            "users_allowed": [], 
            "revision_parent": null, 
            "revision_number": 1, 
            "groups_allowed": []
        }, 
        "model": "pipeline.pipeline", 
        "pk": 4
    }, 
    {
        "fields": {
            "revision_name": "v1", 
            "groups_allowed": [], 
            "revision_desc": "first version", 
            "users_allowed": [], 
            "user": 2, 
            "revision_DateTime": "2015-05-13T17:02:10.485Z"
        }, 
        "model": "transformation.transformation", 
        "pk": 1
    }, 
    {
        "fields": {
            "revision_name": "v1", 
            "groups_allowed": [], 
            "revision_desc": "first version", 
            "users_allowed": [], 
            "user": 2, 
            "revision_DateTime": "2015-05-13T17:02:10.558Z"
        }, 
        "model": "transformation.transformation", 
        "pk": 2
    }, 
    {
        "fields": {
            "revision_name": "v1", 
            "groups_allowed": [], 
            "revision_desc": "first version", 
            "users_allowed": [], 
            "user": 2, 
            "revision_DateTime": "2015-05-13T17:02:10.688Z"
        }, 
        "model": "transformation.transformation", 
        "pk": 3
    }, 
    {
        "fields": {
            "revision_name": "v1", 
            "groups_allowed": [], 
            "revision_desc": "first version", 
            "users_allowed": [], 
            "user": 2, 
            "revision_DateTime": "2015-05-13T17:02:13.660Z"
        }, 
        "model": "transformation.transformation", 
        "pk": 4
    }, 
    {
        "fields": {
            "execlog": null, 
            "start_time": "2015-05-13T17:02:10.443Z", 
            "symbolicdataset": 1, 
            "end_time": "2015-05-13T17:02:10.475Z", 
            "user": 2
        }, 
        "model": "datachecking.contentchecklog", 
        "pk": 1
    }, 
    {
        "fields": {
            "execlog": 2, 
            "start_time": "2015-05-13T17:02:11.574Z", 
            "symbolicdataset": 2, 
            "end_time": "2015-05-13T17:02:11.624Z", 
            "user": 2
        }, 
        "model": "datachecking.contentchecklog", 
        "pk": 2
    }, 
    {
        "fields": {
            "execlog": null, 
            "start_time": "2015-05-13T17:02:14.012Z", 
            "symbolicdataset": 3, 
            "end_time": "2015-05-13T17:02:14.062Z", 
            "user": 2
        }, 
        "model": "datachecking.contentchecklog", 
        "pk": 3
    }, 
    {
        "fields": {
            "execlog": 5, 
            "start_time": "2015-05-13T17:02:14.722Z", 
            "symbolicdataset": 4, 
            "end_time": "2015-05-13T17:02:14.762Z", 
            "user": 2
        }, 
        "model": "datachecking.contentchecklog", 
        "pk": 4
    }, 
    {
        "fields": {
            "execlog": 7, 
            "start_time": "2015-05-13T17:02:15.835Z", 
            "symbolicdataset": 5, 
            "end_time": "2015-05-13T17:02:15.887Z", 
            "user": 2
        }, 
        "model": "datachecking.contentchecklog", 
        "pk": 5
    }, 
    {
        "fields": {
            "execlog": 1, 
            "start_time": "2015-05-13T17:02:11.054Z", 
            "symbolicdataset": 1, 
            "end_time": "2015-05-13T17:02:11.054Z", 
            "user": 2
        }, 
        "model": "datachecking.integritychecklog", 
        "pk": 1
    }, 
    {
        "fields": {
            "execlog": 3, 
            "start_time": "2015-05-13T17:02:12.170Z", 
            "symbolicdataset": 2, 
            "end_time": "2015-05-13T17:02:12.170Z", 
            "user": 2
        }, 
        "model": "datachecking.integritychecklog", 
        "pk": 2
    }, 
    {
        "fields": {
            "execlog": 4, 
            "start_time": "2015-05-13T17:02:14.279Z", 
            "symbolicdataset": 3, 
            "end_time": "2015-05-13T17:02:14.279Z", 
            "user": 2
        }, 
        "model": "datachecking.integritychecklog", 
        "pk": 3
    }, 
    {
        "fields": {
            "execlog": 6, 
            "start_time": "2015-05-13T17:02:15.284Z", 
            "symbolicdataset": 4, 
            "end_time": "2015-05-13T17:02:15.284Z", 
            "user": 2
        }, 
        "model": "datachecking.integritychecklog", 
        "pk": 4
    }, 
    {
        "fields": {
            "execlog": 8, 
            "start_time": "2015-05-13T17:02:16.505Z", 
            "symbolicdataset": 5, 
            "end_time": "2015-05-13T17:02:16.505Z", 
            "user": 2
        }, 
        "model": "datachecking.integritychecklog", 
        "pk": 5
    }
]