[
    {
        "fields": {
            "blankable": false, 
            "column_idx": 1, 
            "column_name": "sequence", 
            "compounddatatype": 5, 
            "datatype": 8
        }, 
        "model": "metadata.compounddatatypemember", 
        "pk": 7
    }, 
    {
        "fields": {
            "dataset": 1, 
            "index": 1, 
            "run": 1
        }, 
        "model": "archive.runinput", 
        "pk": 1
    }, 
    {
        "fields": {
            "dataset": 1, 
            "index": 1, 
            "run": 2
        }, 
        "model": "archive.runinput", 
        "pk": 2
    }, 
    {
        "fields": {
            "dataset": 3, 
            "index": 1, 
            "run": 3
        }, 
        "model": "archive.runinput", 
        "pk": 3
    }, 
    {
        "fields": {
            "_complete": true, 
            "_redacted": null, 
            "_successful": true, 
            "end_time": "2000-01-01T00:00:06Z", 
            "execrecord": 2, 
            "is_cancelled": false, 
            "reused": false, 
            "start_time": "2000-01-01T00:00:04Z"
        }, 
        "model": "archive.runcomponent", 
        "pk": 1
    }, 
    {
        "fields": {
            "_complete": true, 
            "_redacted": null, 
            "_successful": true, 
            "end_time": "2000-01-01T00:00:04Z", 
            "execrecord": 1, 
            "is_cancelled": false, 
            "reused": false, 
            "start_time": "2000-01-01T00:00:04Z"
        }, 
        "model": "archive.runcomponent", 
        "pk": 2
    }, 
    {
        "fields": {
            "_complete": true, 
            "_redacted": null, 
            "_successful": true, 
            "end_time": "2000-01-01T00:00:07Z", 
            "execrecord": 3, 
            "is_cancelled": false, 
            "reused": false, 
            "start_time": "2000-01-01T00:00:06Z"
        }, 
        "model": "archive.runcomponent", 
        "pk": 3
    }, 
    {
        "fields": {
            "_complete": true, 
            "_redacted": null, 
            "_successful": true, 
            "end_time": "2000-01-01T00:00:11Z", 
            "execrecord": 2, 
            "is_cancelled": false, 
            "reused": true, 
            "start_time": "2000-01-01T00:00:10Z"
        }, 
        "model": "archive.runcomponent", 
        "pk": 4
    }, 
    {
        "fields": {
            "_complete": true, 
            "_redacted": null, 
            "_successful": null, 
            "end_time": "2000-01-01T00:00:11Z", 
            "execrecord": 1, 
            "is_cancelled": false, 
            "reused": true, 
            "start_time": "2000-01-01T00:00:10Z"
        }, 
        "model": "archive.runcomponent", 
        "pk": 5
    }, 
    {
        "fields": {
            "_complete": true, 
            "_redacted": null, 
            "_successful": null, 
            "end_time": "2000-01-01T00:00:11Z", 
            "execrecord": 3, 
            "is_cancelled": false, 
            "reused": true, 
            "start_time": "2000-01-01T00:00:11Z"
        }, 
        "model": "archive.runcomponent", 
        "pk": 6
    }, 
    {
        "fields": {
            "_complete": true, 
            "_redacted": null, 
            "_successful": true, 
            "end_time": "2000-01-01T00:00:17Z", 
            "execrecord": 5, 
            "is_cancelled": false, 
            "reused": false, 
            "start_time": "2000-01-01T00:00:15Z"
        }, 
        "model": "archive.runcomponent", 
        "pk": 7
    }, 
    {
        "fields": {
            "_complete": true, 
            "_redacted": null, 
            "_successful": true, 
            "end_time": "2000-01-01T00:00:19Z", 
            "execrecord": 7, 
            "is_cancelled": false, 
            "reused": false, 
            "start_time": "2000-01-01T00:00:17Z"
        }, 
        "model": "archive.runcomponent", 
        "pk": 8
    }, 
    {
        "fields": {
            "_complete": true, 
            "_redacted": null, 
            "_successful": true, 
            "end_time": "2000-01-01T00:00:15Z", 
            "execrecord": 4, 
            "is_cancelled": false, 
            "reused": false, 
            "start_time": "2000-01-01T00:00:15Z"
        }, 
        "model": "archive.runcomponent", 
        "pk": 9
    }, 
    {
        "fields": {
            "_complete": true, 
            "_redacted": null, 
            "_successful": true, 
            "end_time": "2000-01-01T00:00:18Z", 
            "execrecord": 6, 
            "is_cancelled": false, 
            "reused": false, 
            "start_time": "2000-01-01T00:00:17Z"
        }, 
        "model": "archive.runcomponent", 
        "pk": 10
    }, 
    {
        "fields": {
            "_complete": true, 
            "_redacted": null, 
            "_successful": true, 
            "end_time": "2000-01-01T00:00:20Z", 
            "execrecord": 8, 
            "is_cancelled": false, 
            "reused": false, 
            "start_time": "2000-01-01T00:00:20Z"
        }, 
        "model": "archive.runcomponent", 
        "pk": 11
    }, 
    {
        "fields": {
            "pipelinestep": 1, 
            "run": 1
        }, 
        "model": "archive.runstep", 
        "pk": 1
    }, 
    {
        "fields": {
            "pipelinestep": 1, 
            "run": 2
        }, 
        "model": "archive.runstep", 
        "pk": 4
    }, 
    {
        "fields": {
            "pipelinestep": 4, 
            "run": 3
        }, 
        "model": "archive.runstep", 
        "pk": 7
    }, 
    {
        "fields": {
            "pipelinestep": 5, 
            "run": 3
        }, 
        "model": "archive.runstep", 
        "pk": 8
    }, 
    {
        "fields": {
            "PSIC": 1, 
            "dest_runstep": 1
        }, 
        "model": "archive.runsic", 
        "pk": 2
    }, 
    {
        "fields": {
            "PSIC": 1, 
            "dest_runstep": 4
        }, 
        "model": "archive.runsic", 
        "pk": 5
    }, 
    {
        "fields": {
            "PSIC": 6, 
            "dest_runstep": 7
        }, 
        "model": "archive.runsic", 
        "pk": 9
    }, 
    {
        "fields": {
            "PSIC": 7, 
            "dest_runstep": 8
        }, 
        "model": "archive.runsic", 
        "pk": 10
    }, 
    {
        "fields": {
            "pipelineoutputcable": 2, 
            "run": 1
        }, 
        "model": "archive.runoutputcable", 
        "pk": 3
    }, 
    {
        "fields": {
            "pipelineoutputcable": 2, 
            "run": 2
        }, 
        "model": "archive.runoutputcable", 
        "pk": 6
    }, 
    {
        "fields": {
            "pipelineoutputcable": 8, 
            "run": 3
        }, 
        "model": "archive.runoutputcable", 
        "pk": 11
    }, 
    {
        "fields": {
            "end_time": "2000-01-01T00:00:04Z", 
            "invoking_record": 2, 
            "record": 2, 
            "start_time": "2000-01-01T00:00:04Z"
        }, 
        "model": "archive.execlog", 
        "pk": 1
    }, 
    {
        "fields": {
            "end_time": "2000-01-01T00:00:05Z", 
            "invoking_record": 1, 
            "record": 1, 
            "start_time": "2000-01-01T00:00:05Z"
        }, 
        "model": "archive.execlog", 
        "pk": 2
    }, 
    {
        "fields": {
            "end_time": "2000-01-01T00:00:07Z", 
            "invoking_record": 3, 
            "record": 3, 
            "start_time": "2000-01-01T00:00:07Z"
        }, 
        "model": "archive.execlog", 
        "pk": 3
    }, 
    {
        "fields": {
            "end_time": "2000-01-01T00:00:15Z", 
            "invoking_record": 9, 
            "record": 9, 
            "start_time": "2000-01-01T00:00:15Z"
        }, 
        "model": "archive.execlog", 
        "pk": 4
    }, 
    {
        "fields": {
            "end_time": "2000-01-01T00:00:16Z", 
            "invoking_record": 7, 
            "record": 7, 
            "start_time": "2000-01-01T00:00:16Z"
        }, 
        "model": "archive.execlog", 
        "pk": 5
    }, 
    {
        "fields": {
            "end_time": "2000-01-01T00:00:18Z", 
            "invoking_record": 10, 
            "record": 10, 
            "start_time": "2000-01-01T00:00:18Z"
        }, 
        "model": "archive.execlog", 
        "pk": 6
    }, 
    {
        "fields": {
            "end_time": "2000-01-01T00:00:18Z", 
            "invoking_record": 8, 
            "record": 8, 
            "start_time": "2000-01-01T00:00:18Z"
        }, 
        "model": "archive.execlog", 
        "pk": 7
    }, 
    {
        "fields": {
            "end_time": "2000-01-01T00:00:20Z", 
            "invoking_record": 11, 
            "record": 11, 
            "start_time": "2000-01-01T00:00:20Z"
        }, 
        "model": "archive.execlog", 
        "pk": 8
    }, 
    {
        "fields": {
            "are_checksums_OK": true, 
            "code_redacted": false, 
            "error_log": "Logs/step1_stderr.txt", 
            "error_redacted": false, 
            "execlog": 2, 
            "output_log": "Logs/step1_stdout.txt", 
            "output_redacted": false, 
            "return_code": 0
        }, 
        "model": "archive.methodoutput", 
        "pk": 1
    }, 
    {
        "fields": {
            "are_checksums_OK": true, 
            "code_redacted": false, 
            "error_log": "Logs/step1_stderr_DbwccP0.txt", 
            "error_redacted": false, 
            "execlog": 5, 
            "output_log": "Logs/step1_stdout_JrmZnPM.txt", 
            "output_redacted": false, 
            "return_code": 0
        }, 
        "model": "archive.methodoutput", 
        "pk": 2
    }, 
    {
        "fields": {
            "are_checksums_OK": true, 
            "code_redacted": false, 
            "error_log": "Logs/step2_stderr.txt", 
            "error_redacted": false, 
            "execlog": 7, 
            "output_log": "Logs/step2_stdout.txt", 
            "output_redacted": false, 
            "return_code": 0
        }, 
        "model": "archive.methodoutput", 
        "pk": 3
    }, 
    {
        "fields": {
            "compounddatatype": 5, 
            "dataset": 1, 
            "num_rows": 7
        }, 
        "model": "librarian.datasetstructure", 
        "pk": 1
    }, 
    {
        "fields": {
            "compounddatatype": 5, 
            "dataset": 2, 
            "num_rows": 7
        }, 
        "model": "librarian.datasetstructure", 
        "pk": 2
    }, 
    {
        "fields": {
            "compounddatatype": 5, 
            "dataset": 3, 
            "num_rows": 4
        }, 
        "model": "librarian.datasetstructure", 
        "pk": 3
    }, 
    {
        "fields": {
            "compounddatatype": 5, 
            "dataset": 4, 
            "num_rows": 4
        }, 
        "model": "librarian.datasetstructure", 
        "pk": 4
    }, 
    {
        "fields": {
            "compounddatatype": 5, 
            "dataset": 5, 
            "num_rows": 4
        }, 
        "model": "librarian.datasetstructure", 
        "pk": 5
    }, 
    {
        "fields": {
            "generator": 1
        }, 
        "model": "librarian.execrecord", 
        "pk": 1
    }, 
    {
        "fields": {
            "generator": 2
        }, 
        "model": "librarian.execrecord", 
        "pk": 2
    }, 
    {
        "fields": {
            "generator": 3
        }, 
        "model": "librarian.execrecord", 
        "pk": 3
    }, 
    {
        "fields": {
            "generator": 4
        }, 
        "model": "librarian.execrecord", 
        "pk": 4
    }, 
    {
        "fields": {
            "generator": 5
        }, 
        "model": "librarian.execrecord", 
        "pk": 5
    }, 
    {
        "fields": {
            "generator": 6
        }, 
        "model": "librarian.execrecord", 
        "pk": 6
    }, 
    {
        "fields": {
            "generator": 7
        }, 
        "model": "librarian.execrecord", 
        "pk": 7
    }, 
    {
        "fields": {
            "generator": 8
        }, 
        "model": "librarian.execrecord", 
        "pk": 8
    }, 
    {
        "fields": {
            "dataset": 1, 
            "execrecord": 1, 
            "generic_input": 5
        }, 
        "model": "librarian.execrecordin", 
        "pk": 1
    }, 
    {
        "fields": {
            "dataset": 1, 
            "execrecord": 2, 
            "generic_input": 1
        }, 
        "model": "librarian.execrecordin", 
        "pk": 2
    }, 
    {
        "fields": {
            "dataset": 2, 
            "execrecord": 3, 
            "generic_input": 2
        }, 
        "model": "librarian.execrecordin", 
        "pk": 3
    }, 
    {
        "fields": {
            "dataset": 3, 
            "execrecord": 4, 
            "generic_input": 10
        }, 
        "model": "librarian.execrecordin", 
        "pk": 4
    }, 
    {
        "fields": {
            "dataset": 3, 
            "execrecord": 5, 
            "generic_input": 1
        }, 
        "model": "librarian.execrecordin", 
        "pk": 5
    }, 
    {
        "fields": {
            "dataset": 4, 
            "execrecord": 6, 
            "generic_input": 2
        }, 
        "model": "librarian.execrecordin", 
        "pk": 6
    }, 
    {
        "fields": {
            "dataset": 4, 
            "execrecord": 7, 
            "generic_input": 1
        }, 
        "model": "librarian.execrecordin", 
        "pk": 7
    }, 
    {
        "fields": {
            "dataset": 5, 
            "execrecord": 8, 
            "generic_input": 2
        }, 
        "model": "librarian.execrecordin", 
        "pk": 8
    }, 
    {
        "fields": {
            "dataset": 1, 
            "execrecord": 1, 
            "generic_output": 1
        }, 
        "model": "librarian.execrecordout", 
        "pk": 1
    }, 
    {
        "fields": {
            "dataset": 2, 
            "execrecord": 2, 
            "generic_output": 2
        }, 
        "model": "librarian.execrecordout", 
        "pk": 2
    }, 
    {
        "fields": {
            "dataset": 2, 
            "execrecord": 3, 
            "generic_output": 6
        }, 
        "model": "librarian.execrecordout", 
        "pk": 3
    }, 
    {
        "fields": {
            "dataset": 3, 
            "execrecord": 4, 
            "generic_output": 1
        }, 
        "model": "librarian.execrecordout", 
        "pk": 4
    }, 
    {
        "fields": {
            "dataset": 4, 
            "execrecord": 5, 
            "generic_output": 2
        }, 
        "model": "librarian.execrecordout", 
        "pk": 5
    }, 
    {
        "fields": {
            "dataset": 4, 
            "execrecord": 6, 
            "generic_output": 1
        }, 
        "model": "librarian.execrecordout", 
        "pk": 6
    }, 
    {
        "fields": {
            "dataset": 5, 
            "execrecord": 7, 
            "generic_output": 2
        }, 
        "model": "librarian.execrecordout", 
        "pk": 7
    }, 
    {
        "fields": {
            "dataset": 5, 
            "execrecord": 8, 
            "generic_output": 11
        }, 
        "model": "librarian.execrecordout", 
        "pk": 8
    }, 
    {
        "fields": {
            "filename": "", 
            "method": 2, 
            "path": "", 
            "requirement": 1
        }, 
        "model": "method.methoddependency", 
        "pk": 1
    }, 
    {
        "fields": {
            "fill_colour": "", 
            "name": "", 
            "outputs_to_delete": [], 
            "pipeline": 3, 
            "step_num": 1, 
            "transformation": 1, 
            "x": 0.0, 
            "y": 0.0
        }, 
        "model": "pipeline.pipelinestep", 
        "pk": 1
    }, 
    {
        "fields": {
            "fill_colour": "", 
            "name": "", 
            "outputs_to_delete": [], 
            "pipeline": 4, 
            "step_num": 1, 
            "transformation": 3, 
            "x": 0.0, 
            "y": 0.0
        }, 
        "model": "pipeline.pipelinestep", 
        "pk": 2
    }, 
    {
        "fields": {
            "fill_colour": "", 
            "name": "", 
            "outputs_to_delete": [], 
            "pipeline": 4, 
            "step_num": 2, 
            "transformation": 3, 
            "x": 0.0, 
            "y": 0.0
        }, 
        "model": "pipeline.pipelinestep", 
        "pk": 3
    }, 
    {
        "fields": {
            "fill_colour": "", 
            "name": "", 
            "outputs_to_delete": [], 
            "pipeline": 5, 
            "step_num": 1, 
            "transformation": 1, 
            "x": 0.0, 
            "y": 0.0
        }, 
        "model": "pipeline.pipelinestep", 
        "pk": 4
    }, 
    {
        "fields": {
            "fill_colour": "", 
            "name": "", 
            "outputs_to_delete": [], 
            "pipeline": 5, 
            "step_num": 2, 
            "transformation": 1, 
            "x": 0.0, 
            "y": 0.0
        }, 
        "model": "pipeline.pipelinestep", 
        "pk": 5
    }, 
    {
        "fields": {}, 
        "model": "pipeline.pipelinecable", 
        "pk": 1
    }, 
    {
        "fields": {}, 
        "model": "pipeline.pipelinecable", 
        "pk": 2
    }, 
    {
        "fields": {}, 
        "model": "pipeline.pipelinecable", 
        "pk": 3
    }, 
    {
        "fields": {}, 
        "model": "pipeline.pipelinecable", 
        "pk": 4
    }, 
    {
        "fields": {}, 
        "model": "pipeline.pipelinecable", 
        "pk": 5
    }, 
    {
        "fields": {}, 
        "model": "pipeline.pipelinecable", 
        "pk": 6
    }, 
    {
        "fields": {}, 
        "model": "pipeline.pipelinecable", 
        "pk": 7
    }, 
    {
        "fields": {}, 
        "model": "pipeline.pipelinecable", 
        "pk": 8
    }, 
    {
        "fields": {
            "dest": 1, 
            "keep_output": false, 
            "pipelinestep": 1, 
            "source": 5, 
            "source_step": 0
        }, 
        "model": "pipeline.pipelinestepinputcable", 
        "pk": 1
    }, 
    {
        "fields": {
            "dest": 5, 
            "keep_output": false, 
            "pipelinestep": 2, 
            "source": 7, 
            "source_step": 0
        }, 
        "model": "pipeline.pipelinestepinputcable", 
        "pk": 3
    }, 
    {
        "fields": {
            "dest": 5, 
            "keep_output": false, 
            "pipelinestep": 3, 
            "source": 6, 
            "source_step": 1
        }, 
        "model": "pipeline.pipelinestepinputcable", 
        "pk": 4
    }, 
    {
        "fields": {
            "dest": 1, 
            "keep_output": false, 
            "pipelinestep": 4, 
            "source": 10, 
            "source_step": 0
        }, 
        "model": "pipeline.pipelinestepinputcable", 
        "pk": 6
    }, 
    {
        "fields": {
            "dest": 1, 
            "keep_output": false, 
            "pipelinestep": 5, 
            "source": 2, 
            "source_step": 1
        }, 
        "model": "pipeline.pipelinestepinputcable", 
        "pk": 7
    }, 
    {
        "fields": {
            "output_cdt": 5, 
            "output_idx": 1, 
            "output_name": "noop_pipeline_out", 
            "pipeline": 3, 
            "source": 2, 
            "source_step": 1
        }, 
        "model": "pipeline.pipelineoutputcable", 
        "pk": 2
    }, 
    {
        "fields": {
            "output_cdt": 5, 
            "output_idx": 1, 
            "output_name": "nested_out", 
            "pipeline": 4, 
            "source": 6, 
            "source_step": 2
        }, 
        "model": "pipeline.pipelineoutputcable", 
        "pk": 5
    }, 
    {
        "fields": {
            "output_cdt": 5, 
            "output_idx": 1, 
            "output_name": "noop_pipeline_out", 
            "pipeline": 5, 
            "source": 2, 
            "source_step": 2
        }, 
        "model": "pipeline.pipelineoutputcable", 
        "pk": 8
    }, 
    {
        "fields": {
            "x": 0.0, 
            "y": 0.0
        }, 
        "model": "transformation.transformationxput", 
        "pk": 1
    }, 
    {
        "fields": {
            "x": 0.0, 
            "y": 0.0
        }, 
        "model": "transformation.transformationxput", 
        "pk": 2
    }, 
    {
        "fields": {
            "x": 0.0, 
            "y": 0.0
        }, 
        "model": "transformation.transformationxput", 
        "pk": 3
    }, 
    {
        "fields": {
            "x": 0.0, 
            "y": 0.0
        }, 
        "model": "transformation.transformationxput", 
        "pk": 4
    }, 
    {
        "fields": {
            "x": 0.0, 
            "y": 0.0
        }, 
        "model": "transformation.transformationxput", 
        "pk": 5
    }, 
    {
        "fields": {
            "x": 0.0, 
            "y": 0.0
        }, 
        "model": "transformation.transformationxput", 
        "pk": 6
    }, 
    {
        "fields": {
            "x": 0.0, 
            "y": 0.0
        }, 
        "model": "transformation.transformationxput", 
        "pk": 7
    }, 
    {
        "fields": {
            "x": 0.0, 
            "y": 0.0
        }, 
        "model": "transformation.transformationxput", 
        "pk": 9
    }, 
    {
        "fields": {
            "x": 0.0, 
            "y": 0.0
        }, 
        "model": "transformation.transformationxput", 
        "pk": 10
    }, 
    {
        "fields": {
            "x": 0.0, 
            "y": 0.0
        }, 
        "model": "transformation.transformationxput", 
        "pk": 11
    }, 
    {
        "fields": {
            "compounddatatype": 5, 
            "max_row": null, 
            "min_row": null, 
            "transf_xput": 1
        }, 
        "model": "transformation.xputstructure", 
        "pk": 1
    }, 
    {
        "fields": {
            "compounddatatype": 5, 
            "max_row": null, 
            "min_row": null, 
            "transf_xput": 2
        }, 
        "model": "transformation.xputstructure", 
        "pk": 2
    }, 
    {
        "fields": {
            "compounddatatype": 5, 
            "max_row": null, 
            "min_row": null, 
            "transf_xput": 5
        }, 
        "model": "transformation.xputstructure", 
        "pk": 3
    }, 
    {
        "fields": {
            "compounddatatype": 5, 
            "max_row": null, 
            "min_row": null, 
            "transf_xput": 6
        }, 
        "model": "transformation.xputstructure", 
        "pk": 4
    }, 
    {
        "fields": {
            "compounddatatype": 5, 
            "max_row": null, 
            "min_row": null, 
            "transf_xput": 7
        }, 
        "model": "transformation.xputstructure", 
        "pk": 5
    }, 
    {
        "fields": {
            "compounddatatype": 5, 
            "max_row": null, 
            "min_row": null, 
            "transf_xput": 9
        }, 
        "model": "transformation.xputstructure", 
        "pk": 7
    }, 
    {
        "fields": {
            "compounddatatype": 5, 
            "max_row": null, 
            "min_row": null, 
            "transf_xput": 10
        }, 
        "model": "transformation.xputstructure", 
        "pk": 8
    }, 
    {
        "fields": {
            "compounddatatype": 5, 
            "max_row": null, 
            "min_row": null, 
            "transf_xput": 11
        }, 
        "model": "transformation.xputstructure", 
        "pk": 9
    }, 
    {
        "fields": {
            "dataset_idx": 1, 
            "dataset_name": "nuc_seq_in", 
            "transformation": 1
        }, 
        "model": "transformation.transformationinput", 
        "pk": 1
    }, 
    {
        "fields": {
            "dataset_idx": 1, 
            "dataset_name": "nuc_seq_in", 
            "transformation": 2
        }, 
        "model": "transformation.transformationinput", 
        "pk": 3
    }, 
    {
        "fields": {
            "dataset_idx": 1, 
            "dataset_name": "noop_pipeline_in", 
            "transformation": 3
        }, 
        "model": "transformation.transformationinput", 
        "pk": 5
    }, 
    {
        "fields": {
            "dataset_idx": 1, 
            "dataset_name": "nested_in", 
            "transformation": 4
        }, 
        "model": "transformation.transformationinput", 
        "pk": 7
    }, 
    {
        "fields": {
            "dataset_idx": 1, 
            "dataset_name": "noop_pipeline_in", 
            "transformation": 5
        }, 
        "model": "transformation.transformationinput", 
        "pk": 10
    }, 
    {
        "fields": {
            "dataset_idx": 1, 
            "dataset_name": "nuc_seq_out", 
            "transformation": 1
        }, 
        "model": "transformation.transformationoutput", 
        "pk": 2
    }, 
    {
        "fields": {
            "dataset_idx": 1, 
            "dataset_name": "nuc_seq_out", 
            "transformation": 2
        }, 
        "model": "transformation.transformationoutput", 
        "pk": 4
    }, 
    {
        "fields": {
            "dataset_idx": 1, 
            "dataset_name": "noop_pipeline_out", 
            "transformation": 3
        }, 
        "model": "transformation.transformationoutput", 
        "pk": 6
    }, 
    {
        "fields": {
            "dataset_idx": 1, 
            "dataset_name": "nested_out", 
            "transformation": 4
        }, 
        "model": "transformation.transformationoutput", 
        "pk": 9
    }, 
    {
        "fields": {
            "dataset_idx": 1, 
            "dataset_name": "noop_pipeline_out", 
            "transformation": 5
        }, 
        "model": "transformation.transformationoutput", 
        "pk": 11
    }, 
    {
        "fields": {
            "date_joined": "2000-01-01T00:00:00Z", 
            "email": "rem@over.sucks", 
            "first_name": "", 
            "groups": [
                1
            ], 
            "is_active": true, 
            "is_staff": false, 
            "is_superuser": false, 
            "last_login": null, 
            "last_name": "", 
            "password": "pbkdf2_sha256$24000$YX5qmt6LQvVM$6nTqR9TUcYBSFaPsUg9/4wghsDpiP9uwOKLa0Z9i+cc=", 
            "user_permissions": [], 
            "username": "Rem Over"
        }, 
        "model": "auth.user", 
        "pk": 2
    }, 
    {
        "fields": {
            "date_created": "2000-01-01T00:00:00Z", 
            "description": "Sequences of A, C, G, and T", 
            "groups_allowed": [], 
            "name": "Nucleotide sequence", 
            "prototype": null, 
            "restricts": [
                1
            ], 
            "user": 2, 
            "users_allowed": []
        }, 
        "model": "metadata.datatype", 
        "pk": 8
    }, 
    {
        "fields": {
            "groups_allowed": [], 
            "name": "", 
            "user": 2, 
            "users_allowed": []
        }, 
        "model": "metadata.compounddatatype", 
        "pk": 5
    }, 
    {
        "fields": {
            "_complete": true, 
            "_successful": true, 
            "description": "", 
            "end_time": "2000-01-01T00:00:07Z", 
            "groups_allowed": [], 
            "name": "", 
            "parent_runstep": null, 
            "paused_by": null, 
            "pipeline": 3, 
            "purged": false, 
            "sandbox_path": "/Users/rliang/Documents/Research/Copperfish/copperfish/kive/Sandboxes/userRem Over_run1_QbQpga", 
            "start_time": "2000-01-01T00:00:04Z", 
            "stopped_by": null, 
            "time_queued": "2016-04-19T19:39:13.823Z", 
            "user": 2, 
            "users_allowed": []
        }, 
        "model": "archive.run", 
        "pk": 1
    }, 
    {
        "fields": {
            "_complete": true, 
            "_successful": true, 
            "description": "", 
            "end_time": "2000-01-01T00:00:11Z", 
            "groups_allowed": [], 
            "name": "", 
            "parent_runstep": null, 
            "paused_by": null, 
            "pipeline": 3, 
            "purged": false, 
            "sandbox_path": "/Users/rliang/Documents/Research/Copperfish/copperfish/kive/Sandboxes/userRem Over_run2_fMyDIs", 
            "start_time": "2000-01-01T00:00:10Z", 
            "stopped_by": null, 
            "time_queued": "2016-04-19T19:39:20.213Z", 
            "user": 2, 
            "users_allowed": []
        }, 
        "model": "archive.run", 
        "pk": 2
    }, 
    {
        "fields": {
            "_complete": true, 
            "_successful": true, 
            "description": "", 
            "end_time": "2000-01-01T00:00:21Z", 
            "groups_allowed": [], 
            "name": "", 
            "parent_runstep": null, 
            "paused_by": null, 
            "pipeline": 5, 
            "purged": false, 
            "sandbox_path": "/Users/rliang/Documents/Research/Copperfish/copperfish/kive/Sandboxes/userRem Over_run3_NbrqVr", 
            "start_time": "2000-01-01T00:00:15Z", 
            "stopped_by": null, 
            "time_queued": "2016-04-19T19:39:24.965Z", 
            "user": 2, 
            "users_allowed": []
        }, 
        "model": "archive.run", 
        "pk": 3
    }, 
    {
        "fields": {
            "MD5_checksum": "97aac6a9fbc85d01b9b56d54cd2a5a1a", 
            "_redacted": false, 
            "dataset_file": "Datasets/2016_04/tmpuMJ72m", 
            "date_created": "2000-01-01T00:00:00Z", 
            "description": "A dataset for use in the removal test case.", 
            "external_path": "", 
            "externalfiledirectory": null, 
            "file_source": null, 
            "groups_allowed": [], 
            "name": "Removal test data", 
            "user": 2, 
            "users_allowed": []
        }, 
        "model": "librarian.dataset", 
        "pk": 1
    }, 
    {
        "fields": {
            "MD5_checksum": "97aac6a9fbc85d01b9b56d54cd2a5a1a", 
            "_redacted": false, 
            "dataset_file": "Datasets/2016_04/step1_nuc_seq_out.csv", 
            "date_created": "2000-01-01T00:00:05Z", 
            "description": "Generated data from a run of pipeline \"Nucleotide Sequence Noop:1 (v1)\" started at 2016-04-19 19:39:15.990203+00:00 by Rem Over\nrun: 1\nuser: Rem Over\nstep: 1\noutput: nuc_seq_out", 
            "external_path": "", 
            "externalfiledirectory": null, 
            "file_source": 1, 
            "groups_allowed": [], 
            "name": "run1_step1_outputnuc_seq_out", 
            "user": 2, 
            "users_allowed": []
        }, 
        "model": "librarian.dataset", 
        "pk": 2
    }, 
    {
        "fields": {
            "MD5_checksum": "acf721d5ab57259504ea42bff552a8ab", 
            "_redacted": false, 
            "dataset_file": "Datasets/2016_04/tmpufBcP4", 
            "date_created": "2000-01-01T00:00:13Z", 
            "description": "A dataset for use in the removal test case with the two-step Pipeline.", 
            "external_path": "", 
            "externalfiledirectory": null, 
            "file_source": null, 
            "groups_allowed": [], 
            "name": "Removal test data for a two-step Pipeline", 
            "user": 2, 
            "users_allowed": []
        }, 
        "model": "librarian.dataset", 
        "pk": 3
    }, 
    {
        "fields": {
            "MD5_checksum": "acf721d5ab57259504ea42bff552a8ab", 
            "_redacted": false, 
            "dataset_file": "Datasets/2016_04/step1_nuc_seq_out_QCUyNkY.csv", 
            "date_created": "2000-01-01T00:00:16Z", 
            "description": "Generated data from a run of pipeline \"Nucleotide Sequence two-step Noop:1 (v1)\" started at 2016-04-19 19:39:27.100870+00:00 by Rem Over\nrun: 3\nuser: Rem Over\nstep: 1\noutput: nuc_seq_out", 
            "external_path": "", 
            "externalfiledirectory": null, 
            "file_source": 7, 
            "groups_allowed": [], 
            "name": "run3_step1_outputnuc_seq_out", 
            "user": 2, 
            "users_allowed": []
        }, 
        "model": "librarian.dataset", 
        "pk": 4
    }, 
    {
        "fields": {
            "MD5_checksum": "acf721d5ab57259504ea42bff552a8ab", 
            "_redacted": false, 
            "dataset_file": "Datasets/2016_04/step2_nuc_seq_out.csv", 
            "date_created": "2000-01-01T00:00:18Z", 
            "description": "Generated data from a run of pipeline \"Nucleotide Sequence two-step Noop:1 (v1)\" started at 2016-04-19 19:39:27.100870+00:00 by Rem Over\nrun: 3\nuser: Rem Over\nstep: 2\noutput: nuc_seq_out", 
            "external_path": "", 
            "externalfiledirectory": null, 
            "file_source": 8, 
            "groups_allowed": [], 
            "name": "run3_step2_outputnuc_seq_out", 
            "user": 2, 
            "users_allowed": []
        }, 
        "model": "librarian.dataset", 
        "pk": 5
    }, 
    {
        "fields": {
            "description": "A noop script that simply writes its input to its output.", 
            "filename": "noop.bash", 
            "groups_allowed": [], 
            "name": "Noop", 
            "user": 2, 
            "users_allowed": []
        }, 
        "model": "method.coderesource", 
        "pk": 1
    }, 
    {
        "fields": {
            "description": "A script that does nothing to its input and passes it through untouched.", 
            "filename": "passthrough.bash", 
            "groups_allowed": [], 
            "name": "Pass Through", 
            "user": 2, 
            "users_allowed": []
        }, 
        "model": "method.coderesource", 
        "pk": 2
    }, 
    {
        "fields": {
            "MD5_checksum": "314ec18b433b478ad55d3e1306586816", 
            "coderesource": 1, 
            "content_file": "CodeResources/fdopen", 
            "groups_allowed": [], 
            "revision_DateTime": "2000-01-01T00:00:00Z", 
            "revision_desc": "first version", 
            "revision_name": "1", 
            "revision_number": 1, 
            "revision_parent": null, 
            "user": 2, 
            "users_allowed": []
        }, 
        "model": "method.coderesourcerevision", 
        "pk": 1
    }, 
    {
        "fields": {
            "MD5_checksum": "83626e348ac566a61cab9d94683446c7", 
            "coderesource": 2, 
            "content_file": "CodeResources/fdopen_CJCrKlD", 
            "groups_allowed": [], 
            "revision_DateTime": "2000-01-01T00:00:00Z", 
            "revision_desc": "first version", 
            "revision_name": "1", 
            "revision_number": 1, 
            "revision_parent": null, 
            "user": 2, 
            "users_allowed": []
        }, 
        "model": "method.coderesourcerevision", 
        "pk": 2
    }, 
    {
        "fields": {
            "driver": 1, 
            "family": 1, 
            "groups_allowed": [], 
            "reusable": 1, 
            "revision_number": 1, 
            "revision_parent": null, 
            "tainted": false, 
            "threads": 1, 
            "users_allowed": []
        }, 
        "model": "method.method", 
        "pk": 1
    }, 
    {
        "fields": {
            "driver": 2, 
            "family": 2, 
            "groups_allowed": [], 
            "reusable": 1, 
            "revision_number": 1, 
            "revision_parent": null, 
            "tainted": false, 
            "threads": 1, 
            "users_allowed": []
        }, 
        "model": "method.method", 
        "pk": 2
    }, 
    {
        "fields": {
            "description": "A noop on nucleotide sequences", 
            "groups_allowed": [], 
            "name": "Noop (nucleotide sequence)", 
            "user": 2, 
            "users_allowed": []
        }, 
        "model": "method.methodfamily", 
        "pk": 1
    }, 
    {
        "fields": {
            "description": "A pass-through on raw data that uses noop as a dependency", 
            "groups_allowed": [], 
            "name": "Pass-through (raw)", 
            "user": 2, 
            "users_allowed": []
        }, 
        "model": "method.methodfamily", 
        "pk": 2
    }, 
    {
        "fields": {
            "description": "A noop pipeline for nucleotide sequences.", 
            "groups_allowed": [], 
            "name": "Nucleotide Sequence Noop", 
            "user": 2, 
            "users_allowed": []
        }, 
        "model": "pipeline.pipelinefamily", 
        "pk": 1
    }, 
    {
        "fields": {
            "description": "Pipeline with one nested level", 
            "groups_allowed": [], 
            "name": "Nested pipeline", 
            "user": 2, 
            "users_allowed": []
        }, 
        "model": "pipeline.pipelinefamily", 
        "pk": 2
    }, 
    {
        "fields": {
            "description": "A two-step noop pipeline for nucleotide sequences.", 
            "groups_allowed": [], 
            "name": "Nucleotide Sequence two-step Noop", 
            "user": 2, 
            "users_allowed": []
        }, 
        "model": "pipeline.pipelinefamily", 
        "pk": 3
    }, 
    {
        "fields": {
            "family": 1, 
            "groups_allowed": [], 
            "published": false, 
            "revision_number": 1, 
            "revision_parent": null, 
            "users_allowed": []
        }, 
        "model": "pipeline.pipeline", 
        "pk": 3
    }, 
    {
        "fields": {
            "family": 2, 
            "groups_allowed": [], 
            "published": false, 
            "revision_number": 1, 
            "revision_parent": null, 
            "users_allowed": []
        }, 
        "model": "pipeline.pipeline", 
        "pk": 4
    }, 
    {
        "fields": {
            "family": 3, 
            "groups_allowed": [], 
            "published": false, 
            "revision_number": 1, 
            "revision_parent": null, 
            "users_allowed": []
        }, 
        "model": "pipeline.pipeline", 
        "pk": 5
    }, 
    {
        "fields": {
            "groups_allowed": [], 
            "revision_DateTime": "2000-01-01T00:00:00Z", 
            "revision_desc": "first version", 
            "revision_name": "v1", 
            "user": 2, 
            "users_allowed": []
        }, 
        "model": "transformation.transformation", 
        "pk": 1
    }, 
    {
        "fields": {
            "groups_allowed": [], 
            "revision_DateTime": "2000-01-01T00:00:00Z", 
            "revision_desc": "first version", 
            "revision_name": "v1", 
            "user": 2, 
            "users_allowed": []
        }, 
        "model": "transformation.transformation", 
        "pk": 2
    }, 
    {
        "fields": {
            "groups_allowed": [], 
            "revision_DateTime": "2000-01-01T00:00:01Z", 
            "revision_desc": "first version", 
            "revision_name": "v1", 
            "user": 2, 
            "users_allowed": []
        }, 
        "model": "transformation.transformation", 
        "pk": 3
    }, 
    {
        "fields": {
            "groups_allowed": [], 
            "revision_DateTime": "2000-01-01T00:00:01Z", 
            "revision_desc": "first version", 
            "revision_name": "v1", 
            "user": 2, 
            "users_allowed": []
        }, 
        "model": "transformation.transformation", 
        "pk": 4
    }, 
    {
        "fields": {
            "groups_allowed": [], 
            "revision_DateTime": "2000-01-01T00:00:12Z", 
            "revision_desc": "first version", 
            "revision_name": "v1", 
            "user": 2, 
            "users_allowed": []
        }, 
        "model": "transformation.transformation", 
        "pk": 5
    }, 
    {
        "fields": {
            "dataset": 1, 
            "end_time": "2000-01-01T00:00:00Z", 
            "execlog": null, 
            "start_time": "2000-01-01T00:00:00Z", 
            "user": 2
        }, 
        "model": "datachecking.contentchecklog", 
        "pk": 1
    }, 
    {
        "fields": {
            "dataset": 2, 
            "end_time": "2000-01-01T00:00:06Z", 
            "execlog": 2, 
            "start_time": "2000-01-01T00:00:06Z", 
            "user": 2
        }, 
        "model": "datachecking.contentchecklog", 
        "pk": 2
    }, 
    {
        "fields": {
            "dataset": 3, 
            "end_time": "2000-01-01T00:00:13Z", 
            "execlog": null, 
            "start_time": "2000-01-01T00:00:13Z", 
            "user": 2
        }, 
        "model": "datachecking.contentchecklog", 
        "pk": 3
    }, 
    {
        "fields": {
            "dataset": 4, 
            "end_time": "2000-01-01T00:00:17Z", 
            "execlog": 5, 
            "start_time": "2000-01-01T00:00:16Z", 
            "user": 2
        }, 
        "model": "datachecking.contentchecklog", 
        "pk": 4
    }, 
    {
        "fields": {
            "dataset": 5, 
            "end_time": "2000-01-01T00:00:19Z", 
            "execlog": 7, 
            "start_time": "2000-01-01T00:00:19Z", 
            "user": 2
        }, 
        "model": "datachecking.contentchecklog", 
        "pk": 5
    }
]