[
    {
        "fields": {
            "datatype": 8, 
            "column_idx": 1, 
            "compounddatatype": 5, 
            "blankable": false, 
            "column_name": "sequence"
        }, 
        "model": "metadata.compounddatatypemember", 
        "pk": 7
    }, 
    {
        "fields": {
            "execrecord": 2, 
            "start_time": "2015-06-30T22:46:53.149Z", 
            "reused": false, 
            "_redacted": false, 
            "end_time": "2015-06-30T22:46:54.275Z", 
            "_complete": true, 
            "is_cancelled": false, 
            "_successful": true
        }, 
        "model": "archive.runcomponent", 
        "pk": 1
    }, 
    {
        "fields": {
            "execrecord": 1, 
            "start_time": "2015-06-30T22:46:53.223Z", 
            "reused": false, 
            "_redacted": false, 
            "end_time": "2015-06-30T22:46:53.406Z", 
            "_complete": true, 
            "is_cancelled": false, 
            "_successful": true
        }, 
        "model": "archive.runcomponent", 
        "pk": 2
    }, 
    {
        "fields": {
            "execrecord": 3, 
            "start_time": "2015-06-30T22:46:54.723Z", 
            "reused": false, 
            "_redacted": false, 
            "end_time": "2015-06-30T22:46:55.187Z", 
            "_complete": true, 
            "is_cancelled": false, 
            "_successful": true
        }, 
        "model": "archive.runcomponent", 
        "pk": 3
    }, 
    {
        "fields": {
            "execrecord": 2, 
            "start_time": "2015-06-30T22:46:55.832Z", 
            "reused": true, 
            "_redacted": false, 
            "end_time": "2015-06-30T22:46:56.164Z", 
            "_complete": true, 
            "is_cancelled": false, 
            "_successful": true
        }, 
        "model": "archive.runcomponent", 
        "pk": 4
    }, 
    {
        "fields": {
            "execrecord": 1, 
            "start_time": "2015-06-30T22:46:55.898Z", 
            "reused": true, 
            "_redacted": false, 
            "end_time": "2015-06-30T22:46:55.983Z", 
            "_complete": true, 
            "is_cancelled": false, 
            "_successful": true
        }, 
        "model": "archive.runcomponent", 
        "pk": 5
    }, 
    {
        "fields": {
            "execrecord": 3, 
            "start_time": "2015-06-30T22:46:56.528Z", 
            "reused": true, 
            "_redacted": false, 
            "end_time": "2015-06-30T22:46:56.599Z", 
            "_complete": true, 
            "is_cancelled": false, 
            "_successful": true
        }, 
        "model": "archive.runcomponent", 
        "pk": 6
    }, 
    {
        "fields": {
            "execrecord": 5, 
            "start_time": "2015-06-30T22:46:57.599Z", 
            "reused": false, 
            "_redacted": false, 
            "end_time": "2015-06-30T22:46:58.630Z", 
            "_complete": true, 
            "is_cancelled": false, 
            "_successful": true
        }, 
        "model": "archive.runcomponent", 
        "pk": 7
    }, 
    {
        "fields": {
            "execrecord": 4, 
            "start_time": "2015-06-30T22:46:57.670Z", 
            "reused": false, 
            "_redacted": false, 
            "end_time": "2015-06-30T22:46:57.835Z", 
            "_complete": true, 
            "is_cancelled": false, 
            "_successful": true
        }, 
        "model": "archive.runcomponent", 
        "pk": 8
    }, 
    {
        "fields": {
            "execrecord": 7, 
            "start_time": "2015-06-30T22:46:59.032Z", 
            "reused": false, 
            "_redacted": false, 
            "end_time": "2015-06-30T22:47:00.191Z", 
            "_complete": true, 
            "is_cancelled": false, 
            "_successful": true
        }, 
        "model": "archive.runcomponent", 
        "pk": 9
    }, 
    {
        "fields": {
            "execrecord": 6, 
            "start_time": "2015-06-30T22:46:59.119Z", 
            "reused": false, 
            "_redacted": false, 
            "end_time": "2015-06-30T22:46:59.301Z", 
            "_complete": true, 
            "is_cancelled": false, 
            "_successful": true
        }, 
        "model": "archive.runcomponent", 
        "pk": 10
    }, 
    {
        "fields": {
            "execrecord": 8, 
            "start_time": "2015-06-30T22:47:00.651Z", 
            "reused": false, 
            "_redacted": false, 
            "end_time": "2015-06-30T22:47:00.844Z", 
            "_complete": true, 
            "is_cancelled": false, 
            "_successful": true
        }, 
        "model": "archive.runcomponent", 
        "pk": 11
    }, 
    {
        "fields": {
            "pipelinestep": 1, 
            "run": 1
        }, 
        "model": "archive.runstep", 
        "pk": 1
    }, 
    {
        "fields": {
            "pipelinestep": 1, 
            "run": 2
        }, 
        "model": "archive.runstep", 
        "pk": 4
    }, 
    {
        "fields": {
            "pipelinestep": 4, 
            "run": 3
        }, 
        "model": "archive.runstep", 
        "pk": 7
    }, 
    {
        "fields": {
            "pipelinestep": 5, 
            "run": 3
        }, 
        "model": "archive.runstep", 
        "pk": 9
    }, 
    {
        "fields": {
            "runstep": 1, 
            "PSIC": 1
        }, 
        "model": "archive.runsic", 
        "pk": 2
    }, 
    {
        "fields": {
            "runstep": 4, 
            "PSIC": 1
        }, 
        "model": "archive.runsic", 
        "pk": 5
    }, 
    {
        "fields": {
            "runstep": 7, 
            "PSIC": 6
        }, 
        "model": "archive.runsic", 
        "pk": 8
    }, 
    {
        "fields": {
            "runstep": 9, 
            "PSIC": 7
        }, 
        "model": "archive.runsic", 
        "pk": 10
    }, 
    {
        "fields": {
            "run": 1, 
            "pipelineoutputcable": 2
        }, 
        "model": "archive.runoutputcable", 
        "pk": 3
    }, 
    {
        "fields": {
            "run": 2, 
            "pipelineoutputcable": 2
        }, 
        "model": "archive.runoutputcable", 
        "pk": 6
    }, 
    {
        "fields": {
            "run": 3, 
            "pipelineoutputcable": 8
        }, 
        "model": "archive.runoutputcable", 
        "pk": 11
    }, 
    {
        "fields": {
            "name": "Removal test data", 
            "date_modified": "2015-06-30T22:46:52.274Z", 
            "symbolicdataset": 1, 
            "created_by": null, 
            "date_created": "2015-06-30T22:46:52.273Z", 
            "dataset_file": "Datasets/2015_06/tmpsizYjp", 
            "description": "A dataset for use in the removal test case."
        }, 
        "model": "archive.dataset", 
        "pk": 1
    }, 
    {
        "fields": {
            "name": "run1_step1_outputnuc_seq_out", 
            "date_modified": "2015-06-30T22:46:53.693Z", 
            "symbolicdataset": 2, 
            "created_by": 1, 
            "date_created": "2015-06-30T22:46:53.693Z", 
            "dataset_file": "Datasets/2015_06/step1_nuc_seq_out.csv", 
            "description": "Generated data from a run of pipeline \"Nucleotide Sequence Noop:1 (v1)\" started at 2015-06-30 22:46:53.129414+00:00 by Rem Over\nrun: 1\nuser: Rem Over\nstep: 1\noutput: nuc_seq_out"
        }, 
        "model": "archive.dataset", 
        "pk": 2
    }, 
    {
        "fields": {
            "name": "Removal test data for a two-step Pipeline", 
            "date_modified": "2015-06-30T22:46:57.556Z", 
            "symbolicdataset": 3, 
            "created_by": null, 
            "date_created": "2015-06-30T22:46:57.556Z", 
            "dataset_file": "Datasets/2015_06/tmpxL5_YH", 
            "description": "A dataset for use in the removal test case with the two-step Pipeline."
        }, 
        "model": "archive.dataset", 
        "pk": 3
    }, 
    {
        "fields": {
            "name": "run3_step1_outputnuc_seq_out", 
            "date_modified": "2015-06-30T22:46:58.142Z", 
            "symbolicdataset": 4, 
            "created_by": 7, 
            "date_created": "2015-06-30T22:46:58.142Z", 
            "dataset_file": "Datasets/2015_06/step1_nuc_seq_out_rVXa4jP.csv", 
            "description": "Generated data from a run of pipeline \"Nucleotide Sequence two-step Noop:1 (v1)\" started at 2015-06-30 22:46:57.589791+00:00 by Rem Over\nrun: 3\nuser: Rem Over\nstep: 1\noutput: nuc_seq_out"
        }, 
        "model": "archive.dataset", 
        "pk": 4
    }, 
    {
        "fields": {
            "name": "run3_step2_outputnuc_seq_out", 
            "date_modified": "2015-06-30T22:46:59.696Z", 
            "symbolicdataset": 5, 
            "created_by": 9, 
            "date_created": "2015-06-30T22:46:59.696Z", 
            "dataset_file": "Datasets/2015_06/step2_nuc_seq_out.csv", 
            "description": "Generated data from a run of pipeline \"Nucleotide Sequence two-step Noop:1 (v1)\" started at 2015-06-30 22:46:57.589791+00:00 by Rem Over\nrun: 3\nuser: Rem Over\nstep: 2\noutput: nuc_seq_out"
        }, 
        "model": "archive.dataset", 
        "pk": 5
    }, 
    {
        "fields": {
            "record": 2, 
            "start_time": "2015-06-30T22:46:53.252Z", 
            "invoking_record": 2, 
            "end_time": "2015-06-30T22:46:53.253Z"
        }, 
        "model": "archive.execlog", 
        "pk": 1
    }, 
    {
        "fields": {
            "record": 1, 
            "start_time": "2015-06-30T22:46:53.569Z", 
            "invoking_record": 1, 
            "end_time": "2015-06-30T22:46:53.652Z"
        }, 
        "model": "archive.execlog", 
        "pk": 2
    }, 
    {
        "fields": {
            "record": 3, 
            "start_time": "2015-06-30T22:46:54.740Z", 
            "invoking_record": 3, 
            "end_time": "2015-06-30T22:46:54.741Z"
        }, 
        "model": "archive.execlog", 
        "pk": 3
    }, 
    {
        "fields": {
            "record": 8, 
            "start_time": "2015-06-30T22:46:57.692Z", 
            "invoking_record": 8, 
            "end_time": "2015-06-30T22:46:57.693Z"
        }, 
        "model": "archive.execlog", 
        "pk": 4
    }, 
    {
        "fields": {
            "record": 7, 
            "start_time": "2015-06-30T22:46:58.022Z", 
            "invoking_record": 7, 
            "end_time": "2015-06-30T22:46:58.103Z"
        }, 
        "model": "archive.execlog", 
        "pk": 5
    }, 
    {
        "fields": {
            "record": 10, 
            "start_time": "2015-06-30T22:46:59.138Z", 
            "invoking_record": 10, 
            "end_time": "2015-06-30T22:46:59.139Z"
        }, 
        "model": "archive.execlog", 
        "pk": 6
    }, 
    {
        "fields": {
            "record": 9, 
            "start_time": "2015-06-30T22:46:59.536Z", 
            "invoking_record": 9, 
            "end_time": "2015-06-30T22:46:59.617Z"
        }, 
        "model": "archive.execlog", 
        "pk": 7
    }, 
    {
        "fields": {
            "record": 11, 
            "start_time": "2015-06-30T22:47:00.666Z", 
            "invoking_record": 11, 
            "end_time": "2015-06-30T22:47:00.667Z"
        }, 
        "model": "archive.execlog", 
        "pk": 8
    }, 
    {
        "fields": {
            "execlog": 2, 
            "error_redacted": false, 
            "return_code": 0, 
            "error_log": "Logs/step1_stderr.txt", 
            "code_redacted": false, 
            "output_redacted": false, 
            "output_log": "Logs/step1_stdout.txt"
        }, 
        "model": "archive.methodoutput", 
        "pk": 1
    }, 
    {
        "fields": {
            "execlog": 5, 
            "error_redacted": false, 
            "return_code": 0, 
            "error_log": "Logs/step1_stderr_qJ5tBSu.txt", 
            "code_redacted": false, 
            "output_redacted": false, 
            "output_log": "Logs/step1_stdout_FyGTSWJ.txt"
        }, 
        "model": "archive.methodoutput", 
        "pk": 2
    }, 
    {
        "fields": {
            "execlog": 7, 
            "error_redacted": false, 
            "return_code": 0, 
            "error_log": "Logs/step2_stderr.txt", 
            "code_redacted": false, 
            "output_redacted": false, 
            "output_log": "Logs/step2_stdout.txt"
        }, 
        "model": "archive.methodoutput", 
        "pk": 3
    }, 
    {
        "fields": {
            "num_rows": 7, 
            "symbolicdataset": 1, 
            "compounddatatype": 5
        }, 
        "model": "librarian.datasetstructure", 
        "pk": 1
    }, 
    {
        "fields": {
            "num_rows": 7, 
            "symbolicdataset": 2, 
            "compounddatatype": 5
        }, 
        "model": "librarian.datasetstructure", 
        "pk": 2
    }, 
    {
        "fields": {
            "num_rows": 4, 
            "symbolicdataset": 3, 
            "compounddatatype": 5
        }, 
        "model": "librarian.datasetstructure", 
        "pk": 3
    }, 
    {
        "fields": {
            "num_rows": 4, 
            "symbolicdataset": 4, 
            "compounddatatype": 5
        }, 
        "model": "librarian.datasetstructure", 
        "pk": 4
    }, 
    {
        "fields": {
            "num_rows": 4, 
            "symbolicdataset": 5, 
            "compounddatatype": 5
        }, 
        "model": "librarian.datasetstructure", 
        "pk": 5
    }, 
    {
        "fields": {
            "generator": 1
        }, 
        "model": "librarian.execrecord", 
        "pk": 1
    }, 
    {
        "fields": {
            "generator": 2
        }, 
        "model": "librarian.execrecord", 
        "pk": 2
    }, 
    {
        "fields": {
            "generator": 3
        }, 
        "model": "librarian.execrecord", 
        "pk": 3
    }, 
    {
        "fields": {
            "generator": 4
        }, 
        "model": "librarian.execrecord", 
        "pk": 4
    }, 
    {
        "fields": {
            "generator": 5
        }, 
        "model": "librarian.execrecord", 
        "pk": 5
    }, 
    {
        "fields": {
            "generator": 6
        }, 
        "model": "librarian.execrecord", 
        "pk": 6
    }, 
    {
        "fields": {
            "generator": 7
        }, 
        "model": "librarian.execrecord", 
        "pk": 7
    }, 
    {
        "fields": {
            "generator": 8
        }, 
        "model": "librarian.execrecord", 
        "pk": 8
    }, 
    {
        "fields": {
            "execrecord": 1, 
            "generic_input": 3, 
            "symbolicdataset": 1
        }, 
        "model": "librarian.execrecordin", 
        "pk": 1
    }, 
    {
        "fields": {
            "execrecord": 2, 
            "generic_input": 1, 
            "symbolicdataset": 1
        }, 
        "model": "librarian.execrecordin", 
        "pk": 2
    }, 
    {
        "fields": {
            "execrecord": 3, 
            "generic_input": 2, 
            "symbolicdataset": 2
        }, 
        "model": "librarian.execrecordin", 
        "pk": 3
    }, 
    {
        "fields": {
            "execrecord": 4, 
            "generic_input": 8, 
            "symbolicdataset": 3
        }, 
        "model": "librarian.execrecordin", 
        "pk": 4
    }, 
    {
        "fields": {
            "execrecord": 5, 
            "generic_input": 1, 
            "symbolicdataset": 3
        }, 
        "model": "librarian.execrecordin", 
        "pk": 5
    }, 
    {
        "fields": {
            "execrecord": 6, 
            "generic_input": 2, 
            "symbolicdataset": 4
        }, 
        "model": "librarian.execrecordin", 
        "pk": 6
    }, 
    {
        "fields": {
            "execrecord": 7, 
            "generic_input": 1, 
            "symbolicdataset": 4
        }, 
        "model": "librarian.execrecordin", 
        "pk": 7
    }, 
    {
        "fields": {
            "execrecord": 8, 
            "generic_input": 2, 
            "symbolicdataset": 5
        }, 
        "model": "librarian.execrecordin", 
        "pk": 8
    }, 
    {
        "fields": {
            "execrecord": 1, 
            "symbolicdataset": 1, 
            "generic_output": 1
        }, 
        "model": "librarian.execrecordout", 
        "pk": 1
    }, 
    {
        "fields": {
            "execrecord": 2, 
            "symbolicdataset": 2, 
            "generic_output": 2
        }, 
        "model": "librarian.execrecordout", 
        "pk": 2
    }, 
    {
        "fields": {
            "execrecord": 3, 
            "symbolicdataset": 2, 
            "generic_output": 4
        }, 
        "model": "librarian.execrecordout", 
        "pk": 3
    }, 
    {
        "fields": {
            "execrecord": 4, 
            "symbolicdataset": 3, 
            "generic_output": 1
        }, 
        "model": "librarian.execrecordout", 
        "pk": 4
    }, 
    {
        "fields": {
            "execrecord": 5, 
            "symbolicdataset": 4, 
            "generic_output": 2
        }, 
        "model": "librarian.execrecordout", 
        "pk": 5
    }, 
    {
        "fields": {
            "execrecord": 6, 
            "symbolicdataset": 4, 
            "generic_output": 1
        }, 
        "model": "librarian.execrecordout", 
        "pk": 6
    }, 
    {
        "fields": {
            "execrecord": 7, 
            "symbolicdataset": 5, 
            "generic_output": 2
        }, 
        "model": "librarian.execrecordout", 
        "pk": 7
    }, 
    {
        "fields": {
            "execrecord": 8, 
            "symbolicdataset": 5, 
            "generic_output": 9
        }, 
        "model": "librarian.execrecordout", 
        "pk": 8
    }, 
    {
        "fields": {
            "depPath": "", 
            "requirement": 1, 
            "coderesourcerevision": 2, 
            "depFileName": ""
        }, 
        "model": "method.coderesourcedependency", 
        "pk": 1
    }, 
    {
        "fields": {
            "fill_colour": "", 
            "pipeline": 2, 
            "name": "", 
            "outputs_to_delete": [], 
            "y": 0.0, 
            "x": 0.0, 
            "transformation": 1, 
            "step_num": 1
        }, 
        "model": "pipeline.pipelinestep", 
        "pk": 1
    }, 
    {
        "fields": {
            "fill_colour": "", 
            "pipeline": 3, 
            "name": "", 
            "outputs_to_delete": [], 
            "y": 0.0, 
            "x": 0.0, 
            "transformation": 2, 
            "step_num": 1
        }, 
        "model": "pipeline.pipelinestep", 
        "pk": 2
    }, 
    {
        "fields": {
            "fill_colour": "", 
            "pipeline": 3, 
            "name": "", 
            "outputs_to_delete": [], 
            "y": 0.0, 
            "x": 0.0, 
            "transformation": 2, 
            "step_num": 2
        }, 
        "model": "pipeline.pipelinestep", 
        "pk": 3
    }, 
    {
        "fields": {
            "fill_colour": "", 
            "pipeline": 4, 
            "name": "", 
            "outputs_to_delete": [], 
            "y": 0.0, 
            "x": 0.0, 
            "transformation": 1, 
            "step_num": 1
        }, 
        "model": "pipeline.pipelinestep", 
        "pk": 4
    }, 
    {
        "fields": {
            "fill_colour": "", 
            "pipeline": 4, 
            "name": "", 
            "outputs_to_delete": [], 
            "y": 0.0, 
            "x": 0.0, 
            "transformation": 1, 
            "step_num": 2
        }, 
        "model": "pipeline.pipelinestep", 
        "pk": 5
    }, 
    {
        "fields": {}, 
        "model": "pipeline.pipelinecable", 
        "pk": 1
    }, 
    {
        "fields": {}, 
        "model": "pipeline.pipelinecable", 
        "pk": 2
    }, 
    {
        "fields": {}, 
        "model": "pipeline.pipelinecable", 
        "pk": 3
    }, 
    {
        "fields": {}, 
        "model": "pipeline.pipelinecable", 
        "pk": 4
    }, 
    {
        "fields": {}, 
        "model": "pipeline.pipelinecable", 
        "pk": 5
    }, 
    {
        "fields": {}, 
        "model": "pipeline.pipelinecable", 
        "pk": 6
    }, 
    {
        "fields": {}, 
        "model": "pipeline.pipelinecable", 
        "pk": 7
    }, 
    {
        "fields": {}, 
        "model": "pipeline.pipelinecable", 
        "pk": 8
    }, 
    {
        "fields": {
            "pipelinestep": 1, 
            "dest": 1, 
            "keep_output": false, 
            "source_step": 0, 
            "source": 3
        }, 
        "model": "pipeline.pipelinestepinputcable", 
        "pk": 1
    }, 
    {
        "fields": {
            "pipelinestep": 2, 
            "dest": 3, 
            "keep_output": false, 
            "source_step": 0, 
            "source": 5
        }, 
        "model": "pipeline.pipelinestepinputcable", 
        "pk": 3
    }, 
    {
        "fields": {
            "pipelinestep": 3, 
            "dest": 3, 
            "keep_output": false, 
            "source_step": 1, 
            "source": 4
        }, 
        "model": "pipeline.pipelinestepinputcable", 
        "pk": 4
    }, 
    {
        "fields": {
            "pipelinestep": 4, 
            "dest": 1, 
            "keep_output": false, 
            "source_step": 0, 
            "source": 8
        }, 
        "model": "pipeline.pipelinestepinputcable", 
        "pk": 6
    }, 
    {
        "fields": {
            "pipelinestep": 5, 
            "dest": 1, 
            "keep_output": false, 
            "source_step": 1, 
            "source": 2
        }, 
        "model": "pipeline.pipelinestepinputcable", 
        "pk": 7
    }, 
    {
        "fields": {
            "pipeline": 2, 
            "output_idx": 1, 
            "source": 2, 
            "source_step": 1, 
            "output_name": "noop_pipeline_out", 
            "output_cdt": 5
        }, 
        "model": "pipeline.pipelineoutputcable", 
        "pk": 2
    }, 
    {
        "fields": {
            "pipeline": 3, 
            "output_idx": 1, 
            "source": 4, 
            "source_step": 2, 
            "output_name": "nested_out", 
            "output_cdt": 5
        }, 
        "model": "pipeline.pipelineoutputcable", 
        "pk": 5
    }, 
    {
        "fields": {
            "pipeline": 4, 
            "output_idx": 1, 
            "source": 2, 
            "source_step": 2, 
            "output_name": "noop_pipeline_out", 
            "output_cdt": 5
        }, 
        "model": "pipeline.pipelineoutputcable", 
        "pk": 8
    }, 
    {
        "fields": {
            "y": 0.0, 
            "x": 0.0
        }, 
        "model": "transformation.transformationxput", 
        "pk": 1
    }, 
    {
        "fields": {
            "y": 0.0, 
            "x": 0.0
        }, 
        "model": "transformation.transformationxput", 
        "pk": 2
    }, 
    {
        "fields": {
            "y": 0.0, 
            "x": 0.0
        }, 
        "model": "transformation.transformationxput", 
        "pk": 3
    }, 
    {
        "fields": {
            "y": 0.0, 
            "x": 0.0
        }, 
        "model": "transformation.transformationxput", 
        "pk": 4
    }, 
    {
        "fields": {
            "y": 0.0, 
            "x": 0.0
        }, 
        "model": "transformation.transformationxput", 
        "pk": 5
    }, 
    {
        "fields": {
            "y": 0.0, 
            "x": 0.0
        }, 
        "model": "transformation.transformationxput", 
        "pk": 7
    }, 
    {
        "fields": {
            "y": 0.0, 
            "x": 0.0
        }, 
        "model": "transformation.transformationxput", 
        "pk": 8
    }, 
    {
        "fields": {
            "y": 0.0, 
            "x": 0.0
        }, 
        "model": "transformation.transformationxput", 
        "pk": 9
    }, 
    {
        "fields": {
            "min_row": null, 
            "transf_xput": 1, 
            "max_row": null, 
            "compounddatatype": 5
        }, 
        "model": "transformation.xputstructure", 
        "pk": 1
    }, 
    {
        "fields": {
            "min_row": null, 
            "transf_xput": 2, 
            "max_row": null, 
            "compounddatatype": 5
        }, 
        "model": "transformation.xputstructure", 
        "pk": 2
    }, 
    {
        "fields": {
            "min_row": null, 
            "transf_xput": 3, 
            "max_row": null, 
            "compounddatatype": 5
        }, 
        "model": "transformation.xputstructure", 
        "pk": 3
    }, 
    {
        "fields": {
            "min_row": null, 
            "transf_xput": 4, 
            "max_row": null, 
            "compounddatatype": 5
        }, 
        "model": "transformation.xputstructure", 
        "pk": 4
    }, 
    {
        "fields": {
            "min_row": null, 
            "transf_xput": 5, 
            "max_row": null, 
            "compounddatatype": 5
        }, 
        "model": "transformation.xputstructure", 
        "pk": 5
    }, 
    {
        "fields": {
            "min_row": null, 
            "transf_xput": 7, 
            "max_row": null, 
            "compounddatatype": 5
        }, 
        "model": "transformation.xputstructure", 
        "pk": 7
    }, 
    {
        "fields": {
            "min_row": null, 
            "transf_xput": 8, 
            "max_row": null, 
            "compounddatatype": 5
        }, 
        "model": "transformation.xputstructure", 
        "pk": 8
    }, 
    {
        "fields": {
            "min_row": null, 
            "transf_xput": 9, 
            "max_row": null, 
            "compounddatatype": 5
        }, 
        "model": "transformation.xputstructure", 
        "pk": 9
    }, 
    {
        "fields": {
            "dataset_idx": 1, 
            "transformation": 1, 
            "dataset_name": "nuc_seq_in"
        }, 
        "model": "transformation.transformationinput", 
        "pk": 1
    }, 
    {
        "fields": {
            "dataset_idx": 1, 
            "transformation": 2, 
            "dataset_name": "noop_pipeline_in"
        }, 
        "model": "transformation.transformationinput", 
        "pk": 3
    }, 
    {
        "fields": {
            "dataset_idx": 1, 
            "transformation": 3, 
            "dataset_name": "nested_in"
        }, 
        "model": "transformation.transformationinput", 
        "pk": 5
    }, 
    {
        "fields": {
            "dataset_idx": 1, 
            "transformation": 4, 
            "dataset_name": "noop_pipeline_in"
        }, 
        "model": "transformation.transformationinput", 
        "pk": 8
    }, 
    {
        "fields": {
            "dataset_idx": 1, 
            "transformation": 1, 
            "dataset_name": "nuc_seq_out"
        }, 
        "model": "transformation.transformationoutput", 
        "pk": 2
    }, 
    {
        "fields": {
            "dataset_idx": 1, 
            "transformation": 2, 
            "dataset_name": "noop_pipeline_out"
        }, 
        "model": "transformation.transformationoutput", 
        "pk": 4
    }, 
    {
        "fields": {
            "dataset_idx": 1, 
            "transformation": 3, 
            "dataset_name": "nested_out"
        }, 
        "model": "transformation.transformationoutput", 
        "pk": 7
    }, 
    {
        "fields": {
            "dataset_idx": 1, 
            "transformation": 4, 
            "dataset_name": "noop_pipeline_out"
        }, 
        "model": "transformation.transformationoutput", 
        "pk": 9
    }, 
    {
        "fields": {
            "username": "Rem Over", 
            "first_name": "", 
            "last_name": "", 
            "is_active": true, 
            "is_superuser": false, 
            "is_staff": false, 
            "last_login": "2015-06-30T22:46:52.013Z", 
            "groups": [
                1
            ], 
            "user_permissions": [], 
            "password": "pbkdf2_sha256$15000$xHJXEem2G3ER$9JxwIcIPp0H4klzUdsDkxGWagIs5XgCeGxTh+2FAzWc=", 
            "email": "rem@over.sucks", 
            "date_joined": "2015-06-30T22:46:52.013Z"
        }, 
        "model": "auth.user", 
        "pk": 2
    }, 
    {
        "fields": {
            "description": "Sequences of A, C, G, and T", 
            "groups_allowed": [], 
            "restricts": [
                1
            ], 
            "users_allowed": [], 
            "user": 2, 
            "date_created": "2015-06-30T22:46:52.191Z", 
            "prototype": null, 
            "name": "Nucleotide sequence"
        }, 
        "model": "metadata.datatype", 
        "pk": 8
    }, 
    {
        "fields": {
            "users_allowed": [], 
            "user": 2, 
            "groups_allowed": []
        }, 
        "model": "metadata.compounddatatype", 
        "pk": 5
    }, 
    {
        "fields": {
            "pipeline": 2, 
            "description": "", 
            "groups_allowed": [], 
            "start_time": "2015-06-30T22:46:53.129Z", 
            "name": "", 
            "users_allowed": [], 
            "end_time": "2015-06-30T22:46:55.308Z", 
            "parent_runstep": null, 
            "user": 2
        }, 
        "model": "archive.run", 
        "pk": 1
    }, 
    {
        "fields": {
            "pipeline": 2, 
            "description": "", 
            "groups_allowed": [], 
            "start_time": "2015-06-30T22:46:55.826Z", 
            "name": "", 
            "users_allowed": [], 
            "end_time": "2015-06-30T22:46:56.703Z", 
            "parent_runstep": null, 
            "user": 2
        }, 
        "model": "archive.run", 
        "pk": 2
    }, 
    {
        "fields": {
            "pipeline": 4, 
            "description": "", 
            "groups_allowed": [], 
            "start_time": "2015-06-30T22:46:57.589Z", 
            "name": "", 
            "users_allowed": [], 
            "end_time": "2015-06-30T22:47:00.969Z", 
            "parent_runstep": null, 
            "user": 2
        }, 
        "model": "archive.run", 
        "pk": 3
    }, 
    {
        "fields": {
            "_redacted": false, 
            "users_allowed": [], 
            "user": 2, 
            "MD5_checksum": "97aac6a9fbc85d01b9b56d54cd2a5a1a", 
            "groups_allowed": []
        }, 
        "model": "librarian.symbolicdataset", 
        "pk": 1
    }, 
    {
        "fields": {
            "_redacted": false, 
            "users_allowed": [], 
            "user": 2, 
            "MD5_checksum": "97aac6a9fbc85d01b9b56d54cd2a5a1a", 
            "groups_allowed": []
        }, 
        "model": "librarian.symbolicdataset", 
        "pk": 2
    }, 
    {
        "fields": {
            "_redacted": false, 
            "users_allowed": [], 
            "user": 2, 
            "MD5_checksum": "acf721d5ab57259504ea42bff552a8ab", 
            "groups_allowed": []
        }, 
        "model": "librarian.symbolicdataset", 
        "pk": 3
    }, 
    {
        "fields": {
            "_redacted": false, 
            "users_allowed": [], 
            "user": 2, 
            "MD5_checksum": "acf721d5ab57259504ea42bff552a8ab", 
            "groups_allowed": []
        }, 
        "model": "librarian.symbolicdataset", 
        "pk": 4
    }, 
    {
        "fields": {
            "_redacted": false, 
            "users_allowed": [], 
            "user": 2, 
            "MD5_checksum": "acf721d5ab57259504ea42bff552a8ab", 
            "groups_allowed": []
        }, 
        "model": "librarian.symbolicdataset", 
        "pk": 5
    }, 
    {
        "fields": {
            "description": "A noop script that simply writes its input to its output.", 
            "groups_allowed": [], 
            "filename": "noop.bash", 
            "users_allowed": [], 
            "user": 2, 
            "name": "Noop"
        }, 
        "model": "method.coderesource", 
        "pk": 1
    }, 
    {
        "fields": {
            "description": "A script that does nothing to its input and passes it through untouched.", 
            "groups_allowed": [], 
            "filename": "passthrough.bash", 
            "users_allowed": [], 
            "user": 2, 
            "name": "Pass Through"
        }, 
        "model": "method.coderesource", 
        "pk": 2
    }, 
    {
        "fields": {
            "revision_name": "1", 
            "revision_parent": null, 
            "groups_allowed": [], 
            "revision_desc": "first version", 
            "coderesource": 1, 
            "MD5_checksum": "", 
            "content_file": "CodeResources/fdopen", 
            "user": 2, 
            "revision_number": 1, 
            "revision_DateTime": "2015-06-30T22:46:52.146Z", 
            "users_allowed": []
        }, 
        "model": "method.coderesourcerevision", 
        "pk": 1
    }, 
    {
        "fields": {
            "revision_name": "1", 
            "revision_parent": null, 
            "groups_allowed": [], 
            "revision_desc": "first version", 
            "coderesource": 2, 
            "MD5_checksum": "", 
            "content_file": "CodeResources/fdopen_Ba1uP1b", 
            "user": 2, 
            "revision_number": 1, 
            "revision_DateTime": "2015-06-30T22:46:52.165Z", 
            "users_allowed": []
        }, 
        "model": "method.coderesourcerevision", 
        "pk": 2
    }, 
    {
        "fields": {
            "threads": 1, 
            "revision_parent": null, 
            "family": 1, 
            "groups_allowed": [], 
            "driver": 1, 
            "tainted": false, 
            "revision_number": 1, 
            "users_allowed": [], 
            "reusable": 1
        }, 
        "model": "method.method", 
        "pk": 1
    }, 
    {
        "fields": {
            "user": 2, 
            "users_allowed": [], 
            "description": "A noop on nucleotide sequences", 
            "name": "Noop (nucleotide sequence)", 
            "groups_allowed": []
        }, 
        "model": "method.methodfamily", 
        "pk": 1
    }, 
    {
        "fields": {
            "description": "A noop pipeline for nucleotide sequences.", 
            "groups_allowed": [], 
            "published_version": null, 
            "users_allowed": [], 
            "user": 2, 
            "name": "Nucleotide Sequence Noop"
        }, 
        "model": "pipeline.pipelinefamily", 
        "pk": 1
    }, 
    {
        "fields": {
            "description": "Pipeline with one nested level", 
            "groups_allowed": [], 
            "published_version": null, 
            "users_allowed": [], 
            "user": 2, 
            "name": "Nested pipeline"
        }, 
        "model": "pipeline.pipelinefamily", 
        "pk": 2
    }, 
    {
        "fields": {
            "description": "A two-step noop pipeline for nucleotide sequences.", 
            "groups_allowed": [], 
            "published_version": null, 
            "users_allowed": [], 
            "user": 2, 
            "name": "Nucleotide Sequence two-step Noop"
        }, 
        "model": "pipeline.pipelinefamily", 
        "pk": 3
    }, 
    {
        "fields": {
            "family": 1, 
            "users_allowed": [], 
            "revision_parent": null, 
            "revision_number": 1, 
            "groups_allowed": []
        }, 
        "model": "pipeline.pipeline", 
        "pk": 2
    }, 
    {
        "fields": {
            "family": 2, 
            "users_allowed": [], 
            "revision_parent": null, 
            "revision_number": 1, 
            "groups_allowed": []
        }, 
        "model": "pipeline.pipeline", 
        "pk": 3
    }, 
    {
        "fields": {
            "family": 3, 
            "users_allowed": [], 
            "revision_parent": null, 
            "revision_number": 1, 
            "groups_allowed": []
        }, 
        "model": "pipeline.pipeline", 
        "pk": 4
    }, 
    {
        "fields": {
            "revision_name": "v1", 
            "groups_allowed": [], 
            "revision_desc": "first version", 
            "users_allowed": [], 
            "user": 2, 
            "revision_DateTime": "2015-06-30T22:46:52.290Z"
        }, 
        "model": "transformation.transformation", 
        "pk": 1
    }, 
    {
        "fields": {
            "revision_name": "v1", 
            "groups_allowed": [], 
            "revision_desc": "first version", 
            "users_allowed": [], 
            "user": 2, 
            "revision_DateTime": "2015-06-30T22:46:52.432Z"
        }, 
        "model": "transformation.transformation", 
        "pk": 2
    }, 
    {
        "fields": {
            "revision_name": "v1", 
            "groups_allowed": [], 
            "revision_desc": "first version", 
            "users_allowed": [], 
            "user": 2, 
            "revision_DateTime": "2015-06-30T22:46:52.675Z"
        }, 
        "model": "transformation.transformation", 
        "pk": 3
    }, 
    {
        "fields": {
            "revision_name": "v1", 
            "groups_allowed": [], 
            "revision_desc": "first version", 
            "users_allowed": [], 
            "user": 2, 
            "revision_DateTime": "2015-06-30T22:46:57.112Z"
        }, 
        "model": "transformation.transformation", 
        "pk": 4
    }, 
    {
        "fields": {
            "execlog": null, 
            "start_time": "2015-06-30T22:46:52.212Z", 
            "symbolicdataset": 1, 
            "end_time": "2015-06-30T22:46:52.269Z", 
            "user": 2
        }, 
        "model": "datachecking.contentchecklog", 
        "pk": 1
    }, 
    {
        "fields": {
            "execlog": 2, 
            "start_time": "2015-06-30T22:46:54.156Z", 
            "symbolicdataset": 2, 
            "end_time": "2015-06-30T22:46:54.215Z", 
            "user": 2
        }, 
        "model": "datachecking.contentchecklog", 
        "pk": 2
    }, 
    {
        "fields": {
            "execlog": null, 
            "start_time": "2015-06-30T22:46:57.497Z", 
            "symbolicdataset": 3, 
            "end_time": "2015-06-30T22:46:57.552Z", 
            "user": 2
        }, 
        "model": "datachecking.contentchecklog", 
        "pk": 3
    }, 
    {
        "fields": {
            "execlog": 5, 
            "start_time": "2015-06-30T22:46:58.500Z", 
            "symbolicdataset": 4, 
            "end_time": "2015-06-30T22:46:58.569Z", 
            "user": 2
        }, 
        "model": "datachecking.contentchecklog", 
        "pk": 4
    }, 
    {
        "fields": {
            "execlog": 7, 
            "start_time": "2015-06-30T22:47:00.073Z", 
            "symbolicdataset": 5, 
            "end_time": "2015-06-30T22:47:00.132Z", 
            "user": 2
        }, 
        "model": "datachecking.contentchecklog", 
        "pk": 5
    }, 
    {
        "fields": {
            "execlog": 1, 
            "start_time": "2015-06-30T22:46:53.397Z", 
            "symbolicdataset": 1, 
            "end_time": "2015-06-30T22:46:53.397Z", 
            "user": 2
        }, 
        "model": "datachecking.integritychecklog", 
        "pk": 1
    }, 
    {
        "fields": {
            "execlog": 3, 
            "start_time": "2015-06-30T22:46:55.177Z", 
            "symbolicdataset": 2, 
            "end_time": "2015-06-30T22:46:55.177Z", 
            "user": 2
        }, 
        "model": "datachecking.integritychecklog", 
        "pk": 2
    }, 
    {
        "fields": {
            "execlog": 4, 
            "start_time": "2015-06-30T22:46:57.826Z", 
            "symbolicdataset": 3, 
            "end_time": "2015-06-30T22:46:57.826Z", 
            "user": 2
        }, 
        "model": "datachecking.integritychecklog", 
        "pk": 3
    }, 
    {
        "fields": {
            "execlog": 6, 
            "start_time": "2015-06-30T22:46:59.293Z", 
            "symbolicdataset": 4, 
            "end_time": "2015-06-30T22:46:59.293Z", 
            "user": 2
        }, 
        "model": "datachecking.integritychecklog", 
        "pk": 4
    }, 
    {
        "fields": {
            "execlog": 8, 
            "start_time": "2015-06-30T22:47:00.834Z", 
            "symbolicdataset": 5, 
            "end_time": "2015-06-30T22:47:00.834Z", 
            "user": 2
        }, 
        "model": "datachecking.integritychecklog", 
        "pk": 5
    }
]