[
    {
        "fields": {
            "_complete": true, 
            "_redacted": false, 
            "_successful": true, 
            "end_time": "2000-01-01T00:00:01Z", 
            "execrecord": 2, 
            "is_cancelled": false, 
            "reused": false, 
            "start_time": "2000-01-01T00:00:00Z"
        }, 
        "model": "archive.runcomponent", 
        "pk": 1
    }, 
    {
        "fields": {
            "_complete": true, 
            "_redacted": false, 
            "_successful": true, 
            "end_time": "2000-01-01T00:00:02Z", 
            "execrecord": 4, 
            "is_cancelled": false, 
            "reused": false, 
            "start_time": "2000-01-01T00:00:00Z"
        }, 
        "model": "archive.runcomponent", 
        "pk": 2
    }, 
    {
        "fields": {
            "_complete": true, 
            "_redacted": false, 
            "_successful": true, 
            "end_time": "2000-01-01T00:00:01Z", 
            "execrecord": 1, 
            "is_cancelled": false, 
            "reused": false, 
            "start_time": "2000-01-01T00:00:00Z"
        }, 
        "model": "archive.runcomponent", 
        "pk": 3
    }, 
    {
        "fields": {
            "_complete": true, 
            "_redacted": false, 
            "_successful": true, 
            "end_time": "2000-01-01T00:00:02Z", 
            "execrecord": 3, 
            "is_cancelled": false, 
            "reused": false, 
            "start_time": "2000-01-01T00:00:02Z"
        }, 
        "model": "archive.runcomponent", 
        "pk": 4
    }, 
    {
        "fields": {
            "_complete": true, 
            "_redacted": false, 
            "_successful": true, 
            "end_time": "2000-01-01T00:00:03Z", 
            "execrecord": 5, 
            "is_cancelled": false, 
            "reused": false, 
            "start_time": "2000-01-01T00:00:03Z"
        }, 
        "model": "archive.runcomponent", 
        "pk": 5
    }, 
    {
        "fields": {
            "pipelinestep": 1, 
            "run": 1
        }, 
        "model": "archive.runstep", 
        "pk": 1
    }, 
    {
        "fields": {
            "pipelinestep": 2, 
            "run": 1
        }, 
        "model": "archive.runstep", 
        "pk": 2
    }, 
    {
        "fields": {
            "PSIC": 1, 
            "runstep": 1
        }, 
        "model": "archive.runsic", 
        "pk": 3
    }, 
    {
        "fields": {
            "PSIC": 2, 
            "runstep": 2
        }, 
        "model": "archive.runsic", 
        "pk": 4
    }, 
    {
        "fields": {
            "pipelineoutputcable": 3, 
            "run": 1
        }, 
        "model": "archive.runoutputcable", 
        "pk": 5
    }, 
    {
        "fields": {
            "created_by": null, 
            "dataset_file": "Datasets/fixtures/pairs.csv", 
            "date_created": "2000-01-01T00:00:00Z", 
            "date_modified": "2000-01-01T00:00:00Z", 
            "description": "", 
            "name": "pairs", 
            "symbolicdataset": 1
        }, 
        "model": "archive.dataset", 
        "pk": 1
    }, 
    {
        "fields": {
            "created_by": 2, 
            "dataset_file": "Datasets/fixtures/step2_total_sums.raw", 
            "date_created": "2000-01-01T00:00:02Z", 
            "date_modified": "2000-01-01T00:00:02Z", 
            "description": "Generated data from a run of pipeline \"sums and products:1 (sums only)\" started at 2015-10-15 18:59:34.363231+00:00 by kive\nrun: 1\nuser: kive\nstep: 2\noutput: total_sums", 
            "name": "run1_step2_outputtotal_sums", 
            "symbolicdataset": 3
        }, 
        "model": "archive.dataset", 
        "pk": 2
    }, 
    {
        "fields": {
            "end_time": "2000-01-01T00:00:01Z", 
            "invoking_record": 3, 
            "record": 3, 
            "start_time": "2000-01-01T00:00:01Z"
        }, 
        "model": "archive.execlog", 
        "pk": 1
    }, 
    {
        "fields": {
            "end_time": "2000-01-01T00:00:01Z", 
            "invoking_record": 1, 
            "record": 1, 
            "start_time": "2000-01-01T00:00:01Z"
        }, 
        "model": "archive.execlog", 
        "pk": 2
    }, 
    {
        "fields": {
            "end_time": "2000-01-01T00:00:02Z", 
            "invoking_record": 4, 
            "record": 4, 
            "start_time": "2000-01-01T00:00:02Z"
        }, 
        "model": "archive.execlog", 
        "pk": 3
    }, 
    {
        "fields": {
            "end_time": "2000-01-01T00:00:02Z", 
            "invoking_record": 2, 
            "record": 2, 
            "start_time": "2000-01-01T00:00:02Z"
        }, 
        "model": "archive.execlog", 
        "pk": 4
    }, 
    {
        "fields": {
            "end_time": "2000-01-01T00:00:03Z", 
            "invoking_record": 5, 
            "record": 5, 
            "start_time": "2000-01-01T00:00:03Z"
        }, 
        "model": "archive.execlog", 
        "pk": 5
    }, 
    {
        "fields": {
            "are_checksums_OK": true, 
            "code_redacted": false, 
            "error_log": "Logs/step1_stderr.txt", 
            "error_redacted": false, 
            "execlog": 2, 
            "output_log": "Logs/step1_stdout.txt", 
            "output_redacted": false, 
            "return_code": 0
        }, 
        "model": "archive.methodoutput", 
        "pk": 1
    }, 
    {
        "fields": {
            "are_checksums_OK": true, 
            "code_redacted": false, 
            "error_log": "Logs/step2_stderr.txt", 
            "error_redacted": false, 
            "execlog": 4, 
            "output_log": "Logs/step2_stdout.txt", 
            "output_redacted": false, 
            "return_code": 0
        }, 
        "model": "archive.methodoutput", 
        "pk": 2
    }, 
    {
        "fields": {
            "generator": 1
        }, 
        "model": "librarian.execrecord", 
        "pk": 1
    }, 
    {
        "fields": {
            "generator": 2
        }, 
        "model": "librarian.execrecord", 
        "pk": 2
    }, 
    {
        "fields": {
            "generator": 3
        }, 
        "model": "librarian.execrecord", 
        "pk": 3
    }, 
    {
        "fields": {
            "generator": 4
        }, 
        "model": "librarian.execrecord", 
        "pk": 4
    }, 
    {
        "fields": {
            "generator": 5
        }, 
        "model": "librarian.execrecord", 
        "pk": 5
    }, 
    {
        "fields": {
            "execrecord": 1, 
            "generic_input": 7, 
            "symbolicdataset": 1
        }, 
        "model": "librarian.execrecordin", 
        "pk": 1
    }, 
    {
        "fields": {
            "execrecord": 2, 
            "generic_input": 1, 
            "symbolicdataset": 1
        }, 
        "model": "librarian.execrecordin", 
        "pk": 2
    }, 
    {
        "fields": {
            "execrecord": 3, 
            "generic_input": 2, 
            "symbolicdataset": 2
        }, 
        "model": "librarian.execrecordin", 
        "pk": 3
    }, 
    {
        "fields": {
            "execrecord": 4, 
            "generic_input": 3, 
            "symbolicdataset": 2
        }, 
        "model": "librarian.execrecordin", 
        "pk": 4
    }, 
    {
        "fields": {
            "execrecord": 5, 
            "generic_input": 4, 
            "symbolicdataset": 3
        }, 
        "model": "librarian.execrecordin", 
        "pk": 5
    }, 
    {
        "fields": {
            "execrecord": 1, 
            "generic_output": 1, 
            "symbolicdataset": 1
        }, 
        "model": "librarian.execrecordout", 
        "pk": 1
    }, 
    {
        "fields": {
            "execrecord": 2, 
            "generic_output": 2, 
            "symbolicdataset": 2
        }, 
        "model": "librarian.execrecordout", 
        "pk": 2
    }, 
    {
        "fields": {
            "execrecord": 3, 
            "generic_output": 3, 
            "symbolicdataset": 2
        }, 
        "model": "librarian.execrecordout", 
        "pk": 3
    }, 
    {
        "fields": {
            "execrecord": 4, 
            "generic_output": 4, 
            "symbolicdataset": 3
        }, 
        "model": "librarian.execrecordout", 
        "pk": 4
    }, 
    {
        "fields": {
            "execrecord": 5, 
            "generic_output": 8, 
            "symbolicdataset": 3
        }, 
        "model": "librarian.execrecordout", 
        "pk": 5
    }, 
    {
        "fields": {
            "fill_colour": "", 
            "name": "sums_and_products", 
            "outputs_to_delete": [
                2
            ], 
            "pipeline": 4, 
            "step_num": 1, 
            "transformation": 1, 
            "x": 0.4, 
            "y": 0.4
        }, 
        "model": "pipeline.pipelinestep", 
        "pk": 1
    }, 
    {
        "fields": {
            "fill_colour": "", 
            "name": "total_sums", 
            "outputs_to_delete": [], 
            "pipeline": 4, 
            "step_num": 2, 
            "transformation": 2, 
            "x": 0.6, 
            "y": 0.6
        }, 
        "model": "pipeline.pipelinestep", 
        "pk": 2
    }, 
    {
        "fields": {
            "fill_colour": "", 
            "name": "sums_and_products", 
            "outputs_to_delete": [
                2
            ], 
            "pipeline": 5, 
            "step_num": 1, 
            "transformation": 1, 
            "x": 0.285714285714286, 
            "y": 0.285714285714286
        }, 
        "model": "pipeline.pipelinestep", 
        "pk": 3
    }, 
    {
        "fields": {
            "fill_colour": "", 
            "name": "total_sums", 
            "outputs_to_delete": [], 
            "pipeline": 5, 
            "step_num": 2, 
            "transformation": 2, 
            "x": 0.428571428571429, 
            "y": 0.428571428571429
        }, 
        "model": "pipeline.pipelinestep", 
        "pk": 4
    }, 
    {
        "fields": {
            "fill_colour": "", 
            "name": "total_products", 
            "outputs_to_delete": [], 
            "pipeline": 5, 
            "step_num": 3, 
            "transformation": 3, 
            "x": 0.714285714285714, 
            "y": 0.714285714285714
        }, 
        "model": "pipeline.pipelinestep", 
        "pk": 5
    }, 
    {
        "fields": {}, 
        "model": "pipeline.pipelinecable", 
        "pk": 1
    }, 
    {
        "fields": {}, 
        "model": "pipeline.pipelinecable", 
        "pk": 2
    }, 
    {
        "fields": {}, 
        "model": "pipeline.pipelinecable", 
        "pk": 3
    }, 
    {
        "fields": {}, 
        "model": "pipeline.pipelinecable", 
        "pk": 4
    }, 
    {
        "fields": {}, 
        "model": "pipeline.pipelinecable", 
        "pk": 5
    }, 
    {
        "fields": {}, 
        "model": "pipeline.pipelinecable", 
        "pk": 6
    }, 
    {
        "fields": {}, 
        "model": "pipeline.pipelinecable", 
        "pk": 7
    }, 
    {
        "fields": {}, 
        "model": "pipeline.pipelinecable", 
        "pk": 8
    }, 
    {
        "fields": {
            "dest": 1, 
            "keep_output": false, 
            "pipelinestep": 1, 
            "source": 7, 
            "source_step": 0
        }, 
        "model": "pipeline.pipelinestepinputcable", 
        "pk": 1
    }, 
    {
        "fields": {
            "dest": 3, 
            "keep_output": false, 
            "pipelinestep": 2, 
            "source": 2, 
            "source_step": 1
        }, 
        "model": "pipeline.pipelinestepinputcable", 
        "pk": 2
    }, 
    {
        "fields": {
            "dest": 1, 
            "keep_output": false, 
            "pipelinestep": 3, 
            "source": 9, 
            "source_step": 0
        }, 
        "model": "pipeline.pipelinestepinputcable", 
        "pk": 4
    }, 
    {
        "fields": {
            "dest": 3, 
            "keep_output": false, 
            "pipelinestep": 4, 
            "source": 2, 
            "source_step": 1
        }, 
        "model": "pipeline.pipelinestepinputcable", 
        "pk": 5
    }, 
    {
        "fields": {
            "dest": 5, 
            "keep_output": false, 
            "pipelinestep": 5, 
            "source": 2, 
            "source_step": 1
        }, 
        "model": "pipeline.pipelinestepinputcable", 
        "pk": 6
    }, 
    {
        "fields": {
            "output_cdt": null, 
            "output_idx": 1, 
            "output_name": "total_sums", 
            "pipeline": 4, 
            "source": 4, 
            "source_step": 2
        }, 
        "model": "pipeline.pipelineoutputcable", 
        "pk": 3
    }, 
    {
        "fields": {
            "output_cdt": null, 
            "output_idx": 1, 
            "output_name": "total_sums", 
            "pipeline": 5, 
            "source": 4, 
            "source_step": 2
        }, 
        "model": "pipeline.pipelineoutputcable", 
        "pk": 7
    }, 
    {
        "fields": {
            "output_cdt": null, 
            "output_idx": 2, 
            "output_name": "total_products", 
            "pipeline": 5, 
            "source": 6, 
            "source_step": 3
        }, 
        "model": "pipeline.pipelineoutputcable", 
        "pk": 8
    }, 
    {
        "fields": {
            "x": 0.0, 
            "y": 0.0
        }, 
        "model": "transformation.transformationxput", 
        "pk": 1
    }, 
    {
        "fields": {
            "x": 0.0, 
            "y": 0.0
        }, 
        "model": "transformation.transformationxput", 
        "pk": 2
    }, 
    {
        "fields": {
            "x": 0.0, 
            "y": 0.0
        }, 
        "model": "transformation.transformationxput", 
        "pk": 3
    }, 
    {
        "fields": {
            "x": 0.0, 
            "y": 0.0
        }, 
        "model": "transformation.transformationxput", 
        "pk": 4
    }, 
    {
        "fields": {
            "x": 0.0, 
            "y": 0.0
        }, 
        "model": "transformation.transformationxput", 
        "pk": 5
    }, 
    {
        "fields": {
            "x": 0.0, 
            "y": 0.0
        }, 
        "model": "transformation.transformationxput", 
        "pk": 6
    }, 
    {
        "fields": {
            "x": 0.2, 
            "y": 0.2
        }, 
        "model": "transformation.transformationxput", 
        "pk": 7
    }, 
    {
        "fields": {
            "x": 0.8, 
            "y": 0.8
        }, 
        "model": "transformation.transformationxput", 
        "pk": 8
    }, 
    {
        "fields": {
            "x": 0.142857142857143, 
            "y": 0.142857142857143
        }, 
        "model": "transformation.transformationxput", 
        "pk": 9
    }, 
    {
        "fields": {
            "x": 0.571428571428571, 
            "y": 0.571428571428571
        }, 
        "model": "transformation.transformationxput", 
        "pk": 10
    }, 
    {
        "fields": {
            "x": 0.857142857142857, 
            "y": 0.857142857142857
        }, 
        "model": "transformation.transformationxput", 
        "pk": 11
    }, 
    {
        "fields": {
            "dataset_idx": 1, 
            "dataset_name": "pairs", 
            "transformation": 1
        }, 
        "model": "transformation.transformationinput", 
        "pk": 1
    }, 
    {
        "fields": {
            "dataset_idx": 1, 
            "dataset_name": "sums_and_products", 
            "transformation": 2
        }, 
        "model": "transformation.transformationinput", 
        "pk": 3
    }, 
    {
        "fields": {
            "dataset_idx": 1, 
            "dataset_name": "sums_and_products", 
            "transformation": 3
        }, 
        "model": "transformation.transformationinput", 
        "pk": 5
    }, 
    {
        "fields": {
            "dataset_idx": 1, 
            "dataset_name": "pairs", 
            "transformation": 4
        }, 
        "model": "transformation.transformationinput", 
        "pk": 7
    }, 
    {
        "fields": {
            "dataset_idx": 1, 
            "dataset_name": "pairs", 
            "transformation": 5
        }, 
        "model": "transformation.transformationinput", 
        "pk": 9
    }, 
    {
        "fields": {
            "dataset_idx": 1, 
            "dataset_name": "sums_and_products", 
            "transformation": 1
        }, 
        "model": "transformation.transformationoutput", 
        "pk": 2
    }, 
    {
        "fields": {
            "dataset_idx": 1, 
            "dataset_name": "total_sums", 
            "transformation": 2
        }, 
        "model": "transformation.transformationoutput", 
        "pk": 4
    }, 
    {
        "fields": {
            "dataset_idx": 1, 
            "dataset_name": "total_products", 
            "transformation": 3
        }, 
        "model": "transformation.transformationoutput", 
        "pk": 6
    }, 
    {
        "fields": {
            "dataset_idx": 1, 
            "dataset_name": "total_sums", 
            "transformation": 4
        }, 
        "model": "transformation.transformationoutput", 
        "pk": 8
    }, 
    {
        "fields": {
            "dataset_idx": 2, 
            "dataset_name": "total_products", 
            "transformation": 5
        }, 
        "model": "transformation.transformationoutput", 
        "pk": 10
    }, 
    {
        "fields": {
            "dataset_idx": 1, 
            "dataset_name": "total_sums", 
            "transformation": 5
        }, 
        "model": "transformation.transformationoutput", 
        "pk": 11
    }, 
    {
        "fields": {
            "index": 1, 
            "runtoprocess": 1, 
            "symbolicdataset": 1
        }, 
        "model": "fleet.runtoprocessinput", 
        "pk": 1
    }, 
    {
        "fields": {
            "description": "", 
            "end_time": "2000-01-01T00:00:03Z", 
            "groups_allowed": [], 
            "name": "", 
            "parent_runstep": null, 
            "pipeline": 4, 
            "start_time": "2000-01-01T00:00:00Z", 
            "user": 1, 
            "users_allowed": []
        }, 
        "model": "archive.run", 
        "pk": 1
    }, 
    {
        "fields": {
            "MD5_checksum": "e093c9eac5d0cae832d4e2071ccfdc5f", 
            "_redacted": false, 
            "groups_allowed": [
                1
            ], 
            "user": 1, 
            "users_allowed": []
        }, 
        "model": "librarian.symbolicdataset", 
        "pk": 1
    }, 
    {
        "fields": {
            "MD5_checksum": "2f281db741c4a83d5eadbab81fd9b89e", 
            "_redacted": false, 
            "groups_allowed": [], 
            "user": 1, 
            "users_allowed": []
        }, 
        "model": "librarian.symbolicdataset", 
        "pk": 2
    }, 
    {
        "fields": {
            "MD5_checksum": "e237ca8bb33ea0dd3f8d6bb8d1ede977", 
            "_redacted": false, 
            "groups_allowed": [], 
            "user": 1, 
            "users_allowed": []
        }, 
        "model": "librarian.symbolicdataset", 
        "pk": 3
    }, 
    {
        "fields": {
            "description": "", 
            "filename": "sums_and_products.py", 
            "groups_allowed": [
                1
            ], 
            "name": "sums_and_products", 
            "user": 1, 
            "users_allowed": []
        }, 
        "model": "method.coderesource", 
        "pk": 1
    }, 
    {
        "fields": {
            "description": "", 
            "filename": "total_sums.py", 
            "groups_allowed": [
                1
            ], 
            "name": "total_sums", 
            "user": 1, 
            "users_allowed": []
        }, 
        "model": "method.coderesource", 
        "pk": 2
    }, 
    {
        "fields": {
            "description": "", 
            "filename": "total_products.py", 
            "groups_allowed": [
                1
            ], 
            "name": "total_products", 
            "user": 1, 
            "users_allowed": []
        }, 
        "model": "method.coderesource", 
        "pk": 3
    }, 
    {
        "fields": {
            "MD5_checksum": "70b0b8bd967b4981a4a395e47fb47b15", 
            "coderesource": 1, 
            "content_file": "CodeResources/sums_and_products.py", 
            "groups_allowed": [
                1
            ], 
            "revision_DateTime": "2000-01-01T00:00:00Z", 
            "revision_desc": "", 
            "revision_name": "", 
            "revision_number": 1, 
            "revision_parent": null, 
            "user": 1, 
            "users_allowed": []
        }, 
        "model": "method.coderesourcerevision", 
        "pk": 1
    }, 
    {
        "fields": {
            "MD5_checksum": "2069c24f06ad2c48833648c475101298", 
            "coderesource": 2, 
            "content_file": "CodeResources/total_sums.py", 
            "groups_allowed": [
                1
            ], 
            "revision_DateTime": "2000-01-01T00:00:00Z", 
            "revision_desc": "", 
            "revision_name": "", 
            "revision_number": 1, 
            "revision_parent": null, 
            "user": 1, 
            "users_allowed": []
        }, 
        "model": "method.coderesourcerevision", 
        "pk": 2
    }, 
    {
        "fields": {
            "MD5_checksum": "d7b66610f9b11a5ad16cddd4bc5fe6f6", 
            "coderesource": 3, 
            "content_file": "CodeResources/total_products.py", 
            "groups_allowed": [
                1
            ], 
            "revision_DateTime": "2000-01-01T00:00:00Z", 
            "revision_desc": "", 
            "revision_name": "", 
            "revision_number": 1, 
            "revision_parent": null, 
            "user": 1, 
            "users_allowed": []
        }, 
        "model": "method.coderesourcerevision", 
        "pk": 3
    }, 
    {
        "fields": {
            "driver": 1, 
            "family": 1, 
            "groups_allowed": [
                1
            ], 
            "reusable": 2, 
            "revision_number": 1, 
            "revision_parent": null, 
            "tainted": false, 
            "threads": 1, 
            "users_allowed": []
        }, 
        "model": "method.method", 
        "pk": 1
    }, 
    {
        "fields": {
            "driver": 2, 
            "family": 2, 
            "groups_allowed": [
                1
            ], 
            "reusable": 1, 
            "revision_number": 1, 
            "revision_parent": null, 
            "tainted": false, 
            "threads": 1, 
            "users_allowed": []
        }, 
        "model": "method.method", 
        "pk": 2
    }, 
    {
        "fields": {
            "driver": 3, 
            "family": 3, 
            "groups_allowed": [
                1
            ], 
            "reusable": 1, 
            "revision_number": 1, 
            "revision_parent": null, 
            "tainted": false, 
            "threads": 1, 
            "users_allowed": []
        }, 
        "model": "method.method", 
        "pk": 3
    }, 
    {
        "fields": {
            "description": "", 
            "groups_allowed": [
                1
            ], 
            "name": "sums_and_products", 
            "user": 1, 
            "users_allowed": []
        }, 
        "model": "method.methodfamily", 
        "pk": 1
    }, 
    {
        "fields": {
            "description": "", 
            "groups_allowed": [
                1
            ], 
            "name": "total_sums", 
            "user": 1, 
            "users_allowed": []
        }, 
        "model": "method.methodfamily", 
        "pk": 2
    }, 
    {
        "fields": {
            "description": "", 
            "groups_allowed": [
                1
            ], 
            "name": "total_products", 
            "user": 1, 
            "users_allowed": []
        }, 
        "model": "method.methodfamily", 
        "pk": 3
    }, 
    {
        "fields": {
            "description": "", 
            "groups_allowed": [
                1
            ], 
            "name": "sums and products", 
            "user": 1, 
            "users_allowed": []
        }, 
        "model": "pipeline.pipelinefamily", 
        "pk": 1
    }, 
    {
        "fields": {
            "family": 1, 
            "groups_allowed": [
                1
            ], 
            "published": false, 
            "revision_number": 1, 
            "revision_parent": null, 
            "users_allowed": []
        }, 
        "model": "pipeline.pipeline", 
        "pk": 4
    }, 
    {
        "fields": {
            "family": 1, 
            "groups_allowed": [
                1
            ], 
            "published": false, 
            "revision_number": 2, 
            "revision_parent": 4, 
            "users_allowed": []
        }, 
        "model": "pipeline.pipeline", 
        "pk": 5
    }, 
    {
        "fields": {
            "groups_allowed": [
                1
            ], 
            "revision_DateTime": "2000-01-01T00:00:00Z", 
            "revision_desc": "", 
            "revision_name": "first", 
            "user": 1, 
            "users_allowed": []
        }, 
        "model": "transformation.transformation", 
        "pk": 1
    }, 
    {
        "fields": {
            "groups_allowed": [
                1
            ], 
            "revision_DateTime": "2000-01-01T00:00:00Z", 
            "revision_desc": "", 
            "revision_name": "first", 
            "user": 1, 
            "users_allowed": []
        }, 
        "model": "transformation.transformation", 
        "pk": 2
    }, 
    {
        "fields": {
            "groups_allowed": [
                1
            ], 
            "revision_DateTime": "2000-01-01T00:00:00Z", 
            "revision_desc": "", 
            "revision_name": "first", 
            "user": 1, 
            "users_allowed": []
        }, 
        "model": "transformation.transformation", 
        "pk": 3
    }, 
    {
        "fields": {
            "groups_allowed": [
                1
            ], 
            "revision_DateTime": "2000-01-01T00:00:00Z", 
            "revision_desc": "", 
            "revision_name": "sums only", 
            "user": 1, 
            "users_allowed": []
        }, 
        "model": "transformation.transformation", 
        "pk": 4
    }, 
    {
        "fields": {
            "groups_allowed": [
                1
            ], 
            "revision_DateTime": "2000-01-01T00:00:00Z", 
            "revision_desc": "", 
            "revision_name": "sums and products", 
            "user": 1, 
            "users_allowed": []
        }, 
        "model": "transformation.transformation", 
        "pk": 5
    }, 
    {
        "fields": {
            "end_time": "2000-01-01T00:00:01Z", 
            "execlog": 2, 
            "start_time": "2000-01-01T00:00:01Z", 
            "symbolicdataset": 2, 
            "user": 1
        }, 
        "model": "datachecking.contentchecklog", 
        "pk": 1
    }, 
    {
        "fields": {
            "end_time": "2000-01-01T00:00:02Z", 
            "execlog": 4, 
            "start_time": "2000-01-01T00:00:02Z", 
            "symbolicdataset": 3, 
            "user": 1
        }, 
        "model": "datachecking.contentchecklog", 
        "pk": 2
    }, 
    {
        "fields": {
            "end_time": "2000-01-01T00:00:01Z", 
            "execlog": 1, 
            "start_time": "2000-01-01T00:00:01Z", 
            "symbolicdataset": 1, 
            "user": 1
        }, 
        "model": "datachecking.integritychecklog", 
        "pk": 1
    }, 
    {
        "fields": {
            "end_time": "2000-01-01T00:00:02Z", 
            "execlog": 3, 
            "start_time": "2000-01-01T00:00:02Z", 
            "symbolicdataset": 2, 
            "user": 1
        }, 
        "model": "datachecking.integritychecklog", 
        "pk": 2
    }, 
    {
        "fields": {
            "end_time": "2000-01-01T00:00:03Z", 
            "execlog": 5, 
            "start_time": "2000-01-01T00:00:03Z", 
            "symbolicdataset": 3, 
            "user": 1
        }, 
        "model": "datachecking.integritychecklog", 
        "pk": 3
    }, 
    {
        "fields": {
            "groups_allowed": [], 
            "pipeline": 4, 
            "purged": true, 
            "run": 1, 
            "sandbox_path": "/home/don/data/kive/Sandboxes/userkive_run1_KiA9wN", 
            "time_queued": "2015-10-15T18:59:34.322Z", 
            "user": 1, 
            "users_allowed": []
        }, 
        "model": "fleet.runtoprocess", 
        "pk": 1
    }
]