[
    {
        "fields": {
            "dataset": 1, 
            "index": 1, 
            "run": 1
        }, 
        "model": "archive.runinput", 
        "pk": 1
    }, 
    {
        "fields": {
            "_redacted": null, 
            "_runcomponentstate": 3, 
            "end_time": "2000-01-01T00:00:11Z", 
            "execrecord": 2, 
            "reused": false, 
            "start_time": "2000-01-01T00:00:01Z"
        }, 
        "model": "archive.runcomponent", 
        "pk": 1
    }, 
    {
        "fields": {
            "_redacted": null, 
            "_runcomponentstate": 3, 
            "end_time": "2000-01-01T00:00:24Z", 
            "execrecord": 4, 
            "reused": false, 
            "start_time": "2000-01-01T00:00:13Z"
        }, 
        "model": "archive.runcomponent", 
        "pk": 2
    }, 
    {
        "fields": {
            "_redacted": null, 
            "_runcomponentstate": 3, 
            "end_time": "2000-01-01T00:00:01Z", 
            "execrecord": 1, 
            "reused": false, 
            "start_time": "2000-01-01T00:00:01Z"
        }, 
        "model": "archive.runcomponent", 
        "pk": 3
    }, 
    {
        "fields": {
            "_redacted": null, 
            "_runcomponentstate": 3, 
            "end_time": "2000-01-01T00:00:13Z", 
            "execrecord": 3, 
            "reused": false, 
            "start_time": "2000-01-01T00:00:13Z"
        }, 
        "model": "archive.runcomponent", 
        "pk": 4
    }, 
    {
        "fields": {
            "_redacted": null, 
            "_runcomponentstate": 3, 
            "end_time": "2000-01-01T00:00:26Z", 
            "execrecord": 5, 
            "reused": false, 
            "start_time": "2000-01-01T00:00:25Z"
        }, 
        "model": "archive.runcomponent", 
        "pk": 5
    }, 
    {
        "fields": {
            "pipelinestep": 1, 
            "run": 1
        }, 
        "model": "archive.runstep", 
        "pk": 1
    }, 
    {
        "fields": {
            "pipelinestep": 2, 
            "run": 1
        }, 
        "model": "archive.runstep", 
        "pk": 2
    }, 
    {
        "fields": {
            "PSIC": 1, 
            "dest_runstep": 1
        }, 
        "model": "archive.runsic", 
        "pk": 3
    }, 
    {
        "fields": {
            "PSIC": 2, 
            "dest_runstep": 2
        }, 
        "model": "archive.runsic", 
        "pk": 4
    }, 
    {
        "fields": {
            "pipelineoutputcable": 3, 
            "run": 1
        }, 
        "model": "archive.runoutputcable", 
        "pk": 5
    }, 
    {
        "fields": {
            "end_time": "2000-01-01T00:00:01Z", 
            "invoking_record": 3, 
            "record": 3, 
            "start_time": "2000-01-01T00:00:01Z"
        }, 
        "model": "archive.execlog", 
        "pk": 1
    }, 
    {
        "fields": {
            "end_time": "2000-01-01T00:00:01Z", 
            "invoking_record": 1, 
            "record": 1, 
            "start_time": "2000-01-01T00:00:01Z"
        }, 
        "model": "archive.execlog", 
        "pk": 2
    }, 
    {
        "fields": {
            "end_time": "2000-01-01T00:00:13Z", 
            "invoking_record": 4, 
            "record": 4, 
            "start_time": "2000-01-01T00:00:13Z"
        }, 
        "model": "archive.execlog", 
        "pk": 3
    }, 
    {
        "fields": {
            "end_time": "2000-01-01T00:00:14Z", 
            "invoking_record": 2, 
            "record": 2, 
            "start_time": "2000-01-01T00:00:13Z"
        }, 
        "model": "archive.execlog", 
        "pk": 4
    }, 
    {
        "fields": {
            "end_time": "2000-01-01T00:00:25Z", 
            "invoking_record": 5, 
            "record": 5, 
            "start_time": "2000-01-01T00:00:25Z"
        }, 
        "model": "archive.execlog", 
        "pk": 5
    }, 
    {
        "fields": {
            "are_checksums_OK": true, 
            "code_redacted": false, 
            "error_log": "Logs/step1_stderr_slurmIDJ_nodeN.txt", 
            "error_redacted": false, 
            "execlog": 2, 
            "install_failed": false, 
            "output_log": "Logs/step1_stdout_slurmIDJ_nodeN.txt", 
            "output_redacted": false, 
            "return_code": 0
        }, 
        "model": "archive.methodoutput", 
        "pk": 1
    }, 
    {
        "fields": {
            "are_checksums_OK": true, 
            "code_redacted": false, 
            "error_log": "Logs/step2_stderr_slurmIDJ_nodeN.txt", 
            "error_redacted": false, 
            "execlog": 4, 
            "install_failed": false, 
            "output_log": "Logs/step2_stdout_slurmIDJ_nodeN.txt", 
            "output_redacted": false, 
            "return_code": 0
        }, 
        "model": "archive.methodoutput", 
        "pk": 2
    }, 
    {
        "fields": {
            "generator": 1
        }, 
        "model": "librarian.execrecord", 
        "pk": 1
    }, 
    {
        "fields": {
            "generator": 2
        }, 
        "model": "librarian.execrecord", 
        "pk": 2
    }, 
    {
        "fields": {
            "generator": 3
        }, 
        "model": "librarian.execrecord", 
        "pk": 3
    }, 
    {
        "fields": {
            "generator": 4
        }, 
        "model": "librarian.execrecord", 
        "pk": 4
    }, 
    {
        "fields": {
            "generator": 5
        }, 
        "model": "librarian.execrecord", 
        "pk": 5
    }, 
    {
        "fields": {
            "dataset": 1, 
            "execrecord": 1, 
            "generic_input": 7
        }, 
        "model": "librarian.execrecordin", 
        "pk": 1
    }, 
    {
        "fields": {
            "dataset": 1, 
            "execrecord": 2, 
            "generic_input": 1
        }, 
        "model": "librarian.execrecordin", 
        "pk": 2
    }, 
    {
        "fields": {
            "dataset": 2, 
            "execrecord": 3, 
            "generic_input": 2
        }, 
        "model": "librarian.execrecordin", 
        "pk": 3
    }, 
    {
        "fields": {
            "dataset": 2, 
            "execrecord": 4, 
            "generic_input": 3
        }, 
        "model": "librarian.execrecordin", 
        "pk": 4
    }, 
    {
        "fields": {
            "dataset": 3, 
            "execrecord": 5, 
            "generic_input": 4
        }, 
        "model": "librarian.execrecordin", 
        "pk": 5
    }, 
    {
        "fields": {
            "dataset": 1, 
            "execrecord": 1, 
            "generic_output": 1
        }, 
        "model": "librarian.execrecordout", 
        "pk": 1
    }, 
    {
        "fields": {
            "dataset": 2, 
            "execrecord": 2, 
            "generic_output": 2
        }, 
        "model": "librarian.execrecordout", 
        "pk": 2
    }, 
    {
        "fields": {
            "dataset": 2, 
            "execrecord": 3, 
            "generic_output": 3
        }, 
        "model": "librarian.execrecordout", 
        "pk": 3
    }, 
    {
        "fields": {
            "dataset": 3, 
            "execrecord": 4, 
            "generic_output": 4
        }, 
        "model": "librarian.execrecordout", 
        "pk": 4
    }, 
    {
        "fields": {
            "dataset": 3, 
            "execrecord": 5, 
            "generic_output": 8
        }, 
        "model": "librarian.execrecordout", 
        "pk": 5
    }, 
    {
        "fields": {
            "fill_colour": "", 
            "name": "sums_and_products", 
            "outputs_to_delete": [
                2
            ], 
            "pipeline": 4, 
            "step_num": 1, 
            "transformation": 1, 
            "x": 0.4, 
            "y": 0.4
        }, 
        "model": "pipeline.pipelinestep", 
        "pk": 1
    }, 
    {
        "fields": {
            "fill_colour": "", 
            "name": "total_sums", 
            "outputs_to_delete": [], 
            "pipeline": 4, 
            "step_num": 2, 
            "transformation": 2, 
            "x": 0.6, 
            "y": 0.6
        }, 
        "model": "pipeline.pipelinestep", 
        "pk": 2
    }, 
    {
        "fields": {
            "fill_colour": "", 
            "name": "sums_and_products", 
            "outputs_to_delete": [
                2
            ], 
            "pipeline": 5, 
            "step_num": 1, 
            "transformation": 1, 
            "x": 0.285714285714286, 
            "y": 0.285714285714286
        }, 
        "model": "pipeline.pipelinestep", 
        "pk": 3
    }, 
    {
        "fields": {
            "fill_colour": "", 
            "name": "total_sums", 
            "outputs_to_delete": [], 
            "pipeline": 5, 
            "step_num": 2, 
            "transformation": 2, 
            "x": 0.428571428571429, 
            "y": 0.428571428571429
        }, 
        "model": "pipeline.pipelinestep", 
        "pk": 4
    }, 
    {
        "fields": {
            "fill_colour": "", 
            "name": "total_products", 
            "outputs_to_delete": [], 
            "pipeline": 5, 
            "step_num": 3, 
            "transformation": 3, 
            "x": 0.714285714285714, 
            "y": 0.714285714285714
        }, 
        "model": "pipeline.pipelinestep", 
        "pk": 5
    }, 
    {
        "fields": {}, 
        "model": "pipeline.pipelinecable", 
        "pk": 1
    }, 
    {
        "fields": {}, 
        "model": "pipeline.pipelinecable", 
        "pk": 2
    }, 
    {
        "fields": {}, 
        "model": "pipeline.pipelinecable", 
        "pk": 3
    }, 
    {
        "fields": {}, 
        "model": "pipeline.pipelinecable", 
        "pk": 4
    }, 
    {
        "fields": {}, 
        "model": "pipeline.pipelinecable", 
        "pk": 5
    }, 
    {
        "fields": {}, 
        "model": "pipeline.pipelinecable", 
        "pk": 6
    }, 
    {
        "fields": {}, 
        "model": "pipeline.pipelinecable", 
        "pk": 7
    }, 
    {
        "fields": {}, 
        "model": "pipeline.pipelinecable", 
        "pk": 8
    }, 
    {
        "fields": {
            "dest": 1, 
            "keep_output": false, 
            "pipelinestep": 1, 
            "source": 7, 
            "source_step": 0
        }, 
        "model": "pipeline.pipelinestepinputcable", 
        "pk": 1
    }, 
    {
        "fields": {
            "dest": 3, 
            "keep_output": false, 
            "pipelinestep": 2, 
            "source": 2, 
            "source_step": 1
        }, 
        "model": "pipeline.pipelinestepinputcable", 
        "pk": 2
    }, 
    {
        "fields": {
            "dest": 1, 
            "keep_output": false, 
            "pipelinestep": 3, 
            "source": 9, 
            "source_step": 0
        }, 
        "model": "pipeline.pipelinestepinputcable", 
        "pk": 4
    }, 
    {
        "fields": {
            "dest": 3, 
            "keep_output": false, 
            "pipelinestep": 4, 
            "source": 2, 
            "source_step": 1
        }, 
        "model": "pipeline.pipelinestepinputcable", 
        "pk": 5
    }, 
    {
        "fields": {
            "dest": 5, 
            "keep_output": false, 
            "pipelinestep": 5, 
            "source": 2, 
            "source_step": 1
        }, 
        "model": "pipeline.pipelinestepinputcable", 
        "pk": 6
    }, 
    {
        "fields": {
            "output_cdt": null, 
            "output_idx": 1, 
            "output_name": "total_sums", 
            "pipeline": 4, 
            "source": 4, 
            "source_step": 2
        }, 
        "model": "pipeline.pipelineoutputcable", 
        "pk": 3
    }, 
    {
        "fields": {
            "output_cdt": null, 
            "output_idx": 1, 
            "output_name": "total_sums", 
            "pipeline": 5, 
            "source": 4, 
            "source_step": 2
        }, 
        "model": "pipeline.pipelineoutputcable", 
        "pk": 7
    }, 
    {
        "fields": {
            "output_cdt": null, 
            "output_idx": 2, 
            "output_name": "total_products", 
            "pipeline": 5, 
            "source": 6, 
            "source_step": 3
        }, 
        "model": "pipeline.pipelineoutputcable", 
        "pk": 8
    }, 
    {
        "fields": {
            "x": 0.0, 
            "y": 0.0
        }, 
        "model": "transformation.transformationxput", 
        "pk": 1
    }, 
    {
        "fields": {
            "x": 0.0, 
            "y": 0.0
        }, 
        "model": "transformation.transformationxput", 
        "pk": 2
    }, 
    {
        "fields": {
            "x": 0.0, 
            "y": 0.0
        }, 
        "model": "transformation.transformationxput", 
        "pk": 3
    }, 
    {
        "fields": {
            "x": 0.0, 
            "y": 0.0
        }, 
        "model": "transformation.transformationxput", 
        "pk": 4
    }, 
    {
        "fields": {
            "x": 0.0, 
            "y": 0.0
        }, 
        "model": "transformation.transformationxput", 
        "pk": 5
    }, 
    {
        "fields": {
            "x": 0.0, 
            "y": 0.0
        }, 
        "model": "transformation.transformationxput", 
        "pk": 6
    }, 
    {
        "fields": {
            "x": 0.2, 
            "y": 0.2
        }, 
        "model": "transformation.transformationxput", 
        "pk": 7
    }, 
    {
        "fields": {
            "x": 0.8, 
            "y": 0.8
        }, 
        "model": "transformation.transformationxput", 
        "pk": 8
    }, 
    {
        "fields": {
            "x": 0.142857142857143, 
            "y": 0.142857142857143
        }, 
        "model": "transformation.transformationxput", 
        "pk": 9
    }, 
    {
        "fields": {
            "x": 0.571428571428571, 
            "y": 0.571428571428571
        }, 
        "model": "transformation.transformationxput", 
        "pk": 10
    }, 
    {
        "fields": {
            "x": 0.857142857142857, 
            "y": 0.857142857142857
        }, 
        "model": "transformation.transformationxput", 
        "pk": 11
    }, 
    {
        "fields": {
            "dataset_idx": 1, 
            "dataset_name": "pairs", 
            "transformation": 1
        }, 
        "model": "transformation.transformationinput", 
        "pk": 1
    }, 
    {
        "fields": {
            "dataset_idx": 1, 
            "dataset_name": "sums_and_products", 
            "transformation": 2
        }, 
        "model": "transformation.transformationinput", 
        "pk": 3
    }, 
    {
        "fields": {
            "dataset_idx": 1, 
            "dataset_name": "sums_and_products", 
            "transformation": 3
        }, 
        "model": "transformation.transformationinput", 
        "pk": 5
    }, 
    {
        "fields": {
            "dataset_idx": 1, 
            "dataset_name": "pairs", 
            "transformation": 4
        }, 
        "model": "transformation.transformationinput", 
        "pk": 7
    }, 
    {
        "fields": {
            "dataset_idx": 1, 
            "dataset_name": "pairs", 
            "transformation": 5
        }, 
        "model": "transformation.transformationinput", 
        "pk": 9
    }, 
    {
        "fields": {
            "dataset_idx": 1, 
            "dataset_name": "sums_and_products", 
            "transformation": 1
        }, 
        "model": "transformation.transformationoutput", 
        "pk": 2
    }, 
    {
        "fields": {
            "dataset_idx": 1, 
            "dataset_name": "total_sums", 
            "transformation": 2
        }, 
        "model": "transformation.transformationoutput", 
        "pk": 4
    }, 
    {
        "fields": {
            "dataset_idx": 1, 
            "dataset_name": "total_products", 
            "transformation": 3
        }, 
        "model": "transformation.transformationoutput", 
        "pk": 6
    }, 
    {
        "fields": {
            "dataset_idx": 1, 
            "dataset_name": "total_sums", 
            "transformation": 4
        }, 
        "model": "transformation.transformationoutput", 
        "pk": 8
    }, 
    {
        "fields": {
            "dataset_idx": 1, 
            "dataset_name": "total_sums", 
            "transformation": 5
        }, 
        "model": "transformation.transformationoutput", 
        "pk": 10
    }, 
    {
        "fields": {
            "dataset_idx": 2, 
            "dataset_name": "total_products", 
            "transformation": 5
        }, 
        "model": "transformation.transformationoutput", 
        "pk": 11
    }, 
    {
        "fields": {
            "_runstate": 3, 
            "description": "", 
            "end_time": "2000-01-01T00:00:27Z", 
            "groups_allowed": [], 
            "name": "", 
            "parent_runstep": null, 
            "paused_by": null, 
            "pipeline": 4, 
            "priority": 0, 
            "purged": true, 
            "runbatch": null, 
            "sandbox_path": "/home/rliang/Documents/Kive/media/Sandboxes/userkive_run1_NI801W", 
            "start_time": "2000-01-01T00:00:01Z", 
            "stopped_by": null, 
            "time_queued": "2017-04-25T01:00:10.181Z", 
            "user": 1, 
            "users_allowed": []
        }, 
        "model": "archive.run", 
        "pk": 1
    }, 
    {
        "fields": {
            "MD5_checksum": "e093c9eac5d0cae832d4e2071ccfdc5f", 
            "_redacted": false, 
            "dataset_file": "Datasets/2017_04/pairs.csv", 
            "date_created": "2000-01-01T00:00:00Z", 
            "description": "", 
            "external_path": "", 
            "externalfiledirectory": null, 
            "file_source": null, 
            "groups_allowed": [
                1
            ], 
            "last_time_checked": "2017-04-25T01:00:10.167Z", 
            "name": "pairs", 
            "user": 1, 
            "users_allowed": []
        }, 
        "model": "librarian.dataset", 
        "pk": 1
    }, 
    {
        "fields": {
            "MD5_checksum": "44c997f011190635c1e8e618b330a452", 
            "_redacted": false, 
            "dataset_file": "", 
            "date_created": "2000-01-01T00:00:11Z", 
            "description": "Generated data from a run of pipeline \"sums and products:1 (sums only)\" started at 2017-04-25 01:00:10.287539+00:00 by kive\nrun: 1\nuser: kive\nstep: 1\noutput: sums_and_products", 
            "external_path": "", 
            "externalfiledirectory": null, 
            "file_source": 1, 
            "groups_allowed": [], 
            "last_time_checked": "2017-04-25T01:00:20.441Z", 
            "name": "run1_step1_outputsums_and_products", 
            "user": 1, 
            "users_allowed": []
        }, 
        "model": "librarian.dataset", 
        "pk": 2
    }, 
    {
        "fields": {
            "MD5_checksum": "e237ca8bb33ea0dd3f8d6bb8d1ede977", 
            "_redacted": false, 
            "dataset_file": "Datasets/2017_04/step2_total_sums.raw", 
            "date_created": "2000-01-01T00:00:23Z", 
            "description": "Generated data from a run of pipeline \"sums and products:1 (sums only)\" started at 2017-04-25 01:00:10.287539+00:00 by kive\nrun: 1\nuser: kive\nstep: 2\noutput: total_sums", 
            "external_path": "", 
            "externalfiledirectory": null, 
            "file_source": 2, 
            "groups_allowed": [], 
            "last_time_checked": "2017-04-25T01:00:32.762Z", 
            "name": "run1_step2_outputtotal_sums", 
            "user": 1, 
            "users_allowed": []
        }, 
        "model": "librarian.dataset", 
        "pk": 3
    }, 
    {
        "fields": {
            "description": "", 
            "filename": "sums_and_products.py", 
            "groups_allowed": [
                1
            ], 
            "name": "sums_and_products", 
            "user": 1, 
            "users_allowed": []
        }, 
        "model": "method.coderesource", 
        "pk": 1
    }, 
    {
        "fields": {
            "description": "", 
            "filename": "total_sums.py", 
            "groups_allowed": [
                1
            ], 
            "name": "total_sums", 
            "user": 1, 
            "users_allowed": []
        }, 
        "model": "method.coderesource", 
        "pk": 2
    }, 
    {
        "fields": {
            "description": "", 
            "filename": "total_products.py", 
            "groups_allowed": [
                1
            ], 
            "name": "total_products", 
            "user": 1, 
            "users_allowed": []
        }, 
        "model": "method.coderesource", 
        "pk": 3
    }, 
    {
        "fields": {
            "MD5_checksum": "47ce4dafc561b053378491af90eb93b9", 
            "coderesource": 1, 
            "content_file": "CodeResources/sums_and_products.py", 
            "groups_allowed": [
                1
            ], 
            "revision_DateTime": "2000-01-01T00:00:00Z", 
            "revision_desc": "", 
            "revision_name": "", 
            "revision_number": 1, 
            "revision_parent": null, 
            "user": 1, 
            "users_allowed": []
        }, 
        "model": "method.coderesourcerevision", 
        "pk": 1
    }, 
    {
        "fields": {
            "MD5_checksum": "b1a966dbc9cec1fe2dc88ef156b70f01", 
            "coderesource": 2, 
            "content_file": "CodeResources/total_sums.py", 
            "groups_allowed": [
                1
            ], 
            "revision_DateTime": "2000-01-01T00:00:00Z", 
            "revision_desc": "", 
            "revision_name": "", 
            "revision_number": 1, 
            "revision_parent": null, 
            "user": 1, 
            "users_allowed": []
        }, 
        "model": "method.coderesourcerevision", 
        "pk": 2
    }, 
    {
        "fields": {
            "MD5_checksum": "85bb2c51fa3720a5ff1aba0631e19d25", 
            "coderesource": 3, 
            "content_file": "CodeResources/total_products.py", 
            "groups_allowed": [
                1
            ], 
            "revision_DateTime": "2000-01-01T00:00:00Z", 
            "revision_desc": "", 
            "revision_name": "", 
            "revision_number": 1, 
            "revision_parent": null, 
            "user": 1, 
            "users_allowed": []
        }, 
        "model": "method.coderesourcerevision", 
        "pk": 3
    }, 
    {
        "fields": {
            "driver": 1, 
            "family": 1, 
            "groups_allowed": [
                1
            ], 
            "reusable": 2, 
            "revision_number": 1, 
            "revision_parent": null, 
            "tainted": false, 
            "threads": 1, 
            "users_allowed": []
        }, 
        "model": "method.method", 
        "pk": 1
    }, 
    {
        "fields": {
            "driver": 2, 
            "family": 2, 
            "groups_allowed": [
                1
            ], 
            "reusable": 1, 
            "revision_number": 1, 
            "revision_parent": null, 
            "tainted": false, 
            "threads": 1, 
            "users_allowed": []
        }, 
        "model": "method.method", 
        "pk": 2
    }, 
    {
        "fields": {
            "driver": 3, 
            "family": 3, 
            "groups_allowed": [
                1
            ], 
            "reusable": 1, 
            "revision_number": 1, 
            "revision_parent": null, 
            "tainted": false, 
            "threads": 1, 
            "users_allowed": []
        }, 
        "model": "method.method", 
        "pk": 3
    }, 
    {
        "fields": {
            "description": "", 
            "groups_allowed": [
                1
            ], 
            "name": "sums_and_products", 
            "user": 1, 
            "users_allowed": []
        }, 
        "model": "method.methodfamily", 
        "pk": 1
    }, 
    {
        "fields": {
            "description": "", 
            "groups_allowed": [
                1
            ], 
            "name": "total_sums", 
            "user": 1, 
            "users_allowed": []
        }, 
        "model": "method.methodfamily", 
        "pk": 2
    }, 
    {
        "fields": {
            "description": "", 
            "groups_allowed": [
                1
            ], 
            "name": "total_products", 
            "user": 1, 
            "users_allowed": []
        }, 
        "model": "method.methodfamily", 
        "pk": 3
    }, 
    {
        "fields": {
            "description": "", 
            "groups_allowed": [
                1
            ], 
            "name": "sums and products", 
            "user": 1, 
            "users_allowed": []
        }, 
        "model": "pipeline.pipelinefamily", 
        "pk": 1
    }, 
    {
        "fields": {
            "family": 1, 
            "groups_allowed": [
                1
            ], 
            "published": false, 
            "revision_number": 1, 
            "revision_parent": null, 
            "users_allowed": []
        }, 
        "model": "pipeline.pipeline", 
        "pk": 4
    }, 
    {
        "fields": {
            "family": 1, 
            "groups_allowed": [
                1
            ], 
            "published": false, 
            "revision_number": 2, 
            "revision_parent": 4, 
            "users_allowed": []
        }, 
        "model": "pipeline.pipeline", 
        "pk": 5
    }, 
    {
        "fields": {
            "groups_allowed": [
                1
            ], 
            "revision_DateTime": "2000-01-01T00:00:00Z", 
            "revision_desc": "", 
            "revision_name": "first", 
            "user": 1, 
            "users_allowed": []
        }, 
        "model": "transformation.transformation", 
        "pk": 1
    }, 
    {
        "fields": {
            "groups_allowed": [
                1
            ], 
            "revision_DateTime": "2000-01-01T00:00:00Z", 
            "revision_desc": "", 
            "revision_name": "first", 
            "user": 1, 
            "users_allowed": []
        }, 
        "model": "transformation.transformation", 
        "pk": 2
    }, 
    {
        "fields": {
            "groups_allowed": [
                1
            ], 
            "revision_DateTime": "2000-01-01T00:00:00Z", 
            "revision_desc": "", 
            "revision_name": "first", 
            "user": 1, 
            "users_allowed": []
        }, 
        "model": "transformation.transformation", 
        "pk": 3
    }, 
    {
        "fields": {
            "groups_allowed": [
                1
            ], 
            "revision_DateTime": "2000-01-01T00:00:00Z", 
            "revision_desc": "", 
            "revision_name": "sums only", 
            "user": 1, 
            "users_allowed": []
        }, 
        "model": "transformation.transformation", 
        "pk": 4
    }, 
    {
        "fields": {
            "groups_allowed": [
                1
            ], 
            "revision_DateTime": "2000-01-01T00:00:00Z", 
            "revision_desc": "", 
            "revision_name": "sums and products", 
            "user": 1, 
            "users_allowed": []
        }, 
        "model": "transformation.transformation", 
        "pk": 5
    }, 
    {
        "fields": {
            "dataset": 2, 
            "end_time": "2000-01-01T00:00:11Z", 
            "execlog": 2, 
            "start_time": "2000-01-01T00:00:11Z", 
            "user": 1
        }, 
        "model": "datachecking.contentchecklog", 
        "pk": 1
    }, 
    {
        "fields": {
            "dataset": 3, 
            "end_time": "2000-01-01T00:00:24Z", 
            "execlog": 4, 
            "start_time": "2000-01-01T00:00:24Z", 
            "user": 1
        }, 
        "model": "datachecking.contentchecklog", 
        "pk": 2
    }, 
    {
        "fields": {
            "dataset": 1, 
            "end_time": "2000-01-01T00:00:01Z", 
            "execlog": null, 
            "read_failed": false, 
            "runcomponent": 3, 
            "start_time": "2000-01-01T00:00:01Z", 
            "user": 1
        }, 
        "model": "datachecking.integritychecklog", 
        "pk": 1
    }, 
    {
        "fields": {
            "dataset": 2, 
            "end_time": "2000-01-01T00:00:11Z", 
            "execlog": 2, 
            "read_failed": false, 
            "runcomponent": null, 
            "start_time": "2000-01-01T00:00:11Z", 
            "user": 1
        }, 
        "model": "datachecking.integritychecklog", 
        "pk": 2
    }, 
    {
        "fields": {
            "dataset": 3, 
            "end_time": "2000-01-01T00:00:24Z", 
            "execlog": 4, 
            "read_failed": false, 
            "runcomponent": null, 
            "start_time": "2000-01-01T00:00:24Z", 
            "user": 1
        }, 
        "model": "datachecking.integritychecklog", 
        "pk": 3
    }
]
