[
    {
        "fields": {
            "datatype": 8, 
            "rule": "^[ACGTacgt]*$", 
            "ruletype": "regexp"
        }, 
        "model": "metadata.basicconstraint", 
        "pk": 6
    }, 
    {
        "fields": {
            "datatype": 9, 
            "rule": "^[ACGUacgu]*$", 
            "ruletype": "regexp"
        }, 
        "model": "metadata.basicconstraint", 
        "pk": 7
    }, 
    {
        "fields": {
            "blankable": false, 
            "column_idx": 1, 
            "column_name": "label", 
            "compounddatatype": 5, 
            "datatype": 1
        }, 
        "model": "metadata.compounddatatypemember", 
        "pk": 7
    }, 
    {
        "fields": {
            "blankable": false, 
            "column_idx": 2, 
            "column_name": "integer", 
            "compounddatatype": 5, 
            "datatype": 4
        }, 
        "model": "metadata.compounddatatypemember", 
        "pk": 8
    }, 
    {
        "fields": {
            "blankable": false, 
            "column_idx": 3, 
            "column_name": "float", 
            "compounddatatype": 5, 
            "datatype": 3
        }, 
        "model": "metadata.compounddatatypemember", 
        "pk": 9
    }, 
    {
        "fields": {
            "blankable": false, 
            "column_idx": 4, 
            "column_name": "bool", 
            "compounddatatype": 5, 
            "datatype": 2
        }, 
        "model": "metadata.compounddatatypemember", 
        "pk": 10
    }, 
    {
        "fields": {
            "blankable": false, 
            "column_idx": 5, 
            "column_name": "rna", 
            "compounddatatype": 5, 
            "datatype": 9
        }, 
        "model": "metadata.compounddatatypemember", 
        "pk": 11
    }, 
    {
        "fields": {
            "blankable": false, 
            "column_idx": 1, 
            "column_name": "label", 
            "compounddatatype": 6, 
            "datatype": 1
        }, 
        "model": "metadata.compounddatatypemember", 
        "pk": 12
    }, 
    {
        "fields": {
            "blankable": false, 
            "column_idx": 1, 
            "column_name": "label", 
            "compounddatatype": 7, 
            "datatype": 1
        }, 
        "model": "metadata.compounddatatypemember", 
        "pk": 13
    }, 
    {
        "fields": {
            "blankable": false, 
            "column_idx": 2, 
            "column_name": "PBMCseq", 
            "compounddatatype": 7, 
            "datatype": 8
        }, 
        "model": "metadata.compounddatatypemember", 
        "pk": 14
    }, 
    {
        "fields": {
            "blankable": false, 
            "column_idx": 3, 
            "column_name": "PLAseq", 
            "compounddatatype": 7, 
            "datatype": 9
        }, 
        "model": "metadata.compounddatatypemember", 
        "pk": 15
    }, 
    {
        "fields": {
            "blankable": false, 
            "column_idx": 1, 
            "column_name": "SeqToComplement", 
            "compounddatatype": 8, 
            "datatype": 8
        }, 
        "model": "metadata.compounddatatypemember", 
        "pk": 16
    }, 
    {
        "fields": {
            "blankable": false, 
            "column_idx": 1, 
            "column_name": "ComplementedSeq", 
            "compounddatatype": 9, 
            "datatype": 8
        }, 
        "model": "metadata.compounddatatypemember", 
        "pk": 17
    }, 
    {
        "fields": {
            "blankable": false, 
            "column_idx": 1, 
            "column_name": "SeqToComplement", 
            "compounddatatype": 10, 
            "datatype": 9
        }, 
        "model": "metadata.compounddatatypemember", 
        "pk": 18
    }, 
    {
        "fields": {
            "blankable": false, 
            "column_idx": 1, 
            "column_name": "ComplementedSeq", 
            "compounddatatype": 11, 
            "datatype": 9
        }, 
        "model": "metadata.compounddatatypemember", 
        "pk": 19
    }, 
    {
        "fields": {
            "blankable": false, 
            "column_idx": 1, 
            "column_name": "x", 
            "compounddatatype": 12, 
            "datatype": 1
        }, 
        "model": "metadata.compounddatatypemember", 
        "pk": 20
    }, 
    {
        "fields": {
            "blankable": false, 
            "column_idx": 2, 
            "column_name": "y", 
            "compounddatatype": 12, 
            "datatype": 1
        }, 
        "model": "metadata.compounddatatypemember", 
        "pk": 21
    }, 
    {
        "fields": {
            "blankable": false, 
            "column_idx": 1, 
            "column_name": "k", 
            "compounddatatype": 13, 
            "datatype": 1
        }, 
        "model": "metadata.compounddatatypemember", 
        "pk": 22
    }, 
    {
        "fields": {
            "blankable": false, 
            "column_idx": 1, 
            "column_name": "a", 
            "compounddatatype": 14, 
            "datatype": 1
        }, 
        "model": "metadata.compounddatatypemember", 
        "pk": 23
    }, 
    {
        "fields": {
            "blankable": false, 
            "column_idx": 2, 
            "column_name": "b", 
            "compounddatatype": 14, 
            "datatype": 1
        }, 
        "model": "metadata.compounddatatypemember", 
        "pk": 24
    }, 
    {
        "fields": {
            "blankable": false, 
            "column_idx": 3, 
            "column_name": "c", 
            "compounddatatype": 14, 
            "datatype": 1
        }, 
        "model": "metadata.compounddatatypemember", 
        "pk": 25
    }, 
    {
        "fields": {
            "blankable": false, 
            "column_idx": 1, 
            "column_name": "a^2", 
            "compounddatatype": 15, 
            "datatype": 1
        }, 
        "model": "metadata.compounddatatypemember", 
        "pk": 26
    }, 
    {
        "fields": {
            "blankable": false, 
            "column_idx": 2, 
            "column_name": "b^2", 
            "compounddatatype": 15, 
            "datatype": 1
        }, 
        "model": "metadata.compounddatatypemember", 
        "pk": 27
    }, 
    {
        "fields": {
            "blankable": false, 
            "column_idx": 3, 
            "column_name": "c^2", 
            "compounddatatype": 15, 
            "datatype": 1
        }, 
        "model": "metadata.compounddatatypemember", 
        "pk": 28
    }, 
    {
        "fields": {
            "blankable": false, 
            "column_idx": 1, 
            "column_name": "StrCol1", 
            "compounddatatype": 16, 
            "datatype": 1
        }, 
        "model": "metadata.compounddatatypemember", 
        "pk": 29
    }, 
    {
        "fields": {
            "blankable": false, 
            "column_idx": 2, 
            "column_name": "DNACol2", 
            "compounddatatype": 16, 
            "datatype": 8
        }, 
        "model": "metadata.compounddatatypemember", 
        "pk": 30
    }, 
    {
        "fields": {
            "blankable": false, 
            "column_idx": 3, 
            "column_name": "StrCol3", 
            "compounddatatype": 16, 
            "datatype": 1
        }, 
        "model": "metadata.compounddatatypemember", 
        "pk": 31
    }, 
    {
        "fields": {
            "blankable": false, 
            "column_idx": 1, 
            "column_name": "a", 
            "compounddatatype": 17, 
            "datatype": 8
        }, 
        "model": "metadata.compounddatatypemember", 
        "pk": 32
    }, 
    {
        "fields": {
            "blankable": false, 
            "column_idx": 2, 
            "column_name": "b", 
            "compounddatatype": 17, 
            "datatype": 8
        }, 
        "model": "metadata.compounddatatypemember", 
        "pk": 33
    }, 
    {
        "fields": {
            "blankable": false, 
            "column_idx": 3, 
            "column_name": "c", 
            "compounddatatype": 17, 
            "datatype": 8
        }, 
        "model": "metadata.compounddatatypemember", 
        "pk": 34
    }, 
    {
        "fields": {
            "blankable": false, 
            "column_idx": 1, 
            "column_name": "x", 
            "compounddatatype": 18, 
            "datatype": 8
        }, 
        "model": "metadata.compounddatatypemember", 
        "pk": 35
    }, 
    {
        "fields": {
            "blankable": false, 
            "column_idx": 2, 
            "column_name": "y", 
            "compounddatatype": 18, 
            "datatype": 8
        }, 
        "model": "metadata.compounddatatypemember", 
        "pk": 36
    }, 
    {
        "fields": {
            "blankable": false, 
            "column_idx": 1, 
            "column_name": "word", 
            "compounddatatype": 19, 
            "datatype": 10
        }, 
        "model": "metadata.compounddatatypemember", 
        "pk": 37
    }, 
    {
        "fields": {
            "dataset": 18, 
            "index": 1, 
            "run": 1
        }, 
        "model": "archive.runinput", 
        "pk": 1
    }, 
    {
        "fields": {
            "dataset": 18, 
            "index": 1, 
            "run": 2
        }, 
        "model": "archive.runinput", 
        "pk": 2
    }, 
    {
        "fields": {
            "_redacted": null, 
            "_runcomponentstate": 3, 
            "end_time": "2000-01-01T00:00:41Z", 
            "execrecord": 2, 
            "reused": false, 
            "start_time": "2000-01-01T00:00:39Z"
        }, 
        "model": "archive.runcomponent", 
        "pk": 1
    }, 
    {
        "fields": {
            "_redacted": null, 
            "_runcomponentstate": 3, 
            "end_time": "2000-01-01T00:00:43Z", 
            "execrecord": 4, 
            "reused": false, 
            "start_time": "2000-01-01T00:00:41Z"
        }, 
        "model": "archive.runcomponent", 
        "pk": 2
    }, 
    {
        "fields": {
            "_redacted": null, 
            "_runcomponentstate": 3, 
            "end_time": "2000-01-01T00:00:40Z", 
            "execrecord": 1, 
            "reused": false, 
            "start_time": "2000-01-01T00:00:39Z"
        }, 
        "model": "archive.runcomponent", 
        "pk": 3
    }, 
    {
        "fields": {
            "_redacted": null, 
            "_runcomponentstate": 3, 
            "end_time": "2000-01-01T00:00:42Z", 
            "execrecord": 3, 
            "reused": false, 
            "start_time": "2000-01-01T00:00:41Z"
        }, 
        "model": "archive.runcomponent", 
        "pk": 4
    }, 
    {
        "fields": {
            "_redacted": null, 
            "_runcomponentstate": 3, 
            "end_time": "2000-01-01T00:00:43Z", 
            "execrecord": 5, 
            "reused": false, 
            "start_time": "2000-01-01T00:00:43Z"
        }, 
        "model": "archive.runcomponent", 
        "pk": 5
    }, 
    {
        "fields": {
            "_redacted": null, 
            "_runcomponentstate": 3, 
            "end_time": "2000-01-01T00:01:14Z", 
            "execrecord": 2, 
            "reused": true, 
            "start_time": "2000-01-01T00:01:14Z"
        }, 
        "model": "archive.runcomponent", 
        "pk": 6
    }, 
    {
        "fields": {
            "_redacted": null, 
            "_runcomponentstate": 3, 
            "end_time": "2000-01-01T00:01:17Z", 
            "execrecord": 6, 
            "reused": false, 
            "start_time": "2000-01-01T00:01:14Z"
        }, 
        "model": "archive.runcomponent", 
        "pk": 7
    }, 
    {
        "fields": {
            "_redacted": null, 
            "_runcomponentstate": 3, 
            "end_time": "2000-01-01T00:01:14Z", 
            "execrecord": 1, 
            "reused": true, 
            "start_time": "2000-01-01T00:01:14Z"
        }, 
        "model": "archive.runcomponent", 
        "pk": 8
    }, 
    {
        "fields": {
            "_redacted": null, 
            "_runcomponentstate": 3, 
            "end_time": "2000-01-01T00:01:16Z", 
            "execrecord": 3, 
            "reused": false, 
            "start_time": "2000-01-01T00:01:14Z"
        }, 
        "model": "archive.runcomponent", 
        "pk": 9
    }, 
    {
        "fields": {
            "_redacted": null, 
            "_runcomponentstate": 3, 
            "end_time": "2000-01-01T00:01:18Z", 
            "execrecord": 7, 
            "reused": false, 
            "start_time": "2000-01-01T00:01:17Z"
        }, 
        "model": "archive.runcomponent", 
        "pk": 10
    }, 
    {
        "fields": {
            "pipelinestep": 5, 
            "run": 1
        }, 
        "model": "archive.runstep", 
        "pk": 1
    }, 
    {
        "fields": {
            "pipelinestep": 6, 
            "run": 1
        }, 
        "model": "archive.runstep", 
        "pk": 2
    }, 
    {
        "fields": {
            "pipelinestep": 7, 
            "run": 2
        }, 
        "model": "archive.runstep", 
        "pk": 6
    }, 
    {
        "fields": {
            "pipelinestep": 8, 
            "run": 2
        }, 
        "model": "archive.runstep", 
        "pk": 7
    }, 
    {
        "fields": {
            "PSIC": 12, 
            "dest_runstep": 1
        }, 
        "model": "archive.runsic", 
        "pk": 3
    }, 
    {
        "fields": {
            "PSIC": 13, 
            "dest_runstep": 2
        }, 
        "model": "archive.runsic", 
        "pk": 4
    }, 
    {
        "fields": {
            "PSIC": 15, 
            "dest_runstep": 6
        }, 
        "model": "archive.runsic", 
        "pk": 8
    }, 
    {
        "fields": {
            "PSIC": 16, 
            "dest_runstep": 7
        }, 
        "model": "archive.runsic", 
        "pk": 9
    }, 
    {
        "fields": {
            "pipelineoutputcable": 14, 
            "run": 1
        }, 
        "model": "archive.runoutputcable", 
        "pk": 5
    }, 
    {
        "fields": {
            "pipelineoutputcable": 17, 
            "run": 2
        }, 
        "model": "archive.runoutputcable", 
        "pk": 10
    }, 
    {
        "fields": {
            "end_time": "2000-01-01T00:00:39Z", 
            "invoking_record": 3, 
            "record": 3, 
            "start_time": "2000-01-01T00:00:39Z"
        }, 
        "model": "archive.execlog", 
        "pk": 1
    }, 
    {
        "fields": {
            "end_time": "2000-01-01T00:00:40Z", 
            "invoking_record": 1, 
            "record": 1, 
            "start_time": "2000-01-01T00:00:40Z"
        }, 
        "model": "archive.execlog", 
        "pk": 2
    }, 
    {
        "fields": {
            "end_time": "2000-01-01T00:00:41Z", 
            "invoking_record": 4, 
            "record": 4, 
            "start_time": "2000-01-01T00:00:41Z"
        }, 
        "model": "archive.execlog", 
        "pk": 3
    }, 
    {
        "fields": {
            "end_time": "2000-01-01T00:00:42Z", 
            "invoking_record": 2, 
            "record": 2, 
            "start_time": "2000-01-01T00:00:42Z"
        }, 
        "model": "archive.execlog", 
        "pk": 4
    }, 
    {
        "fields": {
            "end_time": "2000-01-01T00:00:43Z", 
            "invoking_record": 5, 
            "record": 5, 
            "start_time": "2000-01-01T00:00:43Z"
        }, 
        "model": "archive.execlog", 
        "pk": 5
    }, 
    {
        "fields": {
            "end_time": "2000-01-01T00:01:15Z", 
            "invoking_record": 7, 
            "record": 8, 
            "start_time": "2000-01-01T00:01:15Z"
        }, 
        "model": "archive.execlog", 
        "pk": 6
    }, 
    {
        "fields": {
            "end_time": "2000-01-01T00:01:15Z", 
            "invoking_record": 7, 
            "record": 6, 
            "start_time": "2000-01-01T00:01:15Z"
        }, 
        "model": "archive.execlog", 
        "pk": 7
    }, 
    {
        "fields": {
            "end_time": "2000-01-01T00:01:16Z", 
            "invoking_record": 9, 
            "record": 9, 
            "start_time": "2000-01-01T00:01:16Z"
        }, 
        "model": "archive.execlog", 
        "pk": 8
    }, 
    {
        "fields": {
            "end_time": "2000-01-01T00:01:16Z", 
            "invoking_record": 7, 
            "record": 7, 
            "start_time": "2000-01-01T00:01:16Z"
        }, 
        "model": "archive.execlog", 
        "pk": 9
    }, 
    {
        "fields": {
            "end_time": "2000-01-01T00:01:18Z", 
            "invoking_record": 10, 
            "record": 10, 
            "start_time": "2000-01-01T00:01:18Z"
        }, 
        "model": "archive.execlog", 
        "pk": 10
    }, 
    {
        "fields": {
            "are_checksums_OK": true, 
            "code_redacted": false, 
            "error_log": "Logs/step1_stderr.txt", 
            "error_redacted": false, 
            "execlog": 2, 
            "output_log": "Logs/step1_stdout.txt", 
            "output_redacted": false, 
            "return_code": 0
        }, 
        "model": "archive.methodoutput", 
        "pk": 1
    }, 
    {
        "fields": {
            "are_checksums_OK": true, 
            "code_redacted": false, 
            "error_log": "Logs/step2_stderr.txt", 
            "error_redacted": false, 
            "execlog": 4, 
            "output_log": "Logs/step2_stdout.txt", 
            "output_redacted": false, 
            "return_code": 0
        }, 
        "model": "archive.methodoutput", 
        "pk": 2
    }, 
    {
        "fields": {
            "are_checksums_OK": true, 
            "code_redacted": false, 
            "error_log": "Logs/step1_stderr_k8Kfg2a.txt", 
            "error_redacted": false, 
            "execlog": 7, 
            "output_log": "Logs/step1_stdout_uRkQpiA.txt", 
            "output_redacted": false, 
            "return_code": 0
        }, 
        "model": "archive.methodoutput", 
        "pk": 3
    }, 
    {
        "fields": {
            "are_checksums_OK": true, 
            "code_redacted": false, 
            "error_log": "Logs/step2_stderr_PehyF9t.txt", 
            "error_redacted": false, 
            "execlog": 9, 
            "output_log": "Logs/step2_stdout_ErYAXhU.txt", 
            "output_redacted": false, 
            "return_code": 0
        }, 
        "model": "archive.methodoutput", 
        "pk": 4
    }, 
    {
        "fields": {
            "compounddatatype": 14, 
            "dataset": 1, 
            "num_rows": 10
        }, 
        "model": "librarian.datasetstructure", 
        "pk": 1
    }, 
    {
        "fields": {
            "compounddatatype": 12, 
            "dataset": 2, 
            "num_rows": 3
        }, 
        "model": "librarian.datasetstructure", 
        "pk": 2
    }, 
    {
        "fields": {
            "compounddatatype": 13, 
            "dataset": 3, 
            "num_rows": 13
        }, 
        "model": "librarian.datasetstructure", 
        "pk": 3
    }, 
    {
        "fields": {
            "compounddatatype": 13, 
            "dataset": 4, 
            "num_rows": 3
        }, 
        "model": "librarian.datasetstructure", 
        "pk": 4
    }, 
    {
        "fields": {
            "compounddatatype": 12, 
            "dataset": 6, 
            "num_rows": 10
        }, 
        "model": "librarian.datasetstructure", 
        "pk": 5
    }, 
    {
        "fields": {
            "compounddatatype": 14, 
            "dataset": 7, 
            "num_rows": 3
        }, 
        "model": "librarian.datasetstructure", 
        "pk": 6
    }, 
    {
        "fields": {
            "compounddatatype": 12, 
            "dataset": 8, 
            "num_rows": 3
        }, 
        "model": "librarian.datasetstructure", 
        "pk": 7
    }, 
    {
        "fields": {
            "compounddatatype": 12, 
            "dataset": 9, 
            "num_rows": 3
        }, 
        "model": "librarian.datasetstructure", 
        "pk": 8
    }, 
    {
        "fields": {
            "compounddatatype": 13, 
            "dataset": 10, 
            "num_rows": 3
        }, 
        "model": "librarian.datasetstructure", 
        "pk": 9
    }, 
    {
        "fields": {
            "compounddatatype": 14, 
            "dataset": 13, 
            "num_rows": 3
        }, 
        "model": "librarian.datasetstructure", 
        "pk": 10
    }, 
    {
        "fields": {
            "compounddatatype": 12, 
            "dataset": 14, 
            "num_rows": 3
        }, 
        "model": "librarian.datasetstructure", 
        "pk": 11
    }, 
    {
        "fields": {
            "compounddatatype": 17, 
            "dataset": 15, 
            "num_rows": 3
        }, 
        "model": "librarian.datasetstructure", 
        "pk": 12
    }, 
    {
        "fields": {
            "compounddatatype": 18, 
            "dataset": 16, 
            "num_rows": 3
        }, 
        "model": "librarian.datasetstructure", 
        "pk": 13
    }, 
    {
        "fields": {
            "compounddatatype": 18, 
            "dataset": 17, 
            "num_rows": 3
        }, 
        "model": "librarian.datasetstructure", 
        "pk": 14
    }, 
    {
        "fields": {
            "compounddatatype": 19, 
            "dataset": 18, 
            "num_rows": 1
        }, 
        "model": "librarian.datasetstructure", 
        "pk": 15
    }, 
    {
        "fields": {
            "compounddatatype": 19, 
            "dataset": 19, 
            "num_rows": 1
        }, 
        "model": "librarian.datasetstructure", 
        "pk": 16
    }, 
    {
        "fields": {
            "compounddatatype": 19, 
            "dataset": 20, 
            "num_rows": 1
        }, 
        "model": "librarian.datasetstructure", 
        "pk": 17
    }, 
    {
        "fields": {
            "compounddatatype": 19, 
            "dataset": 21, 
            "num_rows": 1
        }, 
        "model": "librarian.datasetstructure", 
        "pk": 18
    }, 
    {
        "fields": {
            "generator": 1
        }, 
        "model": "librarian.execrecord", 
        "pk": 1
    }, 
    {
        "fields": {
            "generator": 2
        }, 
        "model": "librarian.execrecord", 
        "pk": 2
    }, 
    {
        "fields": {
            "generator": 3
        }, 
        "model": "librarian.execrecord", 
        "pk": 3
    }, 
    {
        "fields": {
            "generator": 4
        }, 
        "model": "librarian.execrecord", 
        "pk": 4
    }, 
    {
        "fields": {
            "generator": 5
        }, 
        "model": "librarian.execrecord", 
        "pk": 5
    }, 
    {
        "fields": {
            "generator": 9
        }, 
        "model": "librarian.execrecord", 
        "pk": 6
    }, 
    {
        "fields": {
            "generator": 10
        }, 
        "model": "librarian.execrecord", 
        "pk": 7
    }, 
    {
        "fields": {
            "dataset": 18, 
            "execrecord": 1, 
            "generic_input": 26
        }, 
        "model": "librarian.execrecordin", 
        "pk": 1
    }, 
    {
        "fields": {
            "dataset": 18, 
            "execrecord": 2, 
            "generic_input": 20
        }, 
        "model": "librarian.execrecordin", 
        "pk": 2
    }, 
    {
        "fields": {
            "dataset": 19, 
            "execrecord": 3, 
            "generic_input": 21
        }, 
        "model": "librarian.execrecordin", 
        "pk": 3
    }, 
    {
        "fields": {
            "dataset": 19, 
            "execrecord": 4, 
            "generic_input": 20
        }, 
        "model": "librarian.execrecordin", 
        "pk": 4
    }, 
    {
        "fields": {
            "dataset": 20, 
            "execrecord": 5, 
            "generic_input": 21
        }, 
        "model": "librarian.execrecordin", 
        "pk": 5
    }, 
    {
        "fields": {
            "dataset": 19, 
            "execrecord": 6, 
            "generic_input": 22
        }, 
        "model": "librarian.execrecordin", 
        "pk": 6
    }, 
    {
        "fields": {
            "dataset": 21, 
            "execrecord": 7, 
            "generic_input": 23
        }, 
        "model": "librarian.execrecordin", 
        "pk": 7
    }, 
    {
        "fields": {
            "dataset": 18, 
            "execrecord": 1, 
            "generic_output": 20
        }, 
        "model": "librarian.execrecordout", 
        "pk": 1
    }, 
    {
        "fields": {
            "dataset": 19, 
            "execrecord": 2, 
            "generic_output": 21
        }, 
        "model": "librarian.execrecordout", 
        "pk": 2
    }, 
    {
        "fields": {
            "dataset": 19, 
            "execrecord": 3, 
            "generic_output": 20
        }, 
        "model": "librarian.execrecordout", 
        "pk": 3
    }, 
    {
        "fields": {
            "dataset": 20, 
            "execrecord": 4, 
            "generic_output": 21
        }, 
        "model": "librarian.execrecordout", 
        "pk": 4
    }, 
    {
        "fields": {
            "dataset": 20, 
            "execrecord": 5, 
            "generic_output": 28
        }, 
        "model": "librarian.execrecordout", 
        "pk": 5
    }, 
    {
        "fields": {
            "dataset": 21, 
            "execrecord": 6, 
            "generic_output": 23
        }, 
        "model": "librarian.execrecordout", 
        "pk": 6
    }, 
    {
        "fields": {
            "dataset": 21, 
            "execrecord": 7, 
            "generic_output": 31
        }, 
        "model": "librarian.execrecordout", 
        "pk": 7
    }, 
    {
        "fields": {
            "fill_colour": "", 
            "name": "", 
            "outputs_to_delete": [], 
            "pipeline": 4, 
            "step_num": 1, 
            "transformation": 2, 
            "x": 0.0, 
            "y": 0.0
        }, 
        "model": "pipeline.pipelinestep", 
        "pk": 1
    }, 
    {
        "fields": {
            "fill_colour": "", 
            "name": "", 
            "outputs_to_delete": [], 
            "pipeline": 5, 
            "step_num": 1, 
            "transformation": 1, 
            "x": 0.0, 
            "y": 0.0
        }, 
        "model": "pipeline.pipelinestep", 
        "pk": 2
    }, 
    {
        "fields": {
            "fill_colour": "", 
            "name": "", 
            "outputs_to_delete": [], 
            "pipeline": 5, 
            "step_num": 2, 
            "transformation": 4, 
            "x": 0.0, 
            "y": 0.0
        }, 
        "model": "pipeline.pipelinestep", 
        "pk": 3
    }, 
    {
        "fields": {
            "fill_colour": "", 
            "name": "", 
            "outputs_to_delete": [], 
            "pipeline": 5, 
            "step_num": 3, 
            "transformation": 3, 
            "x": 0.0, 
            "y": 0.0
        }, 
        "model": "pipeline.pipelinestep", 
        "pk": 4
    }, 
    {
        "fields": {
            "fill_colour": "", 
            "name": "", 
            "outputs_to_delete": [
                21
            ], 
            "pipeline": 9, 
            "step_num": 1, 
            "transformation": 6, 
            "x": 0.0, 
            "y": 0.0
        }, 
        "model": "pipeline.pipelinestep", 
        "pk": 5
    }, 
    {
        "fields": {
            "fill_colour": "", 
            "name": "", 
            "outputs_to_delete": [], 
            "pipeline": 9, 
            "step_num": 2, 
            "transformation": 6, 
            "x": 0.0, 
            "y": 0.0
        }, 
        "model": "pipeline.pipelinestep", 
        "pk": 6
    }, 
    {
        "fields": {
            "fill_colour": "", 
            "name": "", 
            "outputs_to_delete": [
                21
            ], 
            "pipeline": 10, 
            "step_num": 1, 
            "transformation": 6, 
            "x": 0.0, 
            "y": 0.0
        }, 
        "model": "pipeline.pipelinestep", 
        "pk": 7
    }, 
    {
        "fields": {
            "fill_colour": "", 
            "name": "", 
            "outputs_to_delete": [], 
            "pipeline": 10, 
            "step_num": 2, 
            "transformation": 7, 
            "x": 0.0, 
            "y": 0.0
        }, 
        "model": "pipeline.pipelinestep", 
        "pk": 8
    }, 
    {
        "fields": {}, 
        "model": "pipeline.pipelinecable", 
        "pk": 1
    }, 
    {
        "fields": {}, 
        "model": "pipeline.pipelinecable", 
        "pk": 2
    }, 
    {
        "fields": {}, 
        "model": "pipeline.pipelinecable", 
        "pk": 3
    }, 
    {
        "fields": {}, 
        "model": "pipeline.pipelinecable", 
        "pk": 4
    }, 
    {
        "fields": {}, 
        "model": "pipeline.pipelinecable", 
        "pk": 5
    }, 
    {
        "fields": {}, 
        "model": "pipeline.pipelinecable", 
        "pk": 6
    }, 
    {
        "fields": {}, 
        "model": "pipeline.pipelinecable", 
        "pk": 7
    }, 
    {
        "fields": {}, 
        "model": "pipeline.pipelinecable", 
        "pk": 8
    }, 
    {
        "fields": {}, 
        "model": "pipeline.pipelinecable", 
        "pk": 9
    }, 
    {
        "fields": {}, 
        "model": "pipeline.pipelinecable", 
        "pk": 10
    }, 
    {
        "fields": {}, 
        "model": "pipeline.pipelinecable", 
        "pk": 11
    }, 
    {
        "fields": {}, 
        "model": "pipeline.pipelinecable", 
        "pk": 12
    }, 
    {
        "fields": {}, 
        "model": "pipeline.pipelinecable", 
        "pk": 13
    }, 
    {
        "fields": {}, 
        "model": "pipeline.pipelinecable", 
        "pk": 14
    }, 
    {
        "fields": {}, 
        "model": "pipeline.pipelinecable", 
        "pk": 15
    }, 
    {
        "fields": {}, 
        "model": "pipeline.pipelinecable", 
        "pk": 16
    }, 
    {
        "fields": {}, 
        "model": "pipeline.pipelinecable", 
        "pk": 17
    }, 
    {
        "fields": {
            "dest": 3, 
            "keep_output": false, 
            "pipelinestep": 1, 
            "source": 11, 
            "source_step": 0
        }, 
        "model": "pipeline.pipelinestepinputcable", 
        "pk": 1
    }, 
    {
        "fields": {
            "dest": 4, 
            "keep_output": false, 
            "pipelinestep": 1, 
            "source": 12, 
            "source_step": 0
        }, 
        "model": "pipeline.pipelinestepinputcable", 
        "pk": 2
    }, 
    {
        "fields": {
            "dest": 1, 
            "keep_output": false, 
            "pipelinestep": 2, 
            "source": 15, 
            "source_step": 0
        }, 
        "model": "pipeline.pipelinestepinputcable", 
        "pk": 4
    }, 
    {
        "fields": {
            "dest": 11, 
            "keep_output": false, 
            "pipelinestep": 3, 
            "source": 13, 
            "source_step": 0
        }, 
        "model": "pipeline.pipelinestepinputcable", 
        "pk": 5
    }, 
    {
        "fields": {
            "dest": 12, 
            "keep_output": false, 
            "pipelinestep": 3, 
            "source": 14, 
            "source_step": 0
        }, 
        "model": "pipeline.pipelinestepinputcable", 
        "pk": 6
    }, 
    {
        "fields": {
            "dest": 7, 
            "keep_output": false, 
            "pipelinestep": 4, 
            "source": 2, 
            "source_step": 1
        }, 
        "model": "pipeline.pipelinestepinputcable", 
        "pk": 7
    }, 
    {
        "fields": {
            "dest": 6, 
            "keep_output": false, 
            "pipelinestep": 4, 
            "source": 16, 
            "source_step": 2
        }, 
        "model": "pipeline.pipelinestepinputcable", 
        "pk": 8
    }, 
    {
        "fields": {
            "dest": 20, 
            "keep_output": false, 
            "pipelinestep": 5, 
            "source": 26, 
            "source_step": 0
        }, 
        "model": "pipeline.pipelinestepinputcable", 
        "pk": 12
    }, 
    {
        "fields": {
            "dest": 20, 
            "keep_output": false, 
            "pipelinestep": 6, 
            "source": 21, 
            "source_step": 1
        }, 
        "model": "pipeline.pipelinestepinputcable", 
        "pk": 13
    }, 
    {
        "fields": {
            "dest": 20, 
            "keep_output": false, 
            "pipelinestep": 7, 
            "source": 29, 
            "source_step": 0
        }, 
        "model": "pipeline.pipelinestepinputcable", 
        "pk": 15
    }, 
    {
        "fields": {
            "dest": 22, 
            "keep_output": false, 
            "pipelinestep": 8, 
            "source": 21, 
            "source_step": 1
        }, 
        "model": "pipeline.pipelinestepinputcable", 
        "pk": 16
    }, 
    {
        "fields": {
            "cable": 5, 
            "dest_pin": 21, 
            "source_pin": 23
        }, 
        "model": "pipeline.customcablewire", 
        "pk": 1
    }, 
    {
        "fields": {
            "cable": 5, 
            "dest_pin": 20, 
            "source_pin": 25
        }, 
        "model": "pipeline.customcablewire", 
        "pk": 2
    }, 
    {
        "fields": {
            "cable": 7, 
            "dest_pin": 21, 
            "source_pin": 20
        }, 
        "model": "pipeline.customcablewire", 
        "pk": 3
    }, 
    {
        "fields": {
            "cable": 7, 
            "dest_pin": 20, 
            "source_pin": 21
        }, 
        "model": "pipeline.customcablewire", 
        "pk": 4
    }, 
    {
        "fields": {
            "cable": 9, 
            "dest_pin": 21, 
            "source_pin": 24
        }, 
        "model": "pipeline.customcablewire", 
        "pk": 5
    }, 
    {
        "fields": {
            "cable": 9, 
            "dest_pin": 20, 
            "source_pin": 25
        }, 
        "model": "pipeline.customcablewire", 
        "pk": 6
    }, 
    {
        "fields": {
            "output_cdt": 14, 
            "output_idx": 1, 
            "output_name": "D1_out", 
            "pipeline": 4, 
            "source": 5, 
            "source_step": 1
        }, 
        "model": "pipeline.pipelineoutputcable", 
        "pk": 3
    }, 
    {
        "fields": {
            "output_cdt": 12, 
            "output_idx": 1, 
            "output_name": "E1_out", 
            "pipeline": 5, 
            "source": 16, 
            "source_step": 2
        }, 
        "model": "pipeline.pipelineoutputcable", 
        "pk": 9
    }, 
    {
        "fields": {
            "output_cdt": 13, 
            "output_idx": 2, 
            "output_name": "E2_out", 
            "pipeline": 5, 
            "source": 8, 
            "source_step": 3
        }, 
        "model": "pipeline.pipelineoutputcable", 
        "pk": 10
    }, 
    {
        "fields": {
            "output_cdt": null, 
            "output_idx": 3, 
            "output_name": "E3_rawout", 
            "pipeline": 5, 
            "source": 10, 
            "source_step": 3
        }, 
        "model": "pipeline.pipelineoutputcable", 
        "pk": 11
    }, 
    {
        "fields": {
            "output_cdt": 19, 
            "output_idx": 1, 
            "output_name": "p_one_out", 
            "pipeline": 9, 
            "source": 21, 
            "source_step": 2
        }, 
        "model": "pipeline.pipelineoutputcable", 
        "pk": 14
    }, 
    {
        "fields": {
            "output_cdt": 19, 
            "output_idx": 1, 
            "output_name": "p_two_out", 
            "pipeline": 10, 
            "source": 23, 
            "source_step": 2
        }, 
        "model": "pipeline.pipelineoutputcable", 
        "pk": 17
    }, 
    {
        "fields": {
            "x": 0.0, 
            "y": 0.0
        }, 
        "model": "transformation.transformationxput", 
        "pk": 1
    }, 
    {
        "fields": {
            "x": 0.0, 
            "y": 0.0
        }, 
        "model": "transformation.transformationxput", 
        "pk": 2
    }, 
    {
        "fields": {
            "x": 0.0, 
            "y": 0.0
        }, 
        "model": "transformation.transformationxput", 
        "pk": 3
    }, 
    {
        "fields": {
            "x": 0.0, 
            "y": 0.0
        }, 
        "model": "transformation.transformationxput", 
        "pk": 4
    }, 
    {
        "fields": {
            "x": 0.0, 
            "y": 0.0
        }, 
        "model": "transformation.transformationxput", 
        "pk": 5
    }, 
    {
        "fields": {
            "x": 0.0, 
            "y": 0.0
        }, 
        "model": "transformation.transformationxput", 
        "pk": 6
    }, 
    {
        "fields": {
            "x": 0.0, 
            "y": 0.0
        }, 
        "model": "transformation.transformationxput", 
        "pk": 7
    }, 
    {
        "fields": {
            "x": 0.0, 
            "y": 0.0
        }, 
        "model": "transformation.transformationxput", 
        "pk": 8
    }, 
    {
        "fields": {
            "x": 0.0, 
            "y": 0.0
        }, 
        "model": "transformation.transformationxput", 
        "pk": 9
    }, 
    {
        "fields": {
            "x": 0.0, 
            "y": 0.0
        }, 
        "model": "transformation.transformationxput", 
        "pk": 10
    }, 
    {
        "fields": {
            "x": 0.0, 
            "y": 0.0
        }, 
        "model": "transformation.transformationxput", 
        "pk": 11
    }, 
    {
        "fields": {
            "x": 0.0, 
            "y": 0.0
        }, 
        "model": "transformation.transformationxput", 
        "pk": 12
    }, 
    {
        "fields": {
            "x": 0.0, 
            "y": 0.0
        }, 
        "model": "transformation.transformationxput", 
        "pk": 13
    }, 
    {
        "fields": {
            "x": 0.0, 
            "y": 0.0
        }, 
        "model": "transformation.transformationxput", 
        "pk": 14
    }, 
    {
        "fields": {
            "x": 0.0, 
            "y": 0.0
        }, 
        "model": "transformation.transformationxput", 
        "pk": 15
    }, 
    {
        "fields": {
            "x": 0.0, 
            "y": 0.0
        }, 
        "model": "transformation.transformationxput", 
        "pk": 16
    }, 
    {
        "fields": {
            "x": 0.0, 
            "y": 0.0
        }, 
        "model": "transformation.transformationxput", 
        "pk": 17
    }, 
    {
        "fields": {
            "x": 0.0, 
            "y": 0.0
        }, 
        "model": "transformation.transformationxput", 
        "pk": 18
    }, 
    {
        "fields": {
            "x": 0.0, 
            "y": 0.0
        }, 
        "model": "transformation.transformationxput", 
        "pk": 19
    }, 
    {
        "fields": {
            "x": 0.0, 
            "y": 0.0
        }, 
        "model": "transformation.transformationxput", 
        "pk": 20
    }, 
    {
        "fields": {
            "x": 0.0, 
            "y": 0.0
        }, 
        "model": "transformation.transformationxput", 
        "pk": 21
    }, 
    {
        "fields": {
            "x": 0.0, 
            "y": 0.0
        }, 
        "model": "transformation.transformationxput", 
        "pk": 22
    }, 
    {
        "fields": {
            "x": 0.0, 
            "y": 0.0
        }, 
        "model": "transformation.transformationxput", 
        "pk": 23
    }, 
    {
        "fields": {
            "x": 0.0, 
            "y": 0.0
        }, 
        "model": "transformation.transformationxput", 
        "pk": 24
    }, 
    {
        "fields": {
            "x": 0.0, 
            "y": 0.0
        }, 
        "model": "transformation.transformationxput", 
        "pk": 25
    }, 
    {
        "fields": {
            "x": 0.0, 
            "y": 0.0
        }, 
        "model": "transformation.transformationxput", 
        "pk": 26
    }, 
    {
        "fields": {
            "x": 0.0, 
            "y": 0.0
        }, 
        "model": "transformation.transformationxput", 
        "pk": 28
    }, 
    {
        "fields": {
            "x": 0.0, 
            "y": 0.0
        }, 
        "model": "transformation.transformationxput", 
        "pk": 29
    }, 
    {
        "fields": {
            "x": 0.0, 
            "y": 0.0
        }, 
        "model": "transformation.transformationxput", 
        "pk": 31
    }, 
    {
        "fields": {
            "compounddatatype": 12, 
            "max_row": null, 
            "min_row": null, 
            "transf_xput": 2
        }, 
        "model": "transformation.xputstructure", 
        "pk": 1
    }, 
    {
        "fields": {
            "compounddatatype": 12, 
            "max_row": null, 
            "min_row": null, 
            "transf_xput": 3
        }, 
        "model": "transformation.xputstructure", 
        "pk": 2
    }, 
    {
        "fields": {
            "compounddatatype": 13, 
            "max_row": null, 
            "min_row": null, 
            "transf_xput": 4
        }, 
        "model": "transformation.xputstructure", 
        "pk": 3
    }, 
    {
        "fields": {
            "compounddatatype": 14, 
            "max_row": 5, 
            "min_row": null, 
            "transf_xput": 5
        }, 
        "model": "transformation.xputstructure", 
        "pk": 4
    }, 
    {
        "fields": {
            "compounddatatype": 14, 
            "max_row": null, 
            "min_row": null, 
            "transf_xput": 6
        }, 
        "model": "transformation.xputstructure", 
        "pk": 5
    }, 
    {
        "fields": {
            "compounddatatype": 12, 
            "max_row": null, 
            "min_row": null, 
            "transf_xput": 7
        }, 
        "model": "transformation.xputstructure", 
        "pk": 6
    }, 
    {
        "fields": {
            "compounddatatype": 13, 
            "max_row": null, 
            "min_row": null, 
            "transf_xput": 8
        }, 
        "model": "transformation.xputstructure", 
        "pk": 7
    }, 
    {
        "fields": {
            "compounddatatype": 12, 
            "max_row": null, 
            "min_row": null, 
            "transf_xput": 11
        }, 
        "model": "transformation.xputstructure", 
        "pk": 8
    }, 
    {
        "fields": {
            "compounddatatype": 13, 
            "max_row": null, 
            "min_row": null, 
            "transf_xput": 12
        }, 
        "model": "transformation.xputstructure", 
        "pk": 9
    }, 
    {
        "fields": {
            "compounddatatype": 14, 
            "max_row": null, 
            "min_row": null, 
            "transf_xput": 13
        }, 
        "model": "transformation.xputstructure", 
        "pk": 10
    }, 
    {
        "fields": {
            "compounddatatype": 13, 
            "max_row": null, 
            "min_row": 10, 
            "transf_xput": 14
        }, 
        "model": "transformation.xputstructure", 
        "pk": 11
    }, 
    {
        "fields": {
            "compounddatatype": 14, 
            "max_row": 5, 
            "min_row": null, 
            "transf_xput": 16
        }, 
        "model": "transformation.xputstructure", 
        "pk": 12
    }, 
    {
        "fields": {
            "compounddatatype": 13, 
            "max_row": null, 
            "min_row": null, 
            "transf_xput": 18
        }, 
        "model": "transformation.xputstructure", 
        "pk": 13
    }, 
    {
        "fields": {
            "compounddatatype": 12, 
            "max_row": 5, 
            "min_row": null, 
            "transf_xput": 19
        }, 
        "model": "transformation.xputstructure", 
        "pk": 14
    }, 
    {
        "fields": {
            "compounddatatype": 19, 
            "max_row": null, 
            "min_row": null, 
            "transf_xput": 20
        }, 
        "model": "transformation.xputstructure", 
        "pk": 15
    }, 
    {
        "fields": {
            "compounddatatype": 19, 
            "max_row": null, 
            "min_row": null, 
            "transf_xput": 21
        }, 
        "model": "transformation.xputstructure", 
        "pk": 16
    }, 
    {
        "fields": {
            "compounddatatype": 19, 
            "max_row": null, 
            "min_row": null, 
            "transf_xput": 22
        }, 
        "model": "transformation.xputstructure", 
        "pk": 17
    }, 
    {
        "fields": {
            "compounddatatype": 19, 
            "max_row": null, 
            "min_row": null, 
            "transf_xput": 23
        }, 
        "model": "transformation.xputstructure", 
        "pk": 18
    }, 
    {
        "fields": {
            "compounddatatype": 19, 
            "max_row": null, 
            "min_row": null, 
            "transf_xput": 26
        }, 
        "model": "transformation.xputstructure", 
        "pk": 19
    }, 
    {
        "fields": {
            "compounddatatype": 19, 
            "max_row": null, 
            "min_row": null, 
            "transf_xput": 28
        }, 
        "model": "transformation.xputstructure", 
        "pk": 21
    }, 
    {
        "fields": {
            "compounddatatype": 19, 
            "max_row": null, 
            "min_row": null, 
            "transf_xput": 29
        }, 
        "model": "transformation.xputstructure", 
        "pk": 22
    }, 
    {
        "fields": {
            "compounddatatype": 19, 
            "max_row": null, 
            "min_row": null, 
            "transf_xput": 31
        }, 
        "model": "transformation.xputstructure", 
        "pk": 24
    }, 
    {
        "fields": {
            "dataset_idx": 1, 
            "dataset_name": "A1_rawin", 
            "transformation": 1
        }, 
        "model": "transformation.transformationinput", 
        "pk": 1
    }, 
    {
        "fields": {
            "dataset_idx": 1, 
            "dataset_name": "B1_in", 
            "transformation": 2
        }, 
        "model": "transformation.transformationinput", 
        "pk": 3
    }, 
    {
        "fields": {
            "dataset_idx": 2, 
            "dataset_name": "B2_in", 
            "transformation": 2
        }, 
        "model": "transformation.transformationinput", 
        "pk": 4
    }, 
    {
        "fields": {
            "dataset_idx": 1, 
            "dataset_name": "C1_in", 
            "transformation": 3
        }, 
        "model": "transformation.transformationinput", 
        "pk": 6
    }, 
    {
        "fields": {
            "dataset_idx": 2, 
            "dataset_name": "C2_in", 
            "transformation": 3
        }, 
        "model": "transformation.transformationinput", 
        "pk": 7
    }, 
    {
        "fields": {
            "dataset_idx": 1, 
            "dataset_name": "D1_in", 
            "transformation": 4
        }, 
        "model": "transformation.transformationinput", 
        "pk": 11
    }, 
    {
        "fields": {
            "dataset_idx": 2, 
            "dataset_name": "D2_in", 
            "transformation": 4
        }, 
        "model": "transformation.transformationinput", 
        "pk": 12
    }, 
    {
        "fields": {
            "dataset_idx": 1, 
            "dataset_name": "E1_in", 
            "transformation": 5
        }, 
        "model": "transformation.transformationinput", 
        "pk": 13
    }, 
    {
        "fields": {
            "dataset_idx": 2, 
            "dataset_name": "E2_in", 
            "transformation": 5
        }, 
        "model": "transformation.transformationinput", 
        "pk": 14
    }, 
    {
        "fields": {
            "dataset_idx": 3, 
            "dataset_name": "E3_rawin", 
            "transformation": 5
        }, 
        "model": "transformation.transformationinput", 
        "pk": 15
    }, 
    {
        "fields": {
            "dataset_idx": 1, 
            "dataset_name": "strings", 
            "transformation": 6
        }, 
        "model": "transformation.transformationinput", 
        "pk": 20
    }, 
    {
        "fields": {
            "dataset_idx": 1, 
            "dataset_name": "strings", 
            "transformation": 7
        }, 
        "model": "transformation.transformationinput", 
        "pk": 22
    }, 
    {
        "fields": {
            "dataset_idx": 1, 
            "dataset_name": "raw", 
            "transformation": 8
        }, 
        "model": "transformation.transformationinput", 
        "pk": 24
    }, 
    {
        "fields": {
            "dataset_idx": 1, 
            "dataset_name": "p_one_in", 
            "transformation": 9
        }, 
        "model": "transformation.transformationinput", 
        "pk": 26
    }, 
    {
        "fields": {
            "dataset_idx": 1, 
            "dataset_name": "p_two_in", 
            "transformation": 10
        }, 
        "model": "transformation.transformationinput", 
        "pk": 29
    }, 
    {
        "fields": {
            "dataset_idx": 1, 
            "dataset_name": "A1_out", 
            "transformation": 1
        }, 
        "model": "transformation.transformationoutput", 
        "pk": 2
    }, 
    {
        "fields": {
            "dataset_idx": 1, 
            "dataset_name": "B1_out", 
            "transformation": 2
        }, 
        "model": "transformation.transformationoutput", 
        "pk": 5
    }, 
    {
        "fields": {
            "dataset_idx": 1, 
            "dataset_name": "C1_out", 
            "transformation": 3
        }, 
        "model": "transformation.transformationoutput", 
        "pk": 8
    }, 
    {
        "fields": {
            "dataset_idx": 2, 
            "dataset_name": "C2_rawout", 
            "transformation": 3
        }, 
        "model": "transformation.transformationoutput", 
        "pk": 9
    }, 
    {
        "fields": {
            "dataset_idx": 3, 
            "dataset_name": "C3_rawout", 
            "transformation": 3
        }, 
        "model": "transformation.transformationoutput", 
        "pk": 10
    }, 
    {
        "fields": {
            "dataset_idx": 1, 
            "dataset_name": "D1_out", 
            "transformation": 4
        }, 
        "model": "transformation.transformationoutput", 
        "pk": 16
    }, 
    {
        "fields": {
            "dataset_idx": 3, 
            "dataset_name": "E3_rawout", 
            "transformation": 5
        }, 
        "model": "transformation.transformationoutput", 
        "pk": 17
    }, 
    {
        "fields": {
            "dataset_idx": 2, 
            "dataset_name": "E2_out", 
            "transformation": 5
        }, 
        "model": "transformation.transformationoutput", 
        "pk": 18
    }, 
    {
        "fields": {
            "dataset_idx": 1, 
            "dataset_name": "E1_out", 
            "transformation": 5
        }, 
        "model": "transformation.transformationoutput", 
        "pk": 19
    }, 
    {
        "fields": {
            "dataset_idx": 1, 
            "dataset_name": "same_strings", 
            "transformation": 6
        }, 
        "model": "transformation.transformationoutput", 
        "pk": 21
    }, 
    {
        "fields": {
            "dataset_idx": 1, 
            "dataset_name": "untouched_strings", 
            "transformation": 7
        }, 
        "model": "transformation.transformationoutput", 
        "pk": 23
    }, 
    {
        "fields": {
            "dataset_idx": 1, 
            "dataset_name": "same_raw", 
            "transformation": 8
        }, 
        "model": "transformation.transformationoutput", 
        "pk": 25
    }, 
    {
        "fields": {
            "dataset_idx": 1, 
            "dataset_name": "p_one_out", 
            "transformation": 9
        }, 
        "model": "transformation.transformationoutput", 
        "pk": 28
    }, 
    {
        "fields": {
            "dataset_idx": 1, 
            "dataset_name": "p_two_out", 
            "transformation": 10
        }, 
        "model": "transformation.transformationoutput", 
        "pk": 31
    }, 
    {
        "fields": {
            "date_joined": "2000-01-01T00:00:00Z", 
            "email": "lennon@thebeatles.com", 
            "first_name": "", 
            "groups": [
                1
            ], 
            "is_active": true, 
            "is_staff": false, 
            "is_superuser": false, 
            "last_login": null, 
            "last_name": "", 
            "password": "pbkdf2_sha256$24000$RrT2ftkC8nKk$hF5aWiv6LabLrMSi4nI9XB5C/IrcCBJ58PxR19HnHnw=", 
            "user_permissions": [], 
            "username": "john"
        }, 
        "model": "auth.user", 
        "pk": 2
    }, 
    {
        "fields": {
            "date_joined": "2000-01-01T00:00:00Z", 
            "email": "starr@thebeatles.com", 
            "first_name": "", 
            "groups": [], 
            "is_active": true, 
            "is_staff": false, 
            "is_superuser": false, 
            "last_login": null, 
            "last_name": "", 
            "password": "pbkdf2_sha256$24000$Bhn6tGCz7TZb$JMm45Cc70N0FYLCO+4yKUv3BT4X7op3F3O2gnPecjLw=", 
            "user_permissions": [], 
            "username": "ringo"
        }, 
        "model": "auth.user", 
        "pk": 3
    }, 
    {
        "fields": {
            "date_joined": "2000-01-01T00:00:05Z", 
            "email": "bob@talabs.com", 
            "first_name": "", 
            "groups": [
                1
            ], 
            "is_active": true, 
            "is_staff": false, 
            "is_superuser": false, 
            "last_login": null, 
            "last_name": "", 
            "password": "pbkdf2_sha256$24000$TPJdw9WMUbyd$zWoMaDSbNJUSrMOxbJ30iicpeNDehZmkKMZMkWgkIHA=", 
            "user_permissions": [], 
            "username": "bob"
        }, 
        "model": "auth.user", 
        "pk": 4
    }, 
    {
        "fields": {
            "date_created": "2000-01-01T00:00:00Z", 
            "description": "String consisting of ACGTacgt", 
            "groups_allowed": [
                1
            ], 
            "name": "DNANucSeq", 
            "prototype": null, 
            "restricts": [
                1
            ], 
            "user": 2, 
            "users_allowed": []
        }, 
        "model": "metadata.datatype", 
        "pk": 8
    }, 
    {
        "fields": {
            "date_created": "2000-01-01T00:00:00Z", 
            "description": "String consisting of ACGUacgu", 
            "groups_allowed": [
                1
            ], 
            "name": "RNANucSeq", 
            "prototype": null, 
            "restricts": [
                1
            ], 
            "user": 2, 
            "users_allowed": []
        }, 
        "model": "metadata.datatype", 
        "pk": 9
    }, 
    {
        "fields": {
            "date_created": "2000-01-01T00:00:05Z", 
            "description": "sequences of ASCII characters", 
            "groups_allowed": [
                1
            ], 
            "name": "my_string", 
            "prototype": null, 
            "restricts": [
                1
            ], 
            "user": 4, 
            "users_allowed": []
        }, 
        "model": "metadata.datatype", 
        "pk": 10
    }, 
    {
        "fields": {
            "groups_allowed": [
                1
            ], 
            "name": "", 
            "user": 2, 
            "users_allowed": []
        }, 
        "model": "metadata.compounddatatype", 
        "pk": 5
    }, 
    {
        "fields": {
            "groups_allowed": [], 
            "name": "", 
            "user": 2, 
            "users_allowed": [
                3
            ]
        }, 
        "model": "metadata.compounddatatype", 
        "pk": 6
    }, 
    {
        "fields": {
            "groups_allowed": [
                1
            ], 
            "name": "", 
            "user": 2, 
            "users_allowed": []
        }, 
        "model": "metadata.compounddatatype", 
        "pk": 7
    }, 
    {
        "fields": {
            "groups_allowed": [
                1
            ], 
            "name": "", 
            "user": 2, 
            "users_allowed": []
        }, 
        "model": "metadata.compounddatatype", 
        "pk": 8
    }, 
    {
        "fields": {
            "groups_allowed": [
                1
            ], 
            "name": "", 
            "user": 2, 
            "users_allowed": []
        }, 
        "model": "metadata.compounddatatype", 
        "pk": 9
    }, 
    {
        "fields": {
            "groups_allowed": [
                1
            ], 
            "name": "", 
            "user": 2, 
            "users_allowed": []
        }, 
        "model": "metadata.compounddatatype", 
        "pk": 10
    }, 
    {
        "fields": {
            "groups_allowed": [
                1
            ], 
            "name": "", 
            "user": 2, 
            "users_allowed": []
        }, 
        "model": "metadata.compounddatatype", 
        "pk": 11
    }, 
    {
        "fields": {
            "groups_allowed": [
                1
            ], 
            "name": "", 
            "user": 2, 
            "users_allowed": []
        }, 
        "model": "metadata.compounddatatype", 
        "pk": 12
    }, 
    {
        "fields": {
            "groups_allowed": [
                1
            ], 
            "name": "", 
            "user": 2, 
            "users_allowed": []
        }, 
        "model": "metadata.compounddatatype", 
        "pk": 13
    }, 
    {
        "fields": {
            "groups_allowed": [
                1
            ], 
            "name": "", 
            "user": 2, 
            "users_allowed": []
        }, 
        "model": "metadata.compounddatatype", 
        "pk": 14
    }, 
    {
        "fields": {
            "groups_allowed": [
                1
            ], 
            "name": "", 
            "user": 2, 
            "users_allowed": []
        }, 
        "model": "metadata.compounddatatype", 
        "pk": 15
    }, 
    {
        "fields": {
            "groups_allowed": [
                1
            ], 
            "name": "", 
            "user": 2, 
            "users_allowed": []
        }, 
        "model": "metadata.compounddatatype", 
        "pk": 16
    }, 
    {
        "fields": {
            "groups_allowed": [
                1
            ], 
            "name": "", 
            "user": 2, 
            "users_allowed": []
        }, 
        "model": "metadata.compounddatatype", 
        "pk": 17
    }, 
    {
        "fields": {
            "groups_allowed": [
                1
            ], 
            "name": "", 
            "user": 2, 
            "users_allowed": []
        }, 
        "model": "metadata.compounddatatype", 
        "pk": 18
    }, 
    {
        "fields": {
            "groups_allowed": [
                1
            ], 
            "name": "", 
            "user": 4, 
            "users_allowed": []
        }, 
        "model": "metadata.compounddatatype", 
        "pk": 19
    }, 
    {
        "fields": {
            "_runstate": 3, 
            "description": "Bob runs p_one", 
            "end_time": "2000-01-01T00:00:44Z", 
            "groups_allowed": [
                1
            ], 
            "name": "RunOne", 
            "parent_runstep": null, 
            "paused_by": null, 
            "pipeline": 9, 
            "purged": false, 
            "runbatch": null, 
            "sandbox_path": "/home/walter/kivemediaroot/Sandboxes/userbob_run1_olYCTC", 
            "start_time": "2000-01-01T00:00:39Z", 
            "stopped_by": null, 
            "time_queued": "2016-09-28T21:35:14.908Z", 
            "user": 4, 
            "users_allowed": []
        }, 
        "model": "archive.run", 
        "pk": 1
    }, 
    {
        "fields": {
            "_runstate": 3, 
            "description": "Bob runs p_two, which tries to reuse part of run_one but ultimately needs to recover", 
            "end_time": "2000-01-01T00:01:18Z", 
            "groups_allowed": [
                1
            ], 
            "name": "RunOne", 
            "parent_runstep": null, 
            "paused_by": null, 
            "pipeline": 10, 
            "purged": false, 
            "runbatch": null, 
            "sandbox_path": "/home/walter/kivemediaroot/Sandboxes/userbob_run2_NdMrNY", 
            "start_time": "2000-01-01T00:01:14Z", 
            "stopped_by": null, 
            "time_queued": "2016-09-28T21:35:50.421Z", 
            "user": 4, 
            "users_allowed": []
        }, 
        "model": "archive.run", 
        "pk": 2
    }, 
    {
        "fields": {
            "MD5_checksum": "ab7afe2f453d27fd168641a1f9271f26", 
            "_redacted": false, 
            "dataset_file": "Datasets/2016_09/step_0_triplet.csv", 
            "date_created": "2000-01-01T00:00:04Z", 
            "description": "lol", 
            "external_path": "", 
            "externalfiledirectory": null, 
            "file_source": null, 
            "groups_allowed": [
                1
            ], 
            "name": "triplet", 
            "user": 2, 
            "users_allowed": []
        }, 
        "model": "librarian.dataset", 
        "pk": 1
    }, 
    {
        "fields": {
            "MD5_checksum": "02d5b66858d003b81ae3dc712b74e85c", 
            "_redacted": false, 
            "dataset_file": "Datasets/2016_09/doublet_cdt.csv", 
            "date_created": "2000-01-01T00:00:04Z", 
            "description": "lol", 
            "external_path": "", 
            "externalfiledirectory": null, 
            "file_source": null, 
            "groups_allowed": [
                1
            ], 
            "name": "doublet", 
            "user": 2, 
            "users_allowed": []
        }, 
        "model": "librarian.dataset", 
        "pk": 2
    }, 
    {
        "fields": {
            "MD5_checksum": "29feb269edcac613d6eea432c14640bd", 
            "_redacted": false, 
            "dataset_file": "Datasets/2016_09/singlet_cdt_large.csv", 
            "date_created": "2000-01-01T00:00:04Z", 
            "description": "lol", 
            "external_path": "", 
            "externalfiledirectory": null, 
            "file_source": null, 
            "groups_allowed": [
                1
            ], 
            "name": "singlet", 
            "user": 2, 
            "users_allowed": []
        }, 
        "model": "librarian.dataset", 
        "pk": 3
    }, 
    {
        "fields": {
            "MD5_checksum": "00fd50bfe7ac63e2165a442f4101e05c", 
            "_redacted": false, 
            "dataset_file": "Datasets/2016_09/step_0_singlet.csv", 
            "date_created": "2000-01-01T00:00:04Z", 
            "description": "lol", 
            "external_path": "", 
            "externalfiledirectory": null, 
            "file_source": null, 
            "groups_allowed": [
                1
            ], 
            "name": "singlet", 
            "user": 2, 
            "users_allowed": []
        }, 
        "model": "librarian.dataset", 
        "pk": 4
    }, 
    {
        "fields": {
            "MD5_checksum": "7dc85e11b5c02e434af5bd3b3da9938e", 
            "_redacted": false, 
            "dataset_file": "Datasets/2016_09/step_0_raw.fasta", 
            "date_created": "2000-01-01T00:00:04Z", 
            "description": "lol", 
            "external_path": "", 
            "externalfiledirectory": null, 
            "file_source": null, 
            "groups_allowed": [
                1
            ], 
            "name": "raw_DS", 
            "user": 2, 
            "users_allowed": []
        }, 
        "model": "librarian.dataset", 
        "pk": 5
    }, 
    {
        "fields": {
            "MD5_checksum": "542676b23e121d16db8d41ccdae65fd1", 
            "_redacted": false, 
            "dataset_file": "", 
            "date_created": "2000-01-01T00:00:04Z", 
            "description": "", 
            "external_path": "", 
            "externalfiledirectory": null, 
            "file_source": null, 
            "groups_allowed": [
                1
            ], 
            "name": "D1_in_doublet", 
            "user": 2, 
            "users_allowed": []
        }, 
        "model": "librarian.dataset", 
        "pk": 6
    }, 
    {
        "fields": {
            "MD5_checksum": "56f9e5585b9d699829e2fda931d944f8", 
            "_redacted": false, 
            "dataset_file": "Datasets/2016_09/C1_in_triplet.csv", 
            "date_created": "2000-01-01T00:00:04Z", 
            "description": "triplet 3 rows", 
            "external_path": "", 
            "externalfiledirectory": null, 
            "file_source": null, 
            "groups_allowed": [
                1
            ], 
            "name": "C1_in_triplet", 
            "user": 2, 
            "users_allowed": []
        }, 
        "model": "librarian.dataset", 
        "pk": 7
    }, 
    {
        "fields": {
            "MD5_checksum": "10a4bd15d1300fcaf5a3bdad54ef1d28", 
            "_redacted": false, 
            "dataset_file": "", 
            "date_created": "2000-01-01T00:00:04Z", 
            "description": "", 
            "external_path": "", 
            "externalfiledirectory": null, 
            "file_source": null, 
            "groups_allowed": [
                1
            ], 
            "name": "C2_in_doublet", 
            "user": 2, 
            "users_allowed": []
        }, 
        "model": "librarian.dataset", 
        "pk": 8
    }, 
    {
        "fields": {
            "MD5_checksum": "10a4bd15d1300fcaf5a3bdad54ef1d28", 
            "_redacted": false, 
            "dataset_file": "Datasets/2016_09/E11_32_output.csv", 
            "date_created": "2000-01-01T00:00:04Z", 
            "description": "result of E11_32 fed by doublet_cdt.csv", 
            "external_path": "", 
            "externalfiledirectory": null, 
            "file_source": null, 
            "groups_allowed": [
                1
            ], 
            "name": "E11_32 output doublet", 
            "user": 2, 
            "users_allowed": []
        }, 
        "model": "librarian.dataset", 
        "pk": 9
    }, 
    {
        "fields": {
            "MD5_checksum": "00fd50bfe7ac63e2165a442f4101e05c", 
            "_redacted": false, 
            "dataset_file": "Datasets/2016_09/step_0_singlet_q9GeB9P.csv", 
            "date_created": "2000-01-01T00:00:04Z", 
            "description": "lol", 
            "external_path": "", 
            "externalfiledirectory": null, 
            "file_source": null, 
            "groups_allowed": [
                1
            ], 
            "name": "raw", 
            "user": 2, 
            "users_allowed": []
        }, 
        "model": "librarian.dataset", 
        "pk": 10
    }, 
    {
        "fields": {
            "MD5_checksum": "7dc85e11b5c02e434af5bd3b3da9938e", 
            "_redacted": false, 
            "dataset_file": "Datasets/2016_09/step_0_raw_zoLwlWv.fasta", 
            "date_created": "2000-01-01T00:00:04Z", 
            "description": "lol", 
            "external_path": "", 
            "externalfiledirectory": null, 
            "file_source": null, 
            "groups_allowed": [
                1
            ], 
            "name": "C2_out", 
            "user": 2, 
            "users_allowed": []
        }, 
        "model": "librarian.dataset", 
        "pk": 11
    }, 
    {
        "fields": {
            "MD5_checksum": "7dc85e11b5c02e434af5bd3b3da9938e", 
            "_redacted": false, 
            "dataset_file": "Datasets/2016_09/step_0_raw_TrfwQNj.fasta", 
            "date_created": "2000-01-01T00:00:05Z", 
            "description": "lol", 
            "external_path": "", 
            "externalfiledirectory": null, 
            "file_source": null, 
            "groups_allowed": [
                1
            ], 
            "name": "C3_out", 
            "user": 2, 
            "users_allowed": []
        }, 
        "model": "librarian.dataset", 
        "pk": 12
    }, 
    {
        "fields": {
            "MD5_checksum": "56f9e5585b9d699829e2fda931d944f8", 
            "_redacted": false, 
            "dataset_file": "Datasets/2016_09/step_0_triplet_3_rows.csv", 
            "date_created": "2000-01-01T00:00:05Z", 
            "description": "lol", 
            "external_path": "", 
            "externalfiledirectory": null, 
            "file_source": null, 
            "groups_allowed": [
                1
            ], 
            "name": "triplet", 
            "user": 2, 
            "users_allowed": []
        }, 
        "model": "librarian.dataset", 
        "pk": 13
    }, 
    {
        "fields": {
            "MD5_checksum": "83957f8aea1c75da9f7fbf9bc90da979", 
            "_redacted": false, 
            "dataset_file": "Datasets/2016_09/doublet_remuxed_from_t3r.csv", 
            "date_created": "2000-01-01T00:00:05Z", 
            "description": "doublet remuxed from triplet", 
            "external_path": "", 
            "externalfiledirectory": null, 
            "file_source": null, 
            "groups_allowed": [
                1
            ], 
            "name": "E1_out", 
            "user": 2, 
            "users_allowed": []
        }, 
        "model": "librarian.dataset", 
        "pk": 14
    }, 
    {
        "fields": {
            "MD5_checksum": "d83866e4c23cd9503aa2f9fc565502b5", 
            "_redacted": false, 
            "dataset_file": "Datasets/2016_09/DNA_triplet.csv", 
            "date_created": "2000-01-01T00:00:05Z", 
            "description": "DNA triplet data", 
            "external_path": "", 
            "externalfiledirectory": null, 
            "file_source": null, 
            "groups_allowed": [
                1
            ], 
            "name": "DNA_triplet", 
            "user": 2, 
            "users_allowed": []
        }, 
        "model": "librarian.dataset", 
        "pk": 15
    }, 
    {
        "fields": {
            "MD5_checksum": "9eab0dfed5fcc89bd581f61995816ef0", 
            "_redacted": false, 
            "dataset_file": "Datasets/2016_09/E01_21_DNA_doublet.csv", 
            "date_created": "2000-01-01T00:00:05Z", 
            "description": "DNA doublet data coming from DNA_triplet.csv but remultiplexed according to cable E01_21", 
            "external_path": "", 
            "externalfiledirectory": null, 
            "file_source": null, 
            "groups_allowed": [
                1
            ], 
            "name": "E01_21_DNA_doublet", 
            "user": 2, 
            "users_allowed": []
        }, 
        "model": "librarian.dataset", 
        "pk": 16
    }, 
    {
        "fields": {
            "MD5_checksum": "9b55b9431da6dba74ea61edf8e2ac044", 
            "_redacted": false, 
            "dataset_file": "Datasets/2016_09/E21_41_DNA_doublet.csv", 
            "date_created": "2000-01-01T00:00:05Z", 
            "description": "DNA doublet data coming from DNA_triplet.csv but remultiplexed according to cable E21_41", 
            "external_path": "", 
            "externalfiledirectory": null, 
            "file_source": null, 
            "groups_allowed": [
                1
            ], 
            "name": "E21_41_DNA_doublet", 
            "user": 2, 
            "users_allowed": []
        }, 
        "model": "librarian.dataset", 
        "pk": 17
    }, 
    {
        "fields": {
            "MD5_checksum": "092ef90fe0201f4b002cd200f7754d45", 
            "_redacted": false, 
            "dataset_file": "Datasets/2016_09/tmp1zcSNo", 
            "date_created": "2000-01-01T00:00:08Z", 
            "description": "blahblahblah", 
            "external_path": "", 
            "externalfiledirectory": null, 
            "file_source": null, 
            "groups_allowed": [
                1
            ], 
            "name": "blahblah", 
            "user": 4, 
            "users_allowed": []
        }, 
        "model": "librarian.dataset", 
        "pk": 18
    }, 
    {
        "fields": {
            "MD5_checksum": "092ef90fe0201f4b002cd200f7754d45", 
            "_redacted": false, 
            "dataset_file": "", 
            "date_created": "2000-01-01T00:00:40Z", 
            "description": "Generated data from a run of pipeline \"p_one:1 (v1)\" started at 2016-09-28 21:35:45.753272+00:00 by bob\nrun: 1\nuser: bob\nstep: 1\noutput: same_strings", 
            "external_path": "", 
            "externalfiledirectory": null, 
            "file_source": 1, 
            "groups_allowed": [
                1
            ], 
            "name": "run1_step1_outputsame_strings", 
            "user": 4, 
            "users_allowed": []
        }, 
        "model": "librarian.dataset", 
        "pk": 19
    }, 
    {
        "fields": {
            "MD5_checksum": "092ef90fe0201f4b002cd200f7754d45", 
            "_redacted": false, 
            "dataset_file": "Datasets/2016_09/step2_same_strings.csv", 
            "date_created": "2000-01-01T00:00:42Z", 
            "description": "Generated data from a run of pipeline \"p_one:1 (v1)\" started at 2016-09-28 21:35:45.753272+00:00 by bob\nrun: 1\nuser: bob\nstep: 2\noutput: same_strings", 
            "external_path": "", 
            "externalfiledirectory": null, 
            "file_source": 2, 
            "groups_allowed": [
                1
            ], 
            "name": "run1_step2_outputsame_strings", 
            "user": 4, 
            "users_allowed": []
        }, 
        "model": "librarian.dataset", 
        "pk": 20
    }, 
    {
        "fields": {
            "MD5_checksum": "092ef90fe0201f4b002cd200f7754d45", 
            "_redacted": false, 
            "dataset_file": "Datasets/2016_09/step2_untouched_strings.csv", 
            "date_created": "2000-01-01T00:01:16Z", 
            "description": "Generated data from a run of pipeline \"p_two:1 (v1)\" started at 2016-09-28 21:36:20.673424+00:00 by bob\nrun: 2\nuser: bob\nstep: 2\noutput: untouched_strings", 
            "external_path": "", 
            "externalfiledirectory": null, 
            "file_source": 7, 
            "groups_allowed": [
                1
            ], 
            "name": "run2_step2_outputuntouched_strings", 
            "user": 4, 
            "users_allowed": []
        }, 
        "model": "librarian.dataset", 
        "pk": 21
    }, 
    {
        "fields": {
            "description": "Just a CR", 
            "filename": "generic_script.py", 
            "groups_allowed": [
                1
            ], 
            "name": "genericCR", 
            "user": 2, 
            "users_allowed": []
        }, 
        "model": "method.coderesource", 
        "pk": 1
    }, 
    {
        "fields": {
            "description": "a script to do nothing", 
            "filename": "noop.sh", 
            "groups_allowed": [
                1
            ], 
            "name": "noop", 
            "user": 4, 
            "users_allowed": []
        }, 
        "model": "method.coderesource", 
        "pk": 2
    }, 
    {
        "fields": {
            "MD5_checksum": "e353a62fe8cb6a56d31b8c65d70b217d", 
            "coderesource": 1, 
            "content_file": "CodeResources/generic_script.py", 
            "groups_allowed": [
                1
            ], 
            "revision_DateTime": "2000-01-01T00:00:02Z", 
            "revision_desc": "desc", 
            "revision_name": "v1", 
            "revision_number": 1, 
            "revision_parent": null, 
            "user": 2, 
            "users_allowed": []
        }, 
        "model": "method.coderesourcerevision", 
        "pk": 1
    }, 
    {
        "fields": {
            "MD5_checksum": "d218c00725d473639f347d456de381d8", 
            "coderesource": 2, 
            "content_file": "CodeResources/fdopen", 
            "groups_allowed": [
                1
            ], 
            "revision_DateTime": "2000-01-01T00:00:05Z", 
            "revision_desc": "first version", 
            "revision_name": "1", 
            "revision_number": 1, 
            "revision_parent": null, 
            "user": 4, 
            "users_allowed": []
        }, 
        "model": "method.coderesourcerevision", 
        "pk": 2
    }, 
    {
        "fields": {
            "driver": 1, 
            "family": 1, 
            "groups_allowed": [
                1
            ], 
            "reusable": 1, 
            "revision_number": 1, 
            "revision_parent": null, 
            "tainted": false, 
            "threads": 1, 
            "users_allowed": []
        }, 
        "model": "method.method", 
        "pk": 1
    }, 
    {
        "fields": {
            "driver": 1, 
            "family": 1, 
            "groups_allowed": [
                1
            ], 
            "reusable": 1, 
            "revision_number": 2, 
            "revision_parent": null, 
            "tainted": false, 
            "threads": 1, 
            "users_allowed": []
        }, 
        "model": "method.method", 
        "pk": 2
    }, 
    {
        "fields": {
            "driver": 1, 
            "family": 1, 
            "groups_allowed": [
                1
            ], 
            "reusable": 1, 
            "revision_number": 3, 
            "revision_parent": null, 
            "tainted": false, 
            "threads": 1, 
            "users_allowed": []
        }, 
        "model": "method.method", 
        "pk": 3
    }, 
    {
        "fields": {
            "driver": 2, 
            "family": 2, 
            "groups_allowed": [
                1
            ], 
            "reusable": 1, 
            "revision_number": 1, 
            "revision_parent": null, 
            "tainted": false, 
            "threads": 1, 
            "users_allowed": []
        }, 
        "model": "method.method", 
        "pk": 6
    }, 
    {
        "fields": {
            "driver": 2, 
            "family": 3, 
            "groups_allowed": [
                1
            ], 
            "reusable": 1, 
            "revision_number": 1, 
            "revision_parent": null, 
            "tainted": false, 
            "threads": 1, 
            "users_allowed": []
        }, 
        "model": "method.method", 
        "pk": 7
    }, 
    {
        "fields": {
            "driver": 2, 
            "family": 4, 
            "groups_allowed": [
                1
            ], 
            "reusable": 1, 
            "revision_number": 1, 
            "revision_parent": null, 
            "tainted": false, 
            "threads": 1, 
            "users_allowed": []
        }, 
        "model": "method.method", 
        "pk": 8
    }, 
    {
        "fields": {
            "description": "Holds methods A/B/C", 
            "groups_allowed": [
                1
            ], 
            "name": "method_family", 
            "user": 2, 
            "users_allowed": []
        }, 
        "model": "method.methodfamily", 
        "pk": 1
    }, 
    {
        "fields": {
            "description": "a method to do nothing to strings", 
            "groups_allowed": [
                1
            ], 
            "name": "string noop", 
            "user": 4, 
            "users_allowed": []
        }, 
        "model": "method.methodfamily", 
        "pk": 2
    }, 
    {
        "fields": {
            "description": "a TOTALLY DIFFERENT method that TOTALLY does SOMETHING to strings by leaving them alone", 
            "groups_allowed": [
                1
            ], 
            "name": "string trivial", 
            "user": 4, 
            "users_allowed": []
        }, 
        "model": "method.methodfamily", 
        "pk": 3
    }, 
    {
        "fields": {
            "description": "do nothing to raw data", 
            "groups_allowed": [
                1
            ], 
            "name": "raw noop", 
            "user": 4, 
            "users_allowed": []
        }, 
        "model": "method.methodfamily", 
        "pk": 4
    }, 
    {
        "fields": {
            "description": "PF desc", 
            "groups_allowed": [
                1
            ], 
            "name": "Pipeline_family", 
            "user": 2, 
            "users_allowed": []
        }, 
        "model": "pipeline.pipelinefamily", 
        "pk": 1
    }, 
    {
        "fields": {
            "description": "two no-ops", 
            "groups_allowed": [
                1
            ], 
            "name": "p_one", 
            "user": 2, 
            "users_allowed": []
        }, 
        "model": "pipeline.pipelinefamily", 
        "pk": 2
    }, 
    {
        "fields": {
            "description": "one no-op then one trivial", 
            "groups_allowed": [
                1
            ], 
            "name": "p_two", 
            "user": 2, 
            "users_allowed": []
        }, 
        "model": "pipeline.pipelinefamily", 
        "pk": 3
    }, 
    {
        "fields": {
            "family": 1, 
            "groups_allowed": [
                1
            ], 
            "published": false, 
            "revision_number": 1, 
            "revision_parent": null, 
            "users_allowed": []
        }, 
        "model": "pipeline.pipeline", 
        "pk": 4
    }, 
    {
        "fields": {
            "family": 1, 
            "groups_allowed": [
                1
            ], 
            "published": false, 
            "revision_number": 2, 
            "revision_parent": null, 
            "users_allowed": []
        }, 
        "model": "pipeline.pipeline", 
        "pk": 5
    }, 
    {
        "fields": {
            "family": 2, 
            "groups_allowed": [
                1
            ], 
            "published": false, 
            "revision_number": 1, 
            "revision_parent": null, 
            "users_allowed": []
        }, 
        "model": "pipeline.pipeline", 
        "pk": 9
    }, 
    {
        "fields": {
            "family": 3, 
            "groups_allowed": [
                1
            ], 
            "published": false, 
            "revision_number": 1, 
            "revision_parent": null, 
            "users_allowed": []
        }, 
        "model": "pipeline.pipeline", 
        "pk": 10
    }, 
    {
        "fields": {
            "groups_allowed": [
                1
            ], 
            "revision_DateTime": "2000-01-01T00:00:02Z", 
            "revision_desc": "A_desc", 
            "revision_name": "mA_name", 
            "user": 2, 
            "users_allowed": []
        }, 
        "model": "transformation.transformation", 
        "pk": 1
    }, 
    {
        "fields": {
            "groups_allowed": [
                1
            ], 
            "revision_DateTime": "2000-01-01T00:00:02Z", 
            "revision_desc": "B_desc", 
            "revision_name": "mB_name", 
            "user": 2, 
            "users_allowed": []
        }, 
        "model": "transformation.transformation", 
        "pk": 2
    }, 
    {
        "fields": {
            "groups_allowed": [
                1
            ], 
            "revision_DateTime": "2000-01-01T00:00:02Z", 
            "revision_desc": "C_desc", 
            "revision_name": "mC_name", 
            "user": 2, 
            "users_allowed": []
        }, 
        "model": "transformation.transformation", 
        "pk": 3
    }, 
    {
        "fields": {
            "groups_allowed": [
                1
            ], 
            "revision_DateTime": "2000-01-01T00:00:03Z", 
            "revision_desc": "D", 
            "revision_name": "pD_name", 
            "user": 2, 
            "users_allowed": []
        }, 
        "model": "transformation.transformation", 
        "pk": 4
    }, 
    {
        "fields": {
            "groups_allowed": [
                1
            ], 
            "revision_DateTime": "2000-01-01T00:00:03Z", 
            "revision_desc": "E", 
            "revision_name": "pE_name", 
            "user": 2, 
            "users_allowed": []
        }, 
        "model": "transformation.transformation", 
        "pk": 5
    }, 
    {
        "fields": {
            "groups_allowed": [
                1
            ], 
            "revision_DateTime": "2000-01-01T00:00:05Z", 
            "revision_desc": "first version", 
            "revision_name": "v1", 
            "user": 4, 
            "users_allowed": []
        }, 
        "model": "transformation.transformation", 
        "pk": 6
    }, 
    {
        "fields": {
            "groups_allowed": [
                1
            ], 
            "revision_DateTime": "2000-01-01T00:00:06Z", 
            "revision_desc": "first version", 
            "revision_name": "v1", 
            "user": 4, 
            "users_allowed": []
        }, 
        "model": "transformation.transformation", 
        "pk": 7
    }, 
    {
        "fields": {
            "groups_allowed": [
                1
            ], 
            "revision_DateTime": "2000-01-01T00:00:06Z", 
            "revision_desc": "first version", 
            "revision_name": "v1", 
            "user": 4, 
            "users_allowed": []
        }, 
        "model": "transformation.transformation", 
        "pk": 8
    }, 
    {
        "fields": {
            "groups_allowed": [
                1
            ], 
            "revision_DateTime": "2000-01-01T00:00:06Z", 
            "revision_desc": "first version", 
            "revision_name": "v1", 
            "user": 2, 
            "users_allowed": []
        }, 
        "model": "transformation.transformation", 
        "pk": 9
    }, 
    {
        "fields": {
            "groups_allowed": [
                1
            ], 
            "revision_DateTime": "2000-01-01T00:00:07Z", 
            "revision_desc": "first version", 
            "revision_name": "v1", 
            "user": 2, 
            "users_allowed": []
        }, 
        "model": "transformation.transformation", 
        "pk": 10
    }, 
    {
        "fields": {
            "dataset": 1, 
            "end_time": "2000-01-01T00:00:04Z", 
            "execlog": null, 
            "start_time": "2000-01-01T00:00:04Z", 
            "user": 2
        }, 
        "model": "datachecking.contentchecklog", 
        "pk": 1
    }, 
    {
        "fields": {
            "dataset": 2, 
            "end_time": "2000-01-01T00:00:04Z", 
            "execlog": null, 
            "start_time": "2000-01-01T00:00:04Z", 
            "user": 2
        }, 
        "model": "datachecking.contentchecklog", 
        "pk": 2
    }, 
    {
        "fields": {
            "dataset": 3, 
            "end_time": "2000-01-01T00:00:04Z", 
            "execlog": null, 
            "start_time": "2000-01-01T00:00:04Z", 
            "user": 2
        }, 
        "model": "datachecking.contentchecklog", 
        "pk": 3
    }, 
    {
        "fields": {
            "dataset": 4, 
            "end_time": "2000-01-01T00:00:04Z", 
            "execlog": null, 
            "start_time": "2000-01-01T00:00:04Z", 
            "user": 2
        }, 
        "model": "datachecking.contentchecklog", 
        "pk": 4
    }, 
    {
        "fields": {
            "dataset": 6, 
            "end_time": "2000-01-01T00:00:04Z", 
            "execlog": null, 
            "start_time": "2000-01-01T00:00:04Z", 
            "user": 2
        }, 
        "model": "datachecking.contentchecklog", 
        "pk": 5
    }, 
    {
        "fields": {
            "dataset": 7, 
            "end_time": "2000-01-01T00:00:04Z", 
            "execlog": null, 
            "start_time": "2000-01-01T00:00:04Z", 
            "user": 2
        }, 
        "model": "datachecking.contentchecklog", 
        "pk": 6
    }, 
    {
        "fields": {
            "dataset": 8, 
            "end_time": "2000-01-01T00:00:04Z", 
            "execlog": null, 
            "start_time": "2000-01-01T00:00:04Z", 
            "user": 2
        }, 
        "model": "datachecking.contentchecklog", 
        "pk": 7
    }, 
    {
        "fields": {
            "dataset": 9, 
            "end_time": "2000-01-01T00:00:04Z", 
            "execlog": null, 
            "start_time": "2000-01-01T00:00:04Z", 
            "user": 2
        }, 
        "model": "datachecking.contentchecklog", 
        "pk": 8
    }, 
    {
        "fields": {
            "dataset": 10, 
            "end_time": "2000-01-01T00:00:04Z", 
            "execlog": null, 
            "start_time": "2000-01-01T00:00:04Z", 
            "user": 2
        }, 
        "model": "datachecking.contentchecklog", 
        "pk": 9
    }, 
    {
        "fields": {
            "dataset": 13, 
            "end_time": "2000-01-01T00:00:05Z", 
            "execlog": null, 
            "start_time": "2000-01-01T00:00:05Z", 
            "user": 2
        }, 
        "model": "datachecking.contentchecklog", 
        "pk": 10
    }, 
    {
        "fields": {
            "dataset": 14, 
            "end_time": "2000-01-01T00:00:05Z", 
            "execlog": null, 
            "start_time": "2000-01-01T00:00:05Z", 
            "user": 2
        }, 
        "model": "datachecking.contentchecklog", 
        "pk": 11
    }, 
    {
        "fields": {
            "dataset": 15, 
            "end_time": "2000-01-01T00:00:05Z", 
            "execlog": null, 
            "start_time": "2000-01-01T00:00:05Z", 
            "user": 2
        }, 
        "model": "datachecking.contentchecklog", 
        "pk": 12
    }, 
    {
        "fields": {
            "dataset": 16, 
            "end_time": "2000-01-01T00:00:05Z", 
            "execlog": null, 
            "start_time": "2000-01-01T00:00:05Z", 
            "user": 2
        }, 
        "model": "datachecking.contentchecklog", 
        "pk": 13
    }, 
    {
        "fields": {
            "dataset": 17, 
            "end_time": "2000-01-01T00:00:05Z", 
            "execlog": null, 
            "start_time": "2000-01-01T00:00:05Z", 
            "user": 2
        }, 
        "model": "datachecking.contentchecklog", 
        "pk": 14
    }, 
    {
        "fields": {
            "dataset": 18, 
            "end_time": "2000-01-01T00:00:08Z", 
            "execlog": null, 
            "start_time": "2000-01-01T00:00:08Z", 
            "user": 4
        }, 
        "model": "datachecking.contentchecklog", 
        "pk": 15
    }, 
    {
        "fields": {
            "dataset": 19, 
            "end_time": "2000-01-01T00:00:41Z", 
            "execlog": 2, 
            "start_time": "2000-01-01T00:00:41Z", 
            "user": 4
        }, 
        "model": "datachecking.contentchecklog", 
        "pk": 16
    }, 
    {
        "fields": {
            "dataset": 20, 
            "end_time": "2000-01-01T00:00:42Z", 
            "execlog": 4, 
            "start_time": "2000-01-01T00:00:42Z", 
            "user": 4
        }, 
        "model": "datachecking.contentchecklog", 
        "pk": 17
    }, 
    {
        "fields": {
            "dataset": 21, 
            "end_time": "2000-01-01T00:01:17Z", 
            "execlog": 9, 
            "start_time": "2000-01-01T00:01:17Z", 
            "user": 4
        }, 
        "model": "datachecking.contentchecklog", 
        "pk": 18
    }, 
    {
        "fields": {
            "dataset": 18, 
            "end_time": "2000-01-01T00:00:39Z", 
            "execlog": null, 
            "read_failed": false, 
            "runcomponent": 3, 
            "start_time": "2000-01-01T00:00:39Z", 
            "user": 4
        }, 
        "model": "datachecking.integritychecklog", 
        "pk": 1
    }, 
    {
        "fields": {
            "dataset": 18, 
            "end_time": "2000-01-01T00:01:15Z", 
            "execlog": null, 
            "read_failed": false, 
            "runcomponent": 8, 
            "start_time": "2000-01-01T00:01:15Z", 
            "user": 4
        }, 
        "model": "datachecking.integritychecklog", 
        "pk": 2
    }, 
    {
        "fields": {
            "dataset": 19, 
            "end_time": "2000-01-01T00:01:15Z", 
            "execlog": 7, 
            "read_failed": false, 
            "runcomponent": null, 
            "start_time": "2000-01-01T00:01:15Z", 
            "user": 4
        }, 
        "model": "datachecking.integritychecklog", 
        "pk": 3
    }
]