[
    {
        "fields": {
            "blankable": false, 
            "column_idx": 1, 
            "column_name": "word", 
            "compounddatatype": 5, 
            "datatype": 8
        }, 
        "model": "metadata.compounddatatypemember", 
        "pk": 7
    }, 
    {
        "fields": {
            "blankable": false, 
            "column_idx": 1, 
            "column_name": "word", 
            "compounddatatype": 6, 
            "datatype": 8
        }, 
        "model": "metadata.compounddatatypemember", 
        "pk": 8
    }, 
    {
        "fields": {
            "blankable": false, 
            "column_idx": 2, 
            "column_name": "drow", 
            "compounddatatype": 6, 
            "datatype": 8
        }, 
        "model": "metadata.compounddatatypemember", 
        "pk": 9
    }, 
    {
        "fields": {
            "blankable": false, 
            "column_idx": 1, 
            "column_name": "drow", 
            "compounddatatype": 7, 
            "datatype": 8
        }, 
        "model": "metadata.compounddatatypemember", 
        "pk": 10
    }, 
    {
        "fields": {
            "blankable": false, 
            "column_idx": 2, 
            "column_name": "word", 
            "compounddatatype": 7, 
            "datatype": 8
        }, 
        "model": "metadata.compounddatatypemember", 
        "pk": 11
    }, 
    {
        "fields": {
            "dataset": 2, 
            "index": 1, 
            "run": 1
        }, 
        "model": "archive.runinput", 
        "pk": 1
    }, 
    {
        "fields": {
            "dataset": 2, 
            "index": 1, 
            "run": 2
        }, 
        "model": "archive.runinput", 
        "pk": 2
    }, 
    {
        "fields": {
            "_redacted": null, 
            "_runcomponentstate": 3, 
            "end_time": "2000-01-01T00:00:38Z", 
            "execrecord": 2, 
            "reused": false, 
            "start_time": "2000-01-01T00:00:36Z"
        }, 
        "model": "archive.runcomponent", 
        "pk": 1
    }, 
    {
        "fields": {
            "_redacted": null, 
            "_runcomponentstate": 3, 
            "end_time": "2000-01-01T00:00:40Z", 
            "execrecord": 4, 
            "reused": false, 
            "start_time": "2000-01-01T00:00:38Z"
        }, 
        "model": "archive.runcomponent", 
        "pk": 2
    }, 
    {
        "fields": {
            "_redacted": null, 
            "_runcomponentstate": 3, 
            "end_time": "2000-01-01T00:00:37Z", 
            "execrecord": 1, 
            "reused": false, 
            "start_time": "2000-01-01T00:00:36Z"
        }, 
        "model": "archive.runcomponent", 
        "pk": 3
    }, 
    {
        "fields": {
            "_redacted": null, 
            "_runcomponentstate": 3, 
            "end_time": "2000-01-01T00:00:39Z", 
            "execrecord": 3, 
            "reused": false, 
            "start_time": "2000-01-01T00:00:38Z"
        }, 
        "model": "archive.runcomponent", 
        "pk": 4
    }, 
    {
        "fields": {
            "_redacted": null, 
            "_runcomponentstate": 3, 
            "end_time": "2000-01-01T00:00:41Z", 
            "execrecord": 5, 
            "reused": false, 
            "start_time": "2000-01-01T00:00:40Z"
        }, 
        "model": "archive.runcomponent", 
        "pk": 5
    }, 
    {
        "fields": {
            "_redacted": null, 
            "_runcomponentstate": 3, 
            "end_time": "2000-01-01T00:01:13Z", 
            "execrecord": 2, 
            "reused": true, 
            "start_time": "2000-01-01T00:01:12Z"
        }, 
        "model": "archive.runcomponent", 
        "pk": 6
    }, 
    {
        "fields": {
            "_redacted": null, 
            "_runcomponentstate": 3, 
            "end_time": "2000-01-01T00:01:16Z", 
            "execrecord": 6, 
            "reused": false, 
            "start_time": "2000-01-01T00:01:13Z"
        }, 
        "model": "archive.runcomponent", 
        "pk": 7
    }, 
    {
        "fields": {
            "_redacted": null, 
            "_runcomponentstate": 3, 
            "end_time": "2000-01-01T00:01:13Z", 
            "execrecord": 1, 
            "reused": true, 
            "start_time": "2000-01-01T00:01:12Z"
        }, 
        "model": "archive.runcomponent", 
        "pk": 8
    }, 
    {
        "fields": {
            "_redacted": null, 
            "_runcomponentstate": 3, 
            "end_time": "2000-01-01T00:01:14Z", 
            "execrecord": 3, 
            "reused": false, 
            "start_time": "2000-01-01T00:01:13Z"
        }, 
        "model": "archive.runcomponent", 
        "pk": 9
    }, 
    {
        "fields": {
            "_redacted": null, 
            "_runcomponentstate": 3, 
            "end_time": "2000-01-01T00:01:16Z", 
            "execrecord": 7, 
            "reused": false, 
            "start_time": "2000-01-01T00:01:16Z"
        }, 
        "model": "archive.runcomponent", 
        "pk": 10
    }, 
    {
        "fields": {
            "pipelinestep": 1, 
            "run": 1
        }, 
        "model": "archive.runstep", 
        "pk": 1
    }, 
    {
        "fields": {
            "pipelinestep": 2, 
            "run": 1
        }, 
        "model": "archive.runstep", 
        "pk": 2
    }, 
    {
        "fields": {
            "pipelinestep": 3, 
            "run": 2
        }, 
        "model": "archive.runstep", 
        "pk": 6
    }, 
    {
        "fields": {
            "pipelinestep": 4, 
            "run": 2
        }, 
        "model": "archive.runstep", 
        "pk": 7
    }, 
    {
        "fields": {
            "PSIC": 1, 
            "dest_runstep": 1
        }, 
        "model": "archive.runsic", 
        "pk": 3
    }, 
    {
        "fields": {
            "PSIC": 2, 
            "dest_runstep": 2
        }, 
        "model": "archive.runsic", 
        "pk": 4
    }, 
    {
        "fields": {
            "PSIC": 4, 
            "dest_runstep": 6
        }, 
        "model": "archive.runsic", 
        "pk": 8
    }, 
    {
        "fields": {
            "PSIC": 5, 
            "dest_runstep": 7
        }, 
        "model": "archive.runsic", 
        "pk": 9
    }, 
    {
        "fields": {
            "pipelineoutputcable": 3, 
            "run": 1
        }, 
        "model": "archive.runoutputcable", 
        "pk": 5
    }, 
    {
        "fields": {
            "pipelineoutputcable": 6, 
            "run": 2
        }, 
        "model": "archive.runoutputcable", 
        "pk": 10
    }, 
    {
        "fields": {
            "end_time": "2000-01-01T00:00:37Z", 
            "invoking_record": 3, 
            "record": 3, 
            "start_time": "2000-01-01T00:00:37Z"
        }, 
        "model": "archive.execlog", 
        "pk": 1
    }, 
    {
        "fields": {
            "end_time": "2000-01-01T00:00:37Z", 
            "invoking_record": 1, 
            "record": 1, 
            "start_time": "2000-01-01T00:00:37Z"
        }, 
        "model": "archive.execlog", 
        "pk": 2
    }, 
    {
        "fields": {
            "end_time": "2000-01-01T00:00:39Z", 
            "invoking_record": 4, 
            "record": 4, 
            "start_time": "2000-01-01T00:00:39Z"
        }, 
        "model": "archive.execlog", 
        "pk": 3
    }, 
    {
        "fields": {
            "end_time": "2000-01-01T00:00:39Z", 
            "invoking_record": 2, 
            "record": 2, 
            "start_time": "2000-01-01T00:00:39Z"
        }, 
        "model": "archive.execlog", 
        "pk": 4
    }, 
    {
        "fields": {
            "end_time": "2000-01-01T00:00:40Z", 
            "invoking_record": 5, 
            "record": 5, 
            "start_time": "2000-01-01T00:00:40Z"
        }, 
        "model": "archive.execlog", 
        "pk": 5
    }, 
    {
        "fields": {
            "end_time": "2000-01-01T00:01:13Z", 
            "invoking_record": 7, 
            "record": 8, 
            "start_time": "2000-01-01T00:01:13Z"
        }, 
        "model": "archive.execlog", 
        "pk": 6
    }, 
    {
        "fields": {
            "end_time": "2000-01-01T00:01:14Z", 
            "invoking_record": 7, 
            "record": 6, 
            "start_time": "2000-01-01T00:01:13Z"
        }, 
        "model": "archive.execlog", 
        "pk": 7
    }, 
    {
        "fields": {
            "end_time": "2000-01-01T00:01:14Z", 
            "invoking_record": 9, 
            "record": 9, 
            "start_time": "2000-01-01T00:01:14Z"
        }, 
        "model": "archive.execlog", 
        "pk": 8
    }, 
    {
        "fields": {
            "end_time": "2000-01-01T00:01:15Z", 
            "invoking_record": 7, 
            "record": 7, 
            "start_time": "2000-01-01T00:01:15Z"
        }, 
        "model": "archive.execlog", 
        "pk": 9
    }, 
    {
        "fields": {
            "end_time": "2000-01-01T00:01:16Z", 
            "invoking_record": 10, 
            "record": 10, 
            "start_time": "2000-01-01T00:01:16Z"
        }, 
        "model": "archive.execlog", 
        "pk": 10
    }, 
    {
        "fields": {
            "are_checksums_OK": true, 
            "code_redacted": false, 
            "error_log": "Logs/step1_stderr.txt", 
            "error_redacted": false, 
            "execlog": 2, 
            "output_log": "Logs/step1_stdout.txt", 
            "output_redacted": false, 
            "return_code": 0
        }, 
        "model": "archive.methodoutput", 
        "pk": 1
    }, 
    {
        "fields": {
            "are_checksums_OK": true, 
            "code_redacted": false, 
            "error_log": "Logs/step2_stderr.txt", 
            "error_redacted": false, 
            "execlog": 4, 
            "output_log": "Logs/step2_stdout.txt", 
            "output_redacted": false, 
            "return_code": 0
        }, 
        "model": "archive.methodoutput", 
        "pk": 2
    }, 
    {
        "fields": {
            "are_checksums_OK": true, 
            "code_redacted": false, 
            "error_log": "Logs/step1_stderr_ewpJJar.txt", 
            "error_redacted": false, 
            "execlog": 7, 
            "output_log": "Logs/step1_stdout_p7hnYUV.txt", 
            "output_redacted": false, 
            "return_code": 0
        }, 
        "model": "archive.methodoutput", 
        "pk": 3
    }, 
    {
        "fields": {
            "are_checksums_OK": true, 
            "code_redacted": false, 
            "error_log": "Logs/step2_stderr_WB92cgM.txt", 
            "error_redacted": false, 
            "execlog": 9, 
            "output_log": "Logs/step2_stdout_jOZ5VyX.txt", 
            "output_redacted": false, 
            "return_code": 0
        }, 
        "model": "archive.methodoutput", 
        "pk": 4
    }, 
    {
        "fields": {
            "compounddatatype": 5, 
            "dataset": 1, 
            "num_rows": 1
        }, 
        "model": "librarian.datasetstructure", 
        "pk": 1
    }, 
    {
        "fields": {
            "compounddatatype": 6, 
            "dataset": 2, 
            "num_rows": 20
        }, 
        "model": "librarian.datasetstructure", 
        "pk": 2
    }, 
    {
        "fields": {
            "compounddatatype": 7, 
            "dataset": 3, 
            "num_rows": 20
        }, 
        "model": "librarian.datasetstructure", 
        "pk": 3
    }, 
    {
        "fields": {
            "compounddatatype": 6, 
            "dataset": 4, 
            "num_rows": 20
        }, 
        "model": "librarian.datasetstructure", 
        "pk": 4
    }, 
    {
        "fields": {
            "compounddatatype": 6, 
            "dataset": 5, 
            "num_rows": 20
        }, 
        "model": "librarian.datasetstructure", 
        "pk": 5
    }, 
    {
        "fields": {
            "compounddatatype": 6, 
            "dataset": 6, 
            "num_rows": 20
        }, 
        "model": "librarian.datasetstructure", 
        "pk": 6
    }, 
    {
        "fields": {
            "generator": 1
        }, 
        "model": "librarian.execrecord", 
        "pk": 1
    }, 
    {
        "fields": {
            "generator": 2
        }, 
        "model": "librarian.execrecord", 
        "pk": 2
    }, 
    {
        "fields": {
            "generator": 3
        }, 
        "model": "librarian.execrecord", 
        "pk": 3
    }, 
    {
        "fields": {
            "generator": 4
        }, 
        "model": "librarian.execrecord", 
        "pk": 4
    }, 
    {
        "fields": {
            "generator": 5
        }, 
        "model": "librarian.execrecord", 
        "pk": 5
    }, 
    {
        "fields": {
            "generator": 9
        }, 
        "model": "librarian.execrecord", 
        "pk": 6
    }, 
    {
        "fields": {
            "generator": 10
        }, 
        "model": "librarian.execrecord", 
        "pk": 7
    }, 
    {
        "fields": {
            "dataset": 2, 
            "execrecord": 1, 
            "generic_input": 15
        }, 
        "model": "librarian.execrecordin", 
        "pk": 1
    }, 
    {
        "fields": {
            "dataset": 2, 
            "execrecord": 2, 
            "generic_input": 11
        }, 
        "model": "librarian.execrecordin", 
        "pk": 2
    }, 
    {
        "fields": {
            "dataset": 4, 
            "execrecord": 3, 
            "generic_input": 12
        }, 
        "model": "librarian.execrecordin", 
        "pk": 3
    }, 
    {
        "fields": {
            "dataset": 4, 
            "execrecord": 4, 
            "generic_input": 11
        }, 
        "model": "librarian.execrecordin", 
        "pk": 4
    }, 
    {
        "fields": {
            "dataset": 5, 
            "execrecord": 5, 
            "generic_input": 12
        }, 
        "model": "librarian.execrecordin", 
        "pk": 5
    }, 
    {
        "fields": {
            "dataset": 4, 
            "execrecord": 6, 
            "generic_input": 7
        }, 
        "model": "librarian.execrecordin", 
        "pk": 6
    }, 
    {
        "fields": {
            "dataset": 6, 
            "execrecord": 7, 
            "generic_input": 8
        }, 
        "model": "librarian.execrecordin", 
        "pk": 7
    }, 
    {
        "fields": {
            "dataset": 2, 
            "execrecord": 1, 
            "generic_output": 11
        }, 
        "model": "librarian.execrecordout", 
        "pk": 1
    }, 
    {
        "fields": {
            "dataset": 4, 
            "execrecord": 2, 
            "generic_output": 12
        }, 
        "model": "librarian.execrecordout", 
        "pk": 2
    }, 
    {
        "fields": {
            "dataset": 4, 
            "execrecord": 3, 
            "generic_output": 11
        }, 
        "model": "librarian.execrecordout", 
        "pk": 3
    }, 
    {
        "fields": {
            "dataset": 5, 
            "execrecord": 4, 
            "generic_output": 12
        }, 
        "model": "librarian.execrecordout", 
        "pk": 4
    }, 
    {
        "fields": {
            "dataset": 5, 
            "execrecord": 5, 
            "generic_output": 16
        }, 
        "model": "librarian.execrecordout", 
        "pk": 5
    }, 
    {
        "fields": {
            "dataset": 6, 
            "execrecord": 6, 
            "generic_output": 8
        }, 
        "model": "librarian.execrecordout", 
        "pk": 6
    }, 
    {
        "fields": {
            "dataset": 6, 
            "execrecord": 7, 
            "generic_output": 18
        }, 
        "model": "librarian.execrecordout", 
        "pk": 7
    }, 
    {
        "fields": {
            "fill_colour": "", 
            "name": "", 
            "outputs_to_delete": [
                12
            ], 
            "pipeline": 8, 
            "step_num": 1, 
            "transformation": 6, 
            "x": 0.0, 
            "y": 0.0
        }, 
        "model": "pipeline.pipelinestep", 
        "pk": 1
    }, 
    {
        "fields": {
            "fill_colour": "", 
            "name": "", 
            "outputs_to_delete": [], 
            "pipeline": 8, 
            "step_num": 2, 
            "transformation": 6, 
            "x": 0.0, 
            "y": 0.0
        }, 
        "model": "pipeline.pipelinestep", 
        "pk": 2
    }, 
    {
        "fields": {
            "fill_colour": "", 
            "name": "", 
            "outputs_to_delete": [
                12
            ], 
            "pipeline": 9, 
            "step_num": 1, 
            "transformation": 6, 
            "x": 0.0, 
            "y": 0.0
        }, 
        "model": "pipeline.pipelinestep", 
        "pk": 3
    }, 
    {
        "fields": {
            "fill_colour": "", 
            "name": "", 
            "outputs_to_delete": [], 
            "pipeline": 9, 
            "step_num": 2, 
            "transformation": 4, 
            "x": 0.0, 
            "y": 0.0
        }, 
        "model": "pipeline.pipelinestep", 
        "pk": 4
    }, 
    {
        "fields": {}, 
        "model": "pipeline.pipelinecable", 
        "pk": 1
    }, 
    {
        "fields": {}, 
        "model": "pipeline.pipelinecable", 
        "pk": 2
    }, 
    {
        "fields": {}, 
        "model": "pipeline.pipelinecable", 
        "pk": 3
    }, 
    {
        "fields": {}, 
        "model": "pipeline.pipelinecable", 
        "pk": 4
    }, 
    {
        "fields": {}, 
        "model": "pipeline.pipelinecable", 
        "pk": 5
    }, 
    {
        "fields": {}, 
        "model": "pipeline.pipelinecable", 
        "pk": 6
    }, 
    {
        "fields": {
            "dest": 11, 
            "keep_output": false, 
            "pipelinestep": 1, 
            "source": 15, 
            "source_step": 0
        }, 
        "model": "pipeline.pipelinestepinputcable", 
        "pk": 1
    }, 
    {
        "fields": {
            "dest": 11, 
            "keep_output": false, 
            "pipelinestep": 2, 
            "source": 12, 
            "source_step": 1
        }, 
        "model": "pipeline.pipelinestepinputcable", 
        "pk": 2
    }, 
    {
        "fields": {
            "dest": 11, 
            "keep_output": false, 
            "pipelinestep": 3, 
            "source": 17, 
            "source_step": 0
        }, 
        "model": "pipeline.pipelinestepinputcable", 
        "pk": 4
    }, 
    {
        "fields": {
            "dest": 7, 
            "keep_output": false, 
            "pipelinestep": 4, 
            "source": 12, 
            "source_step": 1
        }, 
        "model": "pipeline.pipelinestepinputcable", 
        "pk": 5
    }, 
    {
        "fields": {
            "output_cdt": 6, 
            "output_idx": 1, 
            "output_name": "samedata", 
            "pipeline": 8, 
            "source": 12, 
            "source_step": 2
        }, 
        "model": "pipeline.pipelineoutputcable", 
        "pk": 3
    }, 
    {
        "fields": {
            "output_cdt": 6, 
            "output_idx": 1, 
            "output_name": "reversed_data", 
            "pipeline": 9, 
            "source": 8, 
            "source_step": 2
        }, 
        "model": "pipeline.pipelineoutputcable", 
        "pk": 6
    }, 
    {
        "fields": {
            "x": 0.0, 
            "y": 0.0
        }, 
        "model": "transformation.transformationxput", 
        "pk": 1
    }, 
    {
        "fields": {
            "x": 0.0, 
            "y": 0.0
        }, 
        "model": "transformation.transformationxput", 
        "pk": 2
    }, 
    {
        "fields": {
            "x": 0.0, 
            "y": 0.0
        }, 
        "model": "transformation.transformationxput", 
        "pk": 3
    }, 
    {
        "fields": {
            "x": 0.0, 
            "y": 0.0
        }, 
        "model": "transformation.transformationxput", 
        "pk": 4
    }, 
    {
        "fields": {
            "x": 0.0, 
            "y": 0.0
        }, 
        "model": "transformation.transformationxput", 
        "pk": 5
    }, 
    {
        "fields": {
            "x": 0.0, 
            "y": 0.0
        }, 
        "model": "transformation.transformationxput", 
        "pk": 6
    }, 
    {
        "fields": {
            "x": 0.0, 
            "y": 0.0
        }, 
        "model": "transformation.transformationxput", 
        "pk": 7
    }, 
    {
        "fields": {
            "x": 0.0, 
            "y": 0.0
        }, 
        "model": "transformation.transformationxput", 
        "pk": 8
    }, 
    {
        "fields": {
            "x": 0.0, 
            "y": 0.0
        }, 
        "model": "transformation.transformationxput", 
        "pk": 9
    }, 
    {
        "fields": {
            "x": 0.0, 
            "y": 0.0
        }, 
        "model": "transformation.transformationxput", 
        "pk": 10
    }, 
    {
        "fields": {
            "x": 0.0, 
            "y": 0.0
        }, 
        "model": "transformation.transformationxput", 
        "pk": 11
    }, 
    {
        "fields": {
            "x": 0.0, 
            "y": 0.0
        }, 
        "model": "transformation.transformationxput", 
        "pk": 12
    }, 
    {
        "fields": {
            "x": 0.0, 
            "y": 0.0
        }, 
        "model": "transformation.transformationxput", 
        "pk": 13
    }, 
    {
        "fields": {
            "x": 0.0, 
            "y": 0.0
        }, 
        "model": "transformation.transformationxput", 
        "pk": 14
    }, 
    {
        "fields": {
            "x": 0.0, 
            "y": 0.0
        }, 
        "model": "transformation.transformationxput", 
        "pk": 15
    }, 
    {
        "fields": {
            "x": 0.0, 
            "y": 0.0
        }, 
        "model": "transformation.transformationxput", 
        "pk": 16
    }, 
    {
        "fields": {
            "x": 0.0, 
            "y": 0.0
        }, 
        "model": "transformation.transformationxput", 
        "pk": 17
    }, 
    {
        "fields": {
            "x": 0.0, 
            "y": 0.0
        }, 
        "model": "transformation.transformationxput", 
        "pk": 18
    }, 
    {
        "fields": {
            "compounddatatype": 5, 
            "max_row": null, 
            "min_row": null, 
            "transf_xput": 1
        }, 
        "model": "transformation.xputstructure", 
        "pk": 1
    }, 
    {
        "fields": {
            "compounddatatype": 5, 
            "max_row": null, 
            "min_row": null, 
            "transf_xput": 2
        }, 
        "model": "transformation.xputstructure", 
        "pk": 2
    }, 
    {
        "fields": {
            "compounddatatype": 5, 
            "max_row": null, 
            "min_row": null, 
            "transf_xput": 3
        }, 
        "model": "transformation.xputstructure", 
        "pk": 3
    }, 
    {
        "fields": {
            "compounddatatype": 5, 
            "max_row": null, 
            "min_row": null, 
            "transf_xput": 4
        }, 
        "model": "transformation.xputstructure", 
        "pk": 4
    }, 
    {
        "fields": {
            "compounddatatype": 6, 
            "max_row": null, 
            "min_row": null, 
            "transf_xput": 7
        }, 
        "model": "transformation.xputstructure", 
        "pk": 5
    }, 
    {
        "fields": {
            "compounddatatype": 6, 
            "max_row": null, 
            "min_row": null, 
            "transf_xput": 8
        }, 
        "model": "transformation.xputstructure", 
        "pk": 6
    }, 
    {
        "fields": {
            "compounddatatype": 7, 
            "max_row": null, 
            "min_row": null, 
            "transf_xput": 9
        }, 
        "model": "transformation.xputstructure", 
        "pk": 7
    }, 
    {
        "fields": {
            "compounddatatype": 7, 
            "max_row": null, 
            "min_row": null, 
            "transf_xput": 10
        }, 
        "model": "transformation.xputstructure", 
        "pk": 8
    }, 
    {
        "fields": {
            "compounddatatype": 6, 
            "max_row": null, 
            "min_row": null, 
            "transf_xput": 11
        }, 
        "model": "transformation.xputstructure", 
        "pk": 9
    }, 
    {
        "fields": {
            "compounddatatype": 6, 
            "max_row": null, 
            "min_row": null, 
            "transf_xput": 12
        }, 
        "model": "transformation.xputstructure", 
        "pk": 10
    }, 
    {
        "fields": {
            "compounddatatype": 7, 
            "max_row": null, 
            "min_row": null, 
            "transf_xput": 13
        }, 
        "model": "transformation.xputstructure", 
        "pk": 11
    }, 
    {
        "fields": {
            "compounddatatype": 7, 
            "max_row": null, 
            "min_row": null, 
            "transf_xput": 14
        }, 
        "model": "transformation.xputstructure", 
        "pk": 12
    }, 
    {
        "fields": {
            "compounddatatype": 6, 
            "max_row": null, 
            "min_row": null, 
            "transf_xput": 15
        }, 
        "model": "transformation.xputstructure", 
        "pk": 13
    }, 
    {
        "fields": {
            "compounddatatype": 6, 
            "max_row": null, 
            "min_row": null, 
            "transf_xput": 16
        }, 
        "model": "transformation.xputstructure", 
        "pk": 14
    }, 
    {
        "fields": {
            "compounddatatype": 6, 
            "max_row": null, 
            "min_row": null, 
            "transf_xput": 17
        }, 
        "model": "transformation.xputstructure", 
        "pk": 15
    }, 
    {
        "fields": {
            "compounddatatype": 6, 
            "max_row": null, 
            "min_row": null, 
            "transf_xput": 18
        }, 
        "model": "transformation.xputstructure", 
        "pk": 16
    }, 
    {
        "fields": {
            "dataset_idx": 1, 
            "dataset_name": "strings", 
            "transformation": 1
        }, 
        "model": "transformation.transformationinput", 
        "pk": 1
    }, 
    {
        "fields": {
            "dataset_idx": 1, 
            "dataset_name": "strings", 
            "transformation": 2
        }, 
        "model": "transformation.transformationinput", 
        "pk": 3
    }, 
    {
        "fields": {
            "dataset_idx": 1, 
            "dataset_name": "raw", 
            "transformation": 3
        }, 
        "model": "transformation.transformationinput", 
        "pk": 5
    }, 
    {
        "fields": {
            "dataset_idx": 1, 
            "dataset_name": "words_to_reverse", 
            "transformation": 4
        }, 
        "model": "transformation.transformationinput", 
        "pk": 7
    }, 
    {
        "fields": {
            "dataset_idx": 1, 
            "dataset_name": "words_to_rereverse", 
            "transformation": 5
        }, 
        "model": "transformation.transformationinput", 
        "pk": 9
    }, 
    {
        "fields": {
            "dataset_idx": 1, 
            "dataset_name": "words", 
            "transformation": 6
        }, 
        "model": "transformation.transformationinput", 
        "pk": 11
    }, 
    {
        "fields": {
            "dataset_idx": 1, 
            "dataset_name": "backwords", 
            "transformation": 7
        }, 
        "model": "transformation.transformationinput", 
        "pk": 13
    }, 
    {
        "fields": {
            "dataset_idx": 1, 
            "dataset_name": "data", 
            "transformation": 8
        }, 
        "model": "transformation.transformationinput", 
        "pk": 15
    }, 
    {
        "fields": {
            "dataset_idx": 1, 
            "dataset_name": "data", 
            "transformation": 9
        }, 
        "model": "transformation.transformationinput", 
        "pk": 17
    }, 
    {
        "fields": {
            "dataset_idx": 1, 
            "dataset_name": "same_strings", 
            "transformation": 1
        }, 
        "model": "transformation.transformationoutput", 
        "pk": 2
    }, 
    {
        "fields": {
            "dataset_idx": 1, 
            "dataset_name": "untouched_strings", 
            "transformation": 2
        }, 
        "model": "transformation.transformationoutput", 
        "pk": 4
    }, 
    {
        "fields": {
            "dataset_idx": 1, 
            "dataset_name": "same_raw", 
            "transformation": 3
        }, 
        "model": "transformation.transformationoutput", 
        "pk": 6
    }, 
    {
        "fields": {
            "dataset_idx": 1, 
            "dataset_name": "reversed_words", 
            "transformation": 4
        }, 
        "model": "transformation.transformationoutput", 
        "pk": 8
    }, 
    {
        "fields": {
            "dataset_idx": 1, 
            "dataset_name": "rereversed_words", 
            "transformation": 5
        }, 
        "model": "transformation.transformationoutput", 
        "pk": 10
    }, 
    {
        "fields": {
            "dataset_idx": 1, 
            "dataset_name": "more_words", 
            "transformation": 6
        }, 
        "model": "transformation.transformationoutput", 
        "pk": 12
    }, 
    {
        "fields": {
            "dataset_idx": 1, 
            "dataset_name": "more_backwords", 
            "transformation": 7
        }, 
        "model": "transformation.transformationoutput", 
        "pk": 14
    }, 
    {
        "fields": {
            "dataset_idx": 1, 
            "dataset_name": "samedata", 
            "transformation": 8
        }, 
        "model": "transformation.transformationoutput", 
        "pk": 16
    }, 
    {
        "fields": {
            "dataset_idx": 1, 
            "dataset_name": "reversed_data", 
            "transformation": 9
        }, 
        "model": "transformation.transformationoutput", 
        "pk": 18
    }, 
    {
        "fields": {
            "date_joined": "2000-01-01T00:00:00Z", 
            "email": "bob@talabs.com", 
            "first_name": "", 
            "groups": [
                1
            ], 
            "is_active": true, 
            "is_staff": false, 
            "is_superuser": false, 
            "last_login": null, 
            "last_name": "", 
            "password": "pbkdf2_sha256$24000$RNcvUzSSJwkN$imp41u05xYS8Fc20NtxsEl+KL3p2rPx0RL4aHjtNj9Y=", 
            "user_permissions": [], 
            "username": "bob"
        }, 
        "model": "auth.user", 
        "pk": 2
    }, 
    {
        "fields": {
            "date_created": "2000-01-01T00:00:00Z", 
            "description": "sequences of ASCII characters", 
            "groups_allowed": [
                1
            ], 
            "name": "my_string", 
            "prototype": null, 
            "restricts": [
                1
            ], 
            "user": 2, 
            "users_allowed": []
        }, 
        "model": "metadata.datatype", 
        "pk": 8
    }, 
    {
        "fields": {
            "groups_allowed": [
                1
            ], 
            "name": "", 
            "user": 2, 
            "users_allowed": []
        }, 
        "model": "metadata.compounddatatype", 
        "pk": 5
    }, 
    {
        "fields": {
            "groups_allowed": [
                1
            ], 
            "name": "", 
            "user": 2, 
            "users_allowed": []
        }, 
        "model": "metadata.compounddatatype", 
        "pk": 6
    }, 
    {
        "fields": {
            "groups_allowed": [
                1
            ], 
            "name": "", 
            "user": 2, 
            "users_allowed": []
        }, 
        "model": "metadata.compounddatatype", 
        "pk": 7
    }, 
    {
        "fields": {
            "_runstate": 3, 
            "description": "", 
            "end_time": "2000-01-01T00:00:41Z", 
            "groups_allowed": [
                1
            ], 
            "name": "", 
            "parent_runstep": null, 
            "paused_by": null, 
            "pipeline": 8, 
            "purged": false, 
            "runbatch": null, 
            "sandbox_path": "/home/walter/kivemediaroot/Sandboxes/userbob_run1_fG0d55", 
            "start_time": "2000-01-01T00:00:36Z", 
            "stopped_by": null, 
            "time_queued": "2016-10-19T16:21:33.582Z", 
            "user": 2, 
            "users_allowed": []
        }, 
        "model": "archive.run", 
        "pk": 1
    }, 
    {
        "fields": {
            "_runstate": 3, 
            "description": "", 
            "end_time": "2000-01-01T00:01:17Z", 
            "groups_allowed": [
                1
            ], 
            "name": "", 
            "parent_runstep": null, 
            "paused_by": null, 
            "pipeline": 9, 
            "purged": false, 
            "runbatch": null, 
            "sandbox_path": "/home/walter/kivemediaroot/Sandboxes/userbob_run2_0KoGrV", 
            "start_time": "2000-01-01T00:01:12Z", 
            "stopped_by": null, 
            "time_queued": "2016-10-19T16:22:09.474Z", 
            "user": 2, 
            "users_allowed": []
        }, 
        "model": "archive.run", 
        "pk": 2
    }, 
    {
        "fields": {
            "MD5_checksum": "092ef90fe0201f4b002cd200f7754d45", 
            "_redacted": false, 
            "dataset_file": "Datasets/2016_10/tmpi53OQq", 
            "date_created": "2000-01-01T00:00:04Z", 
            "description": "blahblahblah", 
            "external_path": "", 
            "externalfiledirectory": null, 
            "file_source": null, 
            "groups_allowed": [
                1
            ], 
            "last_time_checked": "2016-10-19T16:21:31.505Z", 
            "name": "blahblah", 
            "user": 2, 
            "users_allowed": []
        }, 
        "model": "librarian.dataset", 
        "pk": 1
    }, 
    {
        "fields": {
            "MD5_checksum": "49d48fef110525c0ea4cd811111934ff", 
            "_redacted": false, 
            "dataset_file": "Datasets/2016_10/tmpT53Ffs", 
            "date_created": "2000-01-01T00:00:05Z", 
            "description": "random reversed words", 
            "external_path": "", 
            "externalfiledirectory": null, 
            "file_source": null, 
            "groups_allowed": [
                1
            ], 
            "last_time_checked": "2016-10-19T16:21:32.280Z", 
            "name": "wordbacks", 
            "user": 2, 
            "users_allowed": []
        }, 
        "model": "librarian.dataset", 
        "pk": 2
    }, 
    {
        "fields": {
            "MD5_checksum": "17bfea23f36dea9f3f68df25c1b1a392", 
            "_redacted": false, 
            "dataset_file": "Datasets/2016_10/tmpiJOytp", 
            "date_created": "2000-01-01T00:00:05Z", 
            "description": "random reversed words", 
            "external_path": "", 
            "externalfiledirectory": null, 
            "file_source": null, 
            "groups_allowed": [
                1
            ], 
            "last_time_checked": "2016-10-19T16:21:32.418Z", 
            "name": "backwords", 
            "user": 2, 
            "users_allowed": []
        }, 
        "model": "librarian.dataset", 
        "pk": 3
    }, 
    {
        "fields": {
            "MD5_checksum": "49d48fef110525c0ea4cd811111934ff", 
            "_redacted": false, 
            "dataset_file": "", 
            "date_created": "2000-01-01T00:00:38Z", 
            "description": "Generated data from a run of pipeline \"Two-step pipeline:1 (v1)\" started at 2016-10-19 16:22:03.879945+00:00 by bob\nrun: 1\nuser: bob\nstep: 1\noutput: more_words", 
            "external_path": "", 
            "externalfiledirectory": null, 
            "file_source": 1, 
            "groups_allowed": [
                1
            ], 
            "last_time_checked": "2016-10-19T16:22:05.187Z", 
            "name": "run1_step1_outputmore_words", 
            "user": 2, 
            "users_allowed": []
        }, 
        "model": "librarian.dataset", 
        "pk": 4
    }, 
    {
        "fields": {
            "MD5_checksum": "49d48fef110525c0ea4cd811111934ff", 
            "_redacted": false, 
            "dataset_file": "Datasets/2016_10/step2_more_words.csv", 
            "date_created": "2000-01-01T00:00:39Z", 
            "description": "Generated data from a run of pipeline \"Two-step pipeline:1 (v1)\" started at 2016-10-19 16:22:03.879945+00:00 by bob\nrun: 1\nuser: bob\nstep: 2\noutput: more_words", 
            "external_path": "", 
            "externalfiledirectory": null, 
            "file_source": 2, 
            "groups_allowed": [
                1
            ], 
            "last_time_checked": "2016-10-19T16:22:07.023Z", 
            "name": "run1_step2_outputmore_words", 
            "user": 2, 
            "users_allowed": []
        }, 
        "model": "librarian.dataset", 
        "pk": 5
    }, 
    {
        "fields": {
            "MD5_checksum": "49d48fef110525c0ea4cd811111934ff", 
            "_redacted": false, 
            "dataset_file": "Datasets/2016_10/step2_reversed_words.csv", 
            "date_created": "2000-01-01T00:01:15Z", 
            "description": "Generated data from a run of pipeline \"Pipeline that will follow the first:1 (v1)\" started at 2016-10-19 16:22:39.702230+00:00 by bob\nrun: 2\nuser: bob\nstep: 2\noutput: reversed_words", 
            "external_path": "", 
            "externalfiledirectory": null, 
            "file_source": 7, 
            "groups_allowed": [
                1
            ], 
            "last_time_checked": "2016-10-19T16:22:42.612Z", 
            "name": "run2_step2_outputreversed_words", 
            "user": 2, 
            "users_allowed": []
        }, 
        "model": "librarian.dataset", 
        "pk": 6
    }, 
    {
        "fields": {
            "description": "a script to do nothing", 
            "filename": "noop.sh", 
            "groups_allowed": [
                1
            ], 
            "name": "noop", 
            "user": 2, 
            "users_allowed": []
        }, 
        "model": "method.coderesource", 
        "pk": 1
    }, 
    {
        "fields": {
            "description": "a script to reverse lines of a file", 
            "filename": "reverse.py", 
            "groups_allowed": [
                1
            ], 
            "name": "reverse", 
            "user": 2, 
            "users_allowed": []
        }, 
        "model": "method.coderesource", 
        "pk": 2
    }, 
    {
        "fields": {
            "MD5_checksum": "d218c00725d473639f347d456de381d8", 
            "coderesource": 1, 
            "content_file": "CodeResources/fdopen", 
            "groups_allowed": [
                1
            ], 
            "revision_DateTime": "2000-01-01T00:00:00Z", 
            "revision_desc": "first version", 
            "revision_name": "1", 
            "revision_number": 1, 
            "revision_parent": null, 
            "user": 2, 
            "users_allowed": []
        }, 
        "model": "method.coderesourcerevision", 
        "pk": 1
    }, 
    {
        "fields": {
            "MD5_checksum": "55d9a706ac81b733f851a279d27d8cf2", 
            "coderesource": 2, 
            "content_file": "CodeResources/fdopen_u4tX3PH", 
            "groups_allowed": [
                1
            ], 
            "revision_DateTime": "2000-01-01T00:00:01Z", 
            "revision_desc": "first version", 
            "revision_name": "1", 
            "revision_number": 1, 
            "revision_parent": null, 
            "user": 2, 
            "users_allowed": []
        }, 
        "model": "method.coderesourcerevision", 
        "pk": 2
    }, 
    {
        "fields": {
            "driver": 1, 
            "family": 1, 
            "groups_allowed": [
                1
            ], 
            "reusable": 1, 
            "revision_number": 1, 
            "revision_parent": null, 
            "tainted": false, 
            "threads": 1, 
            "users_allowed": []
        }, 
        "model": "method.method", 
        "pk": 1
    }, 
    {
        "fields": {
            "driver": 1, 
            "family": 2, 
            "groups_allowed": [
                1
            ], 
            "reusable": 1, 
            "revision_number": 1, 
            "revision_parent": null, 
            "tainted": false, 
            "threads": 1, 
            "users_allowed": []
        }, 
        "model": "method.method", 
        "pk": 2
    }, 
    {
        "fields": {
            "driver": 1, 
            "family": 3, 
            "groups_allowed": [
                1
            ], 
            "reusable": 1, 
            "revision_number": 1, 
            "revision_parent": null, 
            "tainted": false, 
            "threads": 1, 
            "users_allowed": []
        }, 
        "model": "method.method", 
        "pk": 3
    }, 
    {
        "fields": {
            "driver": 2, 
            "family": 4, 
            "groups_allowed": [
                1
            ], 
            "reusable": 1, 
            "revision_number": 1, 
            "revision_parent": null, 
            "tainted": false, 
            "threads": 1, 
            "users_allowed": []
        }, 
        "model": "method.method", 
        "pk": 4
    }, 
    {
        "fields": {
            "driver": 2, 
            "family": 5, 
            "groups_allowed": [
                1
            ], 
            "reusable": 1, 
            "revision_number": 1, 
            "revision_parent": null, 
            "tainted": false, 
            "threads": 1, 
            "users_allowed": []
        }, 
        "model": "method.method", 
        "pk": 5
    }, 
    {
        "fields": {
            "driver": 1, 
            "family": 6, 
            "groups_allowed": [
                1
            ], 
            "reusable": 1, 
            "revision_number": 1, 
            "revision_parent": null, 
            "tainted": false, 
            "threads": 1, 
            "users_allowed": []
        }, 
        "model": "method.method", 
        "pk": 6
    }, 
    {
        "fields": {
            "driver": 1, 
            "family": 7, 
            "groups_allowed": [
                1
            ], 
            "reusable": 1, 
            "revision_number": 1, 
            "revision_parent": null, 
            "tainted": false, 
            "threads": 1, 
            "users_allowed": []
        }, 
        "model": "method.method", 
        "pk": 7
    }, 
    {
        "fields": {
            "description": "a method to do nothing to strings", 
            "groups_allowed": [
                1
            ], 
            "name": "string noop", 
            "user": 2, 
            "users_allowed": []
        }, 
        "model": "method.methodfamily", 
        "pk": 1
    }, 
    {
        "fields": {
            "description": "a TOTALLY DIFFERENT method that TOTALLY does SOMETHING to strings by leaving them alone", 
            "groups_allowed": [
                1
            ], 
            "name": "string trivial", 
            "user": 2, 
            "users_allowed": []
        }, 
        "model": "method.methodfamily", 
        "pk": 2
    }, 
    {
        "fields": {
            "description": "do nothing to raw data", 
            "groups_allowed": [
                1
            ], 
            "name": "raw noop", 
            "user": 2, 
            "users_allowed": []
        }, 
        "model": "method.methodfamily", 
        "pk": 3
    }, 
    {
        "fields": {
            "description": "a method to reverse strings", 
            "groups_allowed": [
                1
            ], 
            "name": "string reverse", 
            "user": 2, 
            "users_allowed": []
        }, 
        "model": "method.methodfamily", 
        "pk": 4
    }, 
    {
        "fields": {
            "description": "a method to re-reverse strings", 
            "groups_allowed": [
                1
            ], 
            "name": "string re-reverse", 
            "user": 2, 
            "users_allowed": []
        }, 
        "model": "method.methodfamily", 
        "pk": 5
    }, 
    {
        "fields": {
            "description": "a method to do nothing on two columns (word, drow)", 
            "groups_allowed": [
                1
            ], 
            "name": "noop wordback", 
            "user": 2, 
            "users_allowed": []
        }, 
        "model": "method.methodfamily", 
        "pk": 6
    }, 
    {
        "fields": {
            "description": "a method to do nothing on two columns", 
            "groups_allowed": [
                1
            ], 
            "name": "noop backword", 
            "user": 2, 
            "users_allowed": []
        }, 
        "model": "method.methodfamily", 
        "pk": 7
    }, 
    {
        "fields": {
            "description": "Toy pipeline for testing data check cleaning of RunSteps.", 
            "groups_allowed": [
                1
            ], 
            "name": "Two-step pipeline", 
            "user": 2, 
            "users_allowed": []
        }, 
        "model": "pipeline.pipelinefamily", 
        "pk": 1
    }, 
    {
        "fields": {
            "description": "Toy pipeline that will need to recover its first step when following the above.", 
            "groups_allowed": [
                1
            ], 
            "name": "Pipeline that will follow the first", 
            "user": 2, 
            "users_allowed": []
        }, 
        "model": "pipeline.pipelinefamily", 
        "pk": 2
    }, 
    {
        "fields": {
            "family": 1, 
            "groups_allowed": [
                1
            ], 
            "published": false, 
            "revision_number": 1, 
            "revision_parent": null, 
            "users_allowed": []
        }, 
        "model": "pipeline.pipeline", 
        "pk": 8
    }, 
    {
        "fields": {
            "family": 2, 
            "groups_allowed": [
                1
            ], 
            "published": false, 
            "revision_number": 1, 
            "revision_parent": null, 
            "users_allowed": []
        }, 
        "model": "pipeline.pipeline", 
        "pk": 9
    }, 
    {
        "fields": {
            "groups_allowed": [
                1
            ], 
            "revision_DateTime": "2000-01-01T00:00:00Z", 
            "revision_desc": "first version", 
            "revision_name": "v1", 
            "user": 2, 
            "users_allowed": []
        }, 
        "model": "transformation.transformation", 
        "pk": 1
    }, 
    {
        "fields": {
            "groups_allowed": [
                1
            ], 
            "revision_DateTime": "2000-01-01T00:00:01Z", 
            "revision_desc": "first version", 
            "revision_name": "v1", 
            "user": 2, 
            "users_allowed": []
        }, 
        "model": "transformation.transformation", 
        "pk": 2
    }, 
    {
        "fields": {
            "groups_allowed": [
                1
            ], 
            "revision_DateTime": "2000-01-01T00:00:01Z", 
            "revision_desc": "first version", 
            "revision_name": "v1", 
            "user": 2, 
            "users_allowed": []
        }, 
        "model": "transformation.transformation", 
        "pk": 3
    }, 
    {
        "fields": {
            "groups_allowed": [
                1
            ], 
            "revision_DateTime": "2000-01-01T00:00:02Z", 
            "revision_desc": "first version", 
            "revision_name": "v1", 
            "user": 2, 
            "users_allowed": []
        }, 
        "model": "transformation.transformation", 
        "pk": 4
    }, 
    {
        "fields": {
            "groups_allowed": [
                1
            ], 
            "revision_DateTime": "2000-01-01T00:00:02Z", 
            "revision_desc": "first version", 
            "revision_name": "v1", 
            "user": 2, 
            "users_allowed": []
        }, 
        "model": "transformation.transformation", 
        "pk": 5
    }, 
    {
        "fields": {
            "groups_allowed": [
                1
            ], 
            "revision_DateTime": "2000-01-01T00:00:03Z", 
            "revision_desc": "first version", 
            "revision_name": "v1", 
            "user": 2, 
            "users_allowed": []
        }, 
        "model": "transformation.transformation", 
        "pk": 6
    }, 
    {
        "fields": {
            "groups_allowed": [
                1
            ], 
            "revision_DateTime": "2000-01-01T00:00:03Z", 
            "revision_desc": "first version", 
            "revision_name": "v1", 
            "user": 2, 
            "users_allowed": []
        }, 
        "model": "transformation.transformation", 
        "pk": 7
    }, 
    {
        "fields": {
            "groups_allowed": [
                1
            ], 
            "revision_DateTime": "2000-01-01T00:00:05Z", 
            "revision_desc": "first version", 
            "revision_name": "v1", 
            "user": 2, 
            "users_allowed": []
        }, 
        "model": "transformation.transformation", 
        "pk": 8
    }, 
    {
        "fields": {
            "groups_allowed": [
                1
            ], 
            "revision_DateTime": "2000-01-01T00:00:41Z", 
            "revision_desc": "first version", 
            "revision_name": "v1", 
            "user": 2, 
            "users_allowed": []
        }, 
        "model": "transformation.transformation", 
        "pk": 9
    }, 
    {
        "fields": {
            "dataset": 1, 
            "end_time": "2000-01-01T00:00:04Z", 
            "execlog": null, 
            "start_time": "2000-01-01T00:00:04Z", 
            "user": 2
        }, 
        "model": "datachecking.contentchecklog", 
        "pk": 1
    }, 
    {
        "fields": {
            "dataset": 2, 
            "end_time": "2000-01-01T00:00:05Z", 
            "execlog": null, 
            "start_time": "2000-01-01T00:00:05Z", 
            "user": 2
        }, 
        "model": "datachecking.contentchecklog", 
        "pk": 2
    }, 
    {
        "fields": {
            "dataset": 3, 
            "end_time": "2000-01-01T00:00:05Z", 
            "execlog": null, 
            "start_time": "2000-01-01T00:00:05Z", 
            "user": 2
        }, 
        "model": "datachecking.contentchecklog", 
        "pk": 3
    }, 
    {
        "fields": {
            "dataset": 4, 
            "end_time": "2000-01-01T00:00:38Z", 
            "execlog": 2, 
            "start_time": "2000-01-01T00:00:38Z", 
            "user": 2
        }, 
        "model": "datachecking.contentchecklog", 
        "pk": 4
    }, 
    {
        "fields": {
            "dataset": 5, 
            "end_time": "2000-01-01T00:00:40Z", 
            "execlog": 4, 
            "start_time": "2000-01-01T00:00:40Z", 
            "user": 2
        }, 
        "model": "datachecking.contentchecklog", 
        "pk": 5
    }, 
    {
        "fields": {
            "dataset": 6, 
            "end_time": "2000-01-01T00:01:15Z", 
            "execlog": 9, 
            "start_time": "2000-01-01T00:01:15Z", 
            "user": 2
        }, 
        "model": "datachecking.contentchecklog", 
        "pk": 6
    }, 
    {
        "fields": {
            "dataset": 2, 
            "end_time": "2000-01-01T00:00:37Z", 
            "execlog": null, 
            "read_failed": false, 
            "runcomponent": 3, 
            "start_time": "2000-01-01T00:00:37Z", 
            "user": 2
        }, 
        "model": "datachecking.integritychecklog", 
        "pk": 1
    }, 
    {
        "fields": {
            "dataset": 2, 
            "end_time": "2000-01-01T00:01:13Z", 
            "execlog": null, 
            "read_failed": false, 
            "runcomponent": 8, 
            "start_time": "2000-01-01T00:01:13Z", 
            "user": 2
        }, 
        "model": "datachecking.integritychecklog", 
        "pk": 2
    }, 
    {
        "fields": {
            "dataset": 4, 
            "end_time": "2000-01-01T00:01:14Z", 
            "execlog": 7, 
            "read_failed": false, 
            "runcomponent": null, 
            "start_time": "2000-01-01T00:01:14Z", 
            "user": 2
        }, 
        "model": "datachecking.integritychecklog", 
        "pk": 3
    }
]