[
    {
        "fields": {
            "datatype": 8, 
            "column_idx": 1, 
            "compounddatatype": 5, 
            "blankable": false, 
            "column_name": "word"
        }, 
        "model": "metadata.compounddatatypemember", 
        "pk": 7
    }, 
    {
        "fields": {
            "datatype": 8, 
            "column_idx": 1, 
            "compounddatatype": 6, 
            "blankable": false, 
            "column_name": "word"
        }, 
        "model": "metadata.compounddatatypemember", 
        "pk": 8
    }, 
    {
        "fields": {
            "datatype": 8, 
            "column_idx": 2, 
            "compounddatatype": 6, 
            "blankable": false, 
            "column_name": "drow"
        }, 
        "model": "metadata.compounddatatypemember", 
        "pk": 9
    }, 
    {
        "fields": {
            "datatype": 8, 
            "column_idx": 1, 
            "compounddatatype": 7, 
            "blankable": false, 
            "column_name": "drow"
        }, 
        "model": "metadata.compounddatatypemember", 
        "pk": 10
    }, 
    {
        "fields": {
            "datatype": 8, 
            "column_idx": 2, 
            "compounddatatype": 7, 
            "blankable": false, 
            "column_name": "word"
        }, 
        "model": "metadata.compounddatatypemember", 
        "pk": 11
    }, 
    {
        "fields": {
            "execrecord": 2, 
            "start_time": "2015-06-30T22:47:26.474Z", 
            "reused": false, 
            "_redacted": false, 
            "end_time": "2015-06-30T22:47:27.469Z", 
            "_complete": true, 
            "is_cancelled": false, 
            "_successful": true
        }, 
        "model": "archive.runcomponent", 
        "pk": 1
    }, 
    {
        "fields": {
            "execrecord": 1, 
            "start_time": "2015-06-30T22:47:26.562Z", 
            "reused": false, 
            "_redacted": false, 
            "end_time": "2015-06-30T22:47:26.730Z", 
            "_complete": true, 
            "is_cancelled": false, 
            "_successful": true
        }, 
        "model": "archive.runcomponent", 
        "pk": 2
    }, 
    {
        "fields": {
            "execrecord": 4, 
            "start_time": "2015-06-30T22:47:27.831Z", 
            "reused": false, 
            "_redacted": false, 
            "end_time": "2015-06-30T22:47:28.864Z", 
            "_complete": true, 
            "is_cancelled": false, 
            "_successful": true
        }, 
        "model": "archive.runcomponent", 
        "pk": 3
    }, 
    {
        "fields": {
            "execrecord": 3, 
            "start_time": "2015-06-30T22:47:27.909Z", 
            "reused": false, 
            "_redacted": false, 
            "end_time": "2015-06-30T22:47:28.061Z", 
            "_complete": true, 
            "is_cancelled": false, 
            "_successful": true
        }, 
        "model": "archive.runcomponent", 
        "pk": 4
    }, 
    {
        "fields": {
            "execrecord": 5, 
            "start_time": "2015-06-30T22:47:29.290Z", 
            "reused": false, 
            "_redacted": false, 
            "end_time": "2015-06-30T22:47:29.466Z", 
            "_complete": true, 
            "is_cancelled": false, 
            "_successful": true
        }, 
        "model": "archive.runcomponent", 
        "pk": 5
    }, 
    {
        "fields": {
            "execrecord": 2, 
            "start_time": "2015-06-30T22:47:30.741Z", 
            "reused": true, 
            "_redacted": false, 
            "end_time": "2015-06-30T22:47:31.080Z", 
            "_complete": true, 
            "is_cancelled": false, 
            "_successful": true
        }, 
        "model": "archive.runcomponent", 
        "pk": 6
    }, 
    {
        "fields": {
            "execrecord": 1, 
            "start_time": "2015-06-30T22:47:30.809Z", 
            "reused": true, 
            "_redacted": false, 
            "end_time": "2015-06-30T22:47:30.891Z", 
            "_complete": true, 
            "is_cancelled": false, 
            "_successful": true
        }, 
        "model": "archive.runcomponent", 
        "pk": 7
    }, 
    {
        "fields": {
            "execrecord": 6, 
            "start_time": "2015-06-30T22:47:31.364Z", 
            "reused": false, 
            "_redacted": false, 
            "end_time": "2015-06-30T22:47:32.755Z", 
            "_complete": true, 
            "is_cancelled": false, 
            "_successful": true
        }, 
        "model": "archive.runcomponent", 
        "pk": 8
    }, 
    {
        "fields": {
            "execrecord": 3, 
            "start_time": "2015-06-30T22:47:31.442Z", 
            "reused": true, 
            "_redacted": false, 
            "end_time": "2015-06-30T22:47:31.523Z", 
            "_complete": true, 
            "is_cancelled": false, 
            "_successful": true
        }, 
        "model": "archive.runcomponent", 
        "pk": 9
    }, 
    {
        "fields": {
            "execrecord": 7, 
            "start_time": "2015-06-30T22:47:33.185Z", 
            "reused": false, 
            "_redacted": false, 
            "end_time": "2015-06-30T22:47:33.359Z", 
            "_complete": true, 
            "is_cancelled": false, 
            "_successful": true
        }, 
        "model": "archive.runcomponent", 
        "pk": 10
    }, 
    {
        "fields": {
            "pipelinestep": 1, 
            "run": 1
        }, 
        "model": "archive.runstep", 
        "pk": 1
    }, 
    {
        "fields": {
            "pipelinestep": 2, 
            "run": 1
        }, 
        "model": "archive.runstep", 
        "pk": 3
    }, 
    {
        "fields": {
            "pipelinestep": 3, 
            "run": 2
        }, 
        "model": "archive.runstep", 
        "pk": 6
    }, 
    {
        "fields": {
            "pipelinestep": 4, 
            "run": 2
        }, 
        "model": "archive.runstep", 
        "pk": 8
    }, 
    {
        "fields": {
            "runstep": 1, 
            "PSIC": 1
        }, 
        "model": "archive.runsic", 
        "pk": 2
    }, 
    {
        "fields": {
            "runstep": 3, 
            "PSIC": 2
        }, 
        "model": "archive.runsic", 
        "pk": 4
    }, 
    {
        "fields": {
            "runstep": 6, 
            "PSIC": 4
        }, 
        "model": "archive.runsic", 
        "pk": 7
    }, 
    {
        "fields": {
            "runstep": 8, 
            "PSIC": 5
        }, 
        "model": "archive.runsic", 
        "pk": 9
    }, 
    {
        "fields": {
            "run": 1, 
            "pipelineoutputcable": 3
        }, 
        "model": "archive.runoutputcable", 
        "pk": 5
    }, 
    {
        "fields": {
            "run": 2, 
            "pipelineoutputcable": 6
        }, 
        "model": "archive.runoutputcable", 
        "pk": 10
    }, 
    {
        "fields": {
            "name": "blahblah", 
            "date_modified": "2015-06-30T22:47:25.291Z", 
            "symbolicdataset": 1, 
            "created_by": null, 
            "date_created": "2015-06-30T22:47:25.291Z", 
            "dataset_file": "Datasets/2015_06/tmpOZnxKn", 
            "description": "blahblahblah"
        }, 
        "model": "archive.dataset", 
        "pk": 1
    }, 
    {
        "fields": {
            "name": "wordbacks", 
            "date_modified": "2015-06-30T22:47:25.936Z", 
            "symbolicdataset": 2, 
            "created_by": null, 
            "date_created": "2015-06-30T22:47:25.936Z", 
            "dataset_file": "Datasets/2015_06/tmpTEDfW3", 
            "description": "random reversed words"
        }, 
        "model": "archive.dataset", 
        "pk": 2
    }, 
    {
        "fields": {
            "name": "backwords", 
            "date_modified": "2015-06-30T22:47:26.068Z", 
            "symbolicdataset": 3, 
            "created_by": null, 
            "date_created": "2015-06-30T22:47:26.068Z", 
            "dataset_file": "Datasets/2015_06/tmpEwqCVl", 
            "description": "random reversed words"
        }, 
        "model": "archive.dataset", 
        "pk": 3
    }, 
    {
        "fields": {
            "name": "run1_step2_outputmore_words", 
            "date_modified": "2015-06-30T22:47:28.358Z", 
            "symbolicdataset": 5, 
            "created_by": 3, 
            "date_created": "2015-06-30T22:47:28.358Z", 
            "dataset_file": "Datasets/2015_06/step2_more_words.csv", 
            "description": "Generated data from a run of pipeline \"Two-step pipeline:1 (v1)\" started at 2015-06-30 22:47:26.467182+00:00 by bob\nrun: 1\nuser: bob\nstep: 2\noutput: more_words"
        }, 
        "model": "archive.dataset", 
        "pk": 4
    }, 
    {
        "fields": {
            "name": "run2_step2_outputreversed_words", 
            "date_modified": "2015-06-30T22:47:32.254Z", 
            "symbolicdataset": 6, 
            "created_by": 8, 
            "date_created": "2015-06-30T22:47:32.253Z", 
            "dataset_file": "Datasets/2015_06/step2_reversed_words.csv", 
            "description": "Generated data from a run of pipeline \"Pipeline that will follow the first:1 (v1)\" started at 2015-06-30 22:47:30.733962+00:00 by bob\nrun: 2\nuser: bob\nstep: 2\noutput: reversed_words"
        }, 
        "model": "archive.dataset", 
        "pk": 5
    }, 
    {
        "fields": {
            "record": 2, 
            "start_time": "2015-06-30T22:47:26.592Z", 
            "invoking_record": 2, 
            "end_time": "2015-06-30T22:47:26.593Z"
        }, 
        "model": "archive.execlog", 
        "pk": 1
    }, 
    {
        "fields": {
            "record": 1, 
            "start_time": "2015-06-30T22:47:26.906Z", 
            "invoking_record": 1, 
            "end_time": "2015-06-30T22:47:26.986Z"
        }, 
        "model": "archive.execlog", 
        "pk": 2
    }, 
    {
        "fields": {
            "record": 4, 
            "start_time": "2015-06-30T22:47:27.928Z", 
            "invoking_record": 4, 
            "end_time": "2015-06-30T22:47:27.929Z"
        }, 
        "model": "archive.execlog", 
        "pk": 3
    }, 
    {
        "fields": {
            "record": 3, 
            "start_time": "2015-06-30T22:47:28.238Z", 
            "invoking_record": 3, 
            "end_time": "2015-06-30T22:47:28.319Z"
        }, 
        "model": "archive.execlog", 
        "pk": 4
    }, 
    {
        "fields": {
            "record": 5, 
            "start_time": "2015-06-30T22:47:29.306Z", 
            "invoking_record": 5, 
            "end_time": "2015-06-30T22:47:29.307Z"
        }, 
        "model": "archive.execlog", 
        "pk": 5
    }, 
    {
        "fields": {
            "record": 6, 
            "start_time": "2015-06-30T22:47:31.717Z", 
            "invoking_record": 8, 
            "end_time": "2015-06-30T22:47:31.798Z"
        }, 
        "model": "archive.execlog", 
        "pk": 6
    }, 
    {
        "fields": {
            "record": 8, 
            "start_time": "2015-06-30T22:47:32.109Z", 
            "invoking_record": 8, 
            "end_time": "2015-06-30T22:47:32.212Z"
        }, 
        "model": "archive.execlog", 
        "pk": 7
    }, 
    {
        "fields": {
            "record": 10, 
            "start_time": "2015-06-30T22:47:33.200Z", 
            "invoking_record": 10, 
            "end_time": "2015-06-30T22:47:33.202Z"
        }, 
        "model": "archive.execlog", 
        "pk": 8
    }, 
    {
        "fields": {
            "execlog": 2, 
            "error_redacted": false, 
            "return_code": 0, 
            "error_log": "Logs/step1_stderr.txt", 
            "code_redacted": false, 
            "output_redacted": false, 
            "output_log": "Logs/step1_stdout.txt"
        }, 
        "model": "archive.methodoutput", 
        "pk": 1
    }, 
    {
        "fields": {
            "execlog": 4, 
            "error_redacted": false, 
            "return_code": 0, 
            "error_log": "Logs/step2_stderr.txt", 
            "code_redacted": false, 
            "output_redacted": false, 
            "output_log": "Logs/step2_stdout.txt"
        }, 
        "model": "archive.methodoutput", 
        "pk": 2
    }, 
    {
        "fields": {
            "execlog": 6, 
            "error_redacted": false, 
            "return_code": 0, 
            "error_log": "Logs/step1_stderr_IfZQ9dJ.txt", 
            "code_redacted": false, 
            "output_redacted": false, 
            "output_log": "Logs/step1_stdout_WTZvzTi.txt"
        }, 
        "model": "archive.methodoutput", 
        "pk": 3
    }, 
    {
        "fields": {
            "execlog": 7, 
            "error_redacted": false, 
            "return_code": 0, 
            "error_log": "Logs/step2_stderr_cGXbNaW.txt", 
            "code_redacted": false, 
            "output_redacted": false, 
            "output_log": "Logs/step2_stdout_n6KaVG7.txt"
        }, 
        "model": "archive.methodoutput", 
        "pk": 4
    }, 
    {
        "fields": {
            "num_rows": 1, 
            "symbolicdataset": 1, 
            "compounddatatype": 5
        }, 
        "model": "librarian.datasetstructure", 
        "pk": 1
    }, 
    {
        "fields": {
            "num_rows": 20, 
            "symbolicdataset": 2, 
            "compounddatatype": 6
        }, 
        "model": "librarian.datasetstructure", 
        "pk": 2
    }, 
    {
        "fields": {
            "num_rows": 20, 
            "symbolicdataset": 3, 
            "compounddatatype": 7
        }, 
        "model": "librarian.datasetstructure", 
        "pk": 3
    }, 
    {
        "fields": {
            "num_rows": 20, 
            "symbolicdataset": 4, 
            "compounddatatype": 6
        }, 
        "model": "librarian.datasetstructure", 
        "pk": 4
    }, 
    {
        "fields": {
            "num_rows": 20, 
            "symbolicdataset": 5, 
            "compounddatatype": 6
        }, 
        "model": "librarian.datasetstructure", 
        "pk": 5
    }, 
    {
        "fields": {
            "num_rows": 20, 
            "symbolicdataset": 6, 
            "compounddatatype": 6
        }, 
        "model": "librarian.datasetstructure", 
        "pk": 6
    }, 
    {
        "fields": {
            "generator": 1
        }, 
        "model": "librarian.execrecord", 
        "pk": 1
    }, 
    {
        "fields": {
            "generator": 2
        }, 
        "model": "librarian.execrecord", 
        "pk": 2
    }, 
    {
        "fields": {
            "generator": 3
        }, 
        "model": "librarian.execrecord", 
        "pk": 3
    }, 
    {
        "fields": {
            "generator": 4
        }, 
        "model": "librarian.execrecord", 
        "pk": 4
    }, 
    {
        "fields": {
            "generator": 5
        }, 
        "model": "librarian.execrecord", 
        "pk": 5
    }, 
    {
        "fields": {
            "generator": 7
        }, 
        "model": "librarian.execrecord", 
        "pk": 6
    }, 
    {
        "fields": {
            "generator": 8
        }, 
        "model": "librarian.execrecord", 
        "pk": 7
    }, 
    {
        "fields": {
            "execrecord": 1, 
            "generic_input": 15, 
            "symbolicdataset": 2
        }, 
        "model": "librarian.execrecordin", 
        "pk": 1
    }, 
    {
        "fields": {
            "execrecord": 2, 
            "generic_input": 11, 
            "symbolicdataset": 2
        }, 
        "model": "librarian.execrecordin", 
        "pk": 2
    }, 
    {
        "fields": {
            "execrecord": 3, 
            "generic_input": 12, 
            "symbolicdataset": 4
        }, 
        "model": "librarian.execrecordin", 
        "pk": 3
    }, 
    {
        "fields": {
            "execrecord": 4, 
            "generic_input": 11, 
            "symbolicdataset": 4
        }, 
        "model": "librarian.execrecordin", 
        "pk": 4
    }, 
    {
        "fields": {
            "execrecord": 5, 
            "generic_input": 12, 
            "symbolicdataset": 5
        }, 
        "model": "librarian.execrecordin", 
        "pk": 5
    }, 
    {
        "fields": {
            "execrecord": 6, 
            "generic_input": 7, 
            "symbolicdataset": 4
        }, 
        "model": "librarian.execrecordin", 
        "pk": 6
    }, 
    {
        "fields": {
            "execrecord": 7, 
            "generic_input": 8, 
            "symbolicdataset": 6
        }, 
        "model": "librarian.execrecordin", 
        "pk": 7
    }, 
    {
        "fields": {
            "execrecord": 1, 
            "symbolicdataset": 2, 
            "generic_output": 11
        }, 
        "model": "librarian.execrecordout", 
        "pk": 1
    }, 
    {
        "fields": {
            "execrecord": 2, 
            "symbolicdataset": 4, 
            "generic_output": 12
        }, 
        "model": "librarian.execrecordout", 
        "pk": 2
    }, 
    {
        "fields": {
            "execrecord": 3, 
            "symbolicdataset": 4, 
            "generic_output": 11
        }, 
        "model": "librarian.execrecordout", 
        "pk": 3
    }, 
    {
        "fields": {
            "execrecord": 4, 
            "symbolicdataset": 5, 
            "generic_output": 12
        }, 
        "model": "librarian.execrecordout", 
        "pk": 4
    }, 
    {
        "fields": {
            "execrecord": 5, 
            "symbolicdataset": 5, 
            "generic_output": 16
        }, 
        "model": "librarian.execrecordout", 
        "pk": 5
    }, 
    {
        "fields": {
            "execrecord": 6, 
            "symbolicdataset": 6, 
            "generic_output": 8
        }, 
        "model": "librarian.execrecordout", 
        "pk": 6
    }, 
    {
        "fields": {
            "execrecord": 7, 
            "symbolicdataset": 6, 
            "generic_output": 18
        }, 
        "model": "librarian.execrecordout", 
        "pk": 7
    }, 
    {
        "fields": {
            "fill_colour": "", 
            "pipeline": 8, 
            "name": "", 
            "outputs_to_delete": [
                12
            ], 
            "y": 0.0, 
            "x": 0.0, 
            "transformation": 6, 
            "step_num": 1
        }, 
        "model": "pipeline.pipelinestep", 
        "pk": 1
    }, 
    {
        "fields": {
            "fill_colour": "", 
            "pipeline": 8, 
            "name": "", 
            "outputs_to_delete": [], 
            "y": 0.0, 
            "x": 0.0, 
            "transformation": 6, 
            "step_num": 2
        }, 
        "model": "pipeline.pipelinestep", 
        "pk": 2
    }, 
    {
        "fields": {
            "fill_colour": "", 
            "pipeline": 9, 
            "name": "", 
            "outputs_to_delete": [
                12
            ], 
            "y": 0.0, 
            "x": 0.0, 
            "transformation": 6, 
            "step_num": 1
        }, 
        "model": "pipeline.pipelinestep", 
        "pk": 3
    }, 
    {
        "fields": {
            "fill_colour": "", 
            "pipeline": 9, 
            "name": "", 
            "outputs_to_delete": [], 
            "y": 0.0, 
            "x": 0.0, 
            "transformation": 4, 
            "step_num": 2
        }, 
        "model": "pipeline.pipelinestep", 
        "pk": 4
    }, 
    {
        "fields": {}, 
        "model": "pipeline.pipelinecable", 
        "pk": 1
    }, 
    {
        "fields": {}, 
        "model": "pipeline.pipelinecable", 
        "pk": 2
    }, 
    {
        "fields": {}, 
        "model": "pipeline.pipelinecable", 
        "pk": 3
    }, 
    {
        "fields": {}, 
        "model": "pipeline.pipelinecable", 
        "pk": 4
    }, 
    {
        "fields": {}, 
        "model": "pipeline.pipelinecable", 
        "pk": 5
    }, 
    {
        "fields": {}, 
        "model": "pipeline.pipelinecable", 
        "pk": 6
    }, 
    {
        "fields": {
            "pipelinestep": 1, 
            "dest": 11, 
            "keep_output": false, 
            "source_step": 0, 
            "source": 15
        }, 
        "model": "pipeline.pipelinestepinputcable", 
        "pk": 1
    }, 
    {
        "fields": {
            "pipelinestep": 2, 
            "dest": 11, 
            "keep_output": false, 
            "source_step": 1, 
            "source": 12
        }, 
        "model": "pipeline.pipelinestepinputcable", 
        "pk": 2
    }, 
    {
        "fields": {
            "pipelinestep": 3, 
            "dest": 11, 
            "keep_output": false, 
            "source_step": 0, 
            "source": 17
        }, 
        "model": "pipeline.pipelinestepinputcable", 
        "pk": 4
    }, 
    {
        "fields": {
            "pipelinestep": 4, 
            "dest": 7, 
            "keep_output": false, 
            "source_step": 1, 
            "source": 12
        }, 
        "model": "pipeline.pipelinestepinputcable", 
        "pk": 5
    }, 
    {
        "fields": {
            "pipeline": 8, 
            "output_idx": 1, 
            "source": 12, 
            "source_step": 2, 
            "output_name": "samedata", 
            "output_cdt": 6
        }, 
        "model": "pipeline.pipelineoutputcable", 
        "pk": 3
    }, 
    {
        "fields": {
            "pipeline": 9, 
            "output_idx": 1, 
            "source": 8, 
            "source_step": 2, 
            "output_name": "reversed_data", 
            "output_cdt": 6
        }, 
        "model": "pipeline.pipelineoutputcable", 
        "pk": 6
    }, 
    {
        "fields": {
            "y": 0.0, 
            "x": 0.0
        }, 
        "model": "transformation.transformationxput", 
        "pk": 1
    }, 
    {
        "fields": {
            "y": 0.0, 
            "x": 0.0
        }, 
        "model": "transformation.transformationxput", 
        "pk": 2
    }, 
    {
        "fields": {
            "y": 0.0, 
            "x": 0.0
        }, 
        "model": "transformation.transformationxput", 
        "pk": 3
    }, 
    {
        "fields": {
            "y": 0.0, 
            "x": 0.0
        }, 
        "model": "transformation.transformationxput", 
        "pk": 4
    }, 
    {
        "fields": {
            "y": 0.0, 
            "x": 0.0
        }, 
        "model": "transformation.transformationxput", 
        "pk": 5
    }, 
    {
        "fields": {
            "y": 0.0, 
            "x": 0.0
        }, 
        "model": "transformation.transformationxput", 
        "pk": 6
    }, 
    {
        "fields": {
            "y": 0.0, 
            "x": 0.0
        }, 
        "model": "transformation.transformationxput", 
        "pk": 7
    }, 
    {
        "fields": {
            "y": 0.0, 
            "x": 0.0
        }, 
        "model": "transformation.transformationxput", 
        "pk": 8
    }, 
    {
        "fields": {
            "y": 0.0, 
            "x": 0.0
        }, 
        "model": "transformation.transformationxput", 
        "pk": 9
    }, 
    {
        "fields": {
            "y": 0.0, 
            "x": 0.0
        }, 
        "model": "transformation.transformationxput", 
        "pk": 10
    }, 
    {
        "fields": {
            "y": 0.0, 
            "x": 0.0
        }, 
        "model": "transformation.transformationxput", 
        "pk": 11
    }, 
    {
        "fields": {
            "y": 0.0, 
            "x": 0.0
        }, 
        "model": "transformation.transformationxput", 
        "pk": 12
    }, 
    {
        "fields": {
            "y": 0.0, 
            "x": 0.0
        }, 
        "model": "transformation.transformationxput", 
        "pk": 13
    }, 
    {
        "fields": {
            "y": 0.0, 
            "x": 0.0
        }, 
        "model": "transformation.transformationxput", 
        "pk": 14
    }, 
    {
        "fields": {
            "y": 0.0, 
            "x": 0.0
        }, 
        "model": "transformation.transformationxput", 
        "pk": 15
    }, 
    {
        "fields": {
            "y": 0.0, 
            "x": 0.0
        }, 
        "model": "transformation.transformationxput", 
        "pk": 16
    }, 
    {
        "fields": {
            "y": 0.0, 
            "x": 0.0
        }, 
        "model": "transformation.transformationxput", 
        "pk": 17
    }, 
    {
        "fields": {
            "y": 0.0, 
            "x": 0.0
        }, 
        "model": "transformation.transformationxput", 
        "pk": 18
    }, 
    {
        "fields": {
            "min_row": null, 
            "transf_xput": 1, 
            "max_row": null, 
            "compounddatatype": 5
        }, 
        "model": "transformation.xputstructure", 
        "pk": 1
    }, 
    {
        "fields": {
            "min_row": null, 
            "transf_xput": 2, 
            "max_row": null, 
            "compounddatatype": 5
        }, 
        "model": "transformation.xputstructure", 
        "pk": 2
    }, 
    {
        "fields": {
            "min_row": null, 
            "transf_xput": 3, 
            "max_row": null, 
            "compounddatatype": 5
        }, 
        "model": "transformation.xputstructure", 
        "pk": 3
    }, 
    {
        "fields": {
            "min_row": null, 
            "transf_xput": 4, 
            "max_row": null, 
            "compounddatatype": 5
        }, 
        "model": "transformation.xputstructure", 
        "pk": 4
    }, 
    {
        "fields": {
            "min_row": null, 
            "transf_xput": 7, 
            "max_row": null, 
            "compounddatatype": 6
        }, 
        "model": "transformation.xputstructure", 
        "pk": 5
    }, 
    {
        "fields": {
            "min_row": null, 
            "transf_xput": 8, 
            "max_row": null, 
            "compounddatatype": 6
        }, 
        "model": "transformation.xputstructure", 
        "pk": 6
    }, 
    {
        "fields": {
            "min_row": null, 
            "transf_xput": 9, 
            "max_row": null, 
            "compounddatatype": 7
        }, 
        "model": "transformation.xputstructure", 
        "pk": 7
    }, 
    {
        "fields": {
            "min_row": null, 
            "transf_xput": 10, 
            "max_row": null, 
            "compounddatatype": 7
        }, 
        "model": "transformation.xputstructure", 
        "pk": 8
    }, 
    {
        "fields": {
            "min_row": null, 
            "transf_xput": 11, 
            "max_row": null, 
            "compounddatatype": 6
        }, 
        "model": "transformation.xputstructure", 
        "pk": 9
    }, 
    {
        "fields": {
            "min_row": null, 
            "transf_xput": 12, 
            "max_row": null, 
            "compounddatatype": 6
        }, 
        "model": "transformation.xputstructure", 
        "pk": 10
    }, 
    {
        "fields": {
            "min_row": null, 
            "transf_xput": 13, 
            "max_row": null, 
            "compounddatatype": 7
        }, 
        "model": "transformation.xputstructure", 
        "pk": 11
    }, 
    {
        "fields": {
            "min_row": null, 
            "transf_xput": 14, 
            "max_row": null, 
            "compounddatatype": 7
        }, 
        "model": "transformation.xputstructure", 
        "pk": 12
    }, 
    {
        "fields": {
            "min_row": null, 
            "transf_xput": 15, 
            "max_row": null, 
            "compounddatatype": 6
        }, 
        "model": "transformation.xputstructure", 
        "pk": 13
    }, 
    {
        "fields": {
            "min_row": null, 
            "transf_xput": 16, 
            "max_row": null, 
            "compounddatatype": 6
        }, 
        "model": "transformation.xputstructure", 
        "pk": 14
    }, 
    {
        "fields": {
            "min_row": null, 
            "transf_xput": 17, 
            "max_row": null, 
            "compounddatatype": 6
        }, 
        "model": "transformation.xputstructure", 
        "pk": 15
    }, 
    {
        "fields": {
            "min_row": null, 
            "transf_xput": 18, 
            "max_row": null, 
            "compounddatatype": 6
        }, 
        "model": "transformation.xputstructure", 
        "pk": 16
    }, 
    {
        "fields": {
            "dataset_idx": 1, 
            "transformation": 1, 
            "dataset_name": "strings"
        }, 
        "model": "transformation.transformationinput", 
        "pk": 1
    }, 
    {
        "fields": {
            "dataset_idx": 1, 
            "transformation": 2, 
            "dataset_name": "strings"
        }, 
        "model": "transformation.transformationinput", 
        "pk": 3
    }, 
    {
        "fields": {
            "dataset_idx": 1, 
            "transformation": 3, 
            "dataset_name": "raw"
        }, 
        "model": "transformation.transformationinput", 
        "pk": 5
    }, 
    {
        "fields": {
            "dataset_idx": 1, 
            "transformation": 4, 
            "dataset_name": "words_to_reverse"
        }, 
        "model": "transformation.transformationinput", 
        "pk": 7
    }, 
    {
        "fields": {
            "dataset_idx": 1, 
            "transformation": 5, 
            "dataset_name": "words_to_rereverse"
        }, 
        "model": "transformation.transformationinput", 
        "pk": 9
    }, 
    {
        "fields": {
            "dataset_idx": 1, 
            "transformation": 6, 
            "dataset_name": "words"
        }, 
        "model": "transformation.transformationinput", 
        "pk": 11
    }, 
    {
        "fields": {
            "dataset_idx": 1, 
            "transformation": 7, 
            "dataset_name": "backwords"
        }, 
        "model": "transformation.transformationinput", 
        "pk": 13
    }, 
    {
        "fields": {
            "dataset_idx": 1, 
            "transformation": 8, 
            "dataset_name": "data"
        }, 
        "model": "transformation.transformationinput", 
        "pk": 15
    }, 
    {
        "fields": {
            "dataset_idx": 1, 
            "transformation": 9, 
            "dataset_name": "data"
        }, 
        "model": "transformation.transformationinput", 
        "pk": 17
    }, 
    {
        "fields": {
            "dataset_idx": 1, 
            "transformation": 1, 
            "dataset_name": "same_strings"
        }, 
        "model": "transformation.transformationoutput", 
        "pk": 2
    }, 
    {
        "fields": {
            "dataset_idx": 1, 
            "transformation": 2, 
            "dataset_name": "untouched_strings"
        }, 
        "model": "transformation.transformationoutput", 
        "pk": 4
    }, 
    {
        "fields": {
            "dataset_idx": 1, 
            "transformation": 3, 
            "dataset_name": "same_raw"
        }, 
        "model": "transformation.transformationoutput", 
        "pk": 6
    }, 
    {
        "fields": {
            "dataset_idx": 1, 
            "transformation": 4, 
            "dataset_name": "reversed_words"
        }, 
        "model": "transformation.transformationoutput", 
        "pk": 8
    }, 
    {
        "fields": {
            "dataset_idx": 1, 
            "transformation": 5, 
            "dataset_name": "rereversed_words"
        }, 
        "model": "transformation.transformationoutput", 
        "pk": 10
    }, 
    {
        "fields": {
            "dataset_idx": 1, 
            "transformation": 6, 
            "dataset_name": "more_words"
        }, 
        "model": "transformation.transformationoutput", 
        "pk": 12
    }, 
    {
        "fields": {
            "dataset_idx": 1, 
            "transformation": 7, 
            "dataset_name": "more_backwords"
        }, 
        "model": "transformation.transformationoutput", 
        "pk": 14
    }, 
    {
        "fields": {
            "dataset_idx": 1, 
            "transformation": 8, 
            "dataset_name": "samedata"
        }, 
        "model": "transformation.transformationoutput", 
        "pk": 16
    }, 
    {
        "fields": {
            "dataset_idx": 1, 
            "transformation": 9, 
            "dataset_name": "reversed_data"
        }, 
        "model": "transformation.transformationoutput", 
        "pk": 18
    }, 
    {
        "fields": {
            "username": "bob", 
            "first_name": "", 
            "last_name": "", 
            "is_active": true, 
            "is_superuser": false, 
            "is_staff": false, 
            "last_login": "2015-06-30T22:47:24.272Z", 
            "groups": [
                1
            ], 
            "user_permissions": [], 
            "password": "pbkdf2_sha256$15000$ZtTSdqkJacfS$sSGJdewVrSqsssHYkUFHiM9pBClLjw8cxmRwDUIXeY8=", 
            "email": "bob@talabs.com", 
            "date_joined": "2015-06-30T22:47:24.272Z"
        }, 
        "model": "auth.user", 
        "pk": 2
    }, 
    {
        "fields": {
            "description": "sequences of ASCII characters", 
            "groups_allowed": [
                1
            ], 
            "restricts": [
                1
            ], 
            "users_allowed": [], 
            "user": 2, 
            "date_created": "2015-06-30T22:47:24.389Z", 
            "prototype": null, 
            "name": "my_string"
        }, 
        "model": "metadata.datatype", 
        "pk": 8
    }, 
    {
        "fields": {
            "users_allowed": [], 
            "user": 2, 
            "groups_allowed": [
                1
            ]
        }, 
        "model": "metadata.compounddatatype", 
        "pk": 5
    }, 
    {
        "fields": {
            "users_allowed": [], 
            "user": 2, 
            "groups_allowed": [
                1
            ]
        }, 
        "model": "metadata.compounddatatype", 
        "pk": 6
    }, 
    {
        "fields": {
            "users_allowed": [], 
            "user": 2, 
            "groups_allowed": [
                1
            ]
        }, 
        "model": "metadata.compounddatatype", 
        "pk": 7
    }, 
    {
        "fields": {
            "pipeline": 8, 
            "description": "", 
            "groups_allowed": [
                1
            ], 
            "start_time": "2015-06-30T22:47:26.467Z", 
            "name": "", 
            "users_allowed": [], 
            "end_time": "2015-06-30T22:47:29.576Z", 
            "parent_runstep": null, 
            "user": 2
        }, 
        "model": "archive.run", 
        "pk": 1
    }, 
    {
        "fields": {
            "pipeline": 9, 
            "description": "", 
            "groups_allowed": [
                1
            ], 
            "start_time": "2015-06-30T22:47:30.733Z", 
            "name": "", 
            "users_allowed": [], 
            "end_time": "2015-06-30T22:47:33.470Z", 
            "parent_runstep": null, 
            "user": 2
        }, 
        "model": "archive.run", 
        "pk": 2
    }, 
    {
        "fields": {
            "_redacted": false, 
            "users_allowed": [], 
            "user": 2, 
            "MD5_checksum": "092ef90fe0201f4b002cd200f7754d45", 
            "groups_allowed": [
                1
            ]
        }, 
        "model": "librarian.symbolicdataset", 
        "pk": 1
    }, 
    {
        "fields": {
            "_redacted": false, 
            "users_allowed": [], 
            "user": 2, 
            "MD5_checksum": "a1973a61d21c568692491609397bcc0b", 
            "groups_allowed": [
                1
            ]
        }, 
        "model": "librarian.symbolicdataset", 
        "pk": 2
    }, 
    {
        "fields": {
            "_redacted": false, 
            "users_allowed": [], 
            "user": 2, 
            "MD5_checksum": "ff6ed7de7a665be6b5a023f8eb7c0642", 
            "groups_allowed": [
                1
            ]
        }, 
        "model": "librarian.symbolicdataset", 
        "pk": 3
    }, 
    {
        "fields": {
            "_redacted": false, 
            "users_allowed": [], 
            "user": 2, 
            "MD5_checksum": "a1973a61d21c568692491609397bcc0b", 
            "groups_allowed": [
                1
            ]
        }, 
        "model": "librarian.symbolicdataset", 
        "pk": 4
    }, 
    {
        "fields": {
            "_redacted": false, 
            "users_allowed": [], 
            "user": 2, 
            "MD5_checksum": "a1973a61d21c568692491609397bcc0b", 
            "groups_allowed": [
                1
            ]
        }, 
        "model": "librarian.symbolicdataset", 
        "pk": 5
    }, 
    {
        "fields": {
            "_redacted": false, 
            "users_allowed": [], 
            "user": 2, 
            "MD5_checksum": "a1973a61d21c568692491609397bcc0b", 
            "groups_allowed": [
                1
            ]
        }, 
        "model": "librarian.symbolicdataset", 
        "pk": 6
    }, 
    {
        "fields": {
            "description": "a script to do nothing", 
            "groups_allowed": [
                1
            ], 
            "filename": "noop.sh", 
            "users_allowed": [], 
            "user": 2, 
            "name": "noop"
        }, 
        "model": "method.coderesource", 
        "pk": 1
    }, 
    {
        "fields": {
            "description": "a script to reverse lines of a file", 
            "groups_allowed": [
                1
            ], 
            "filename": "reverse.py", 
            "users_allowed": [], 
            "user": 2, 
            "name": "reverse"
        }, 
        "model": "method.coderesource", 
        "pk": 2
    }, 
    {
        "fields": {
            "revision_name": "1", 
            "revision_parent": null, 
            "groups_allowed": [
                1
            ], 
            "revision_desc": "first version", 
            "coderesource": 1, 
            "MD5_checksum": "", 
            "content_file": "CodeResources/fdopen", 
            "user": 2, 
            "revision_number": 1, 
            "revision_DateTime": "2015-06-30T22:47:24.414Z", 
            "users_allowed": []
        }, 
        "model": "method.coderesourcerevision", 
        "pk": 1
    }, 
    {
        "fields": {
            "revision_name": "1", 
            "revision_parent": null, 
            "groups_allowed": [
                1
            ], 
            "revision_desc": "first version", 
            "coderesource": 2, 
            "MD5_checksum": "", 
            "content_file": "CodeResources/fdopen_R2eivwD", 
            "user": 2, 
            "revision_number": 1, 
            "revision_DateTime": "2015-06-30T22:47:24.759Z", 
            "users_allowed": []
        }, 
        "model": "method.coderesourcerevision", 
        "pk": 2
    }, 
    {
        "fields": {
            "threads": 1, 
            "revision_parent": null, 
            "family": 1, 
            "groups_allowed": [
                1
            ], 
            "driver": 1, 
            "tainted": false, 
            "revision_number": 1, 
            "users_allowed": [], 
            "reusable": 1
        }, 
        "model": "method.method", 
        "pk": 1
    }, 
    {
        "fields": {
            "threads": 1, 
            "revision_parent": null, 
            "family": 2, 
            "groups_allowed": [
                1
            ], 
            "driver": 1, 
            "tainted": false, 
            "revision_number": 1, 
            "users_allowed": [], 
            "reusable": 1
        }, 
        "model": "method.method", 
        "pk": 2
    }, 
    {
        "fields": {
            "threads": 1, 
            "revision_parent": null, 
            "family": 3, 
            "groups_allowed": [
                1
            ], 
            "driver": 1, 
            "tainted": false, 
            "revision_number": 1, 
            "users_allowed": [], 
            "reusable": 1
        }, 
        "model": "method.method", 
        "pk": 3
    }, 
    {
        "fields": {
            "threads": 1, 
            "revision_parent": null, 
            "family": 4, 
            "groups_allowed": [
                1
            ], 
            "driver": 2, 
            "tainted": false, 
            "revision_number": 1, 
            "users_allowed": [], 
            "reusable": 1
        }, 
        "model": "method.method", 
        "pk": 4
    }, 
    {
        "fields": {
            "threads": 1, 
            "revision_parent": null, 
            "family": 5, 
            "groups_allowed": [
                1
            ], 
            "driver": 2, 
            "tainted": false, 
            "revision_number": 1, 
            "users_allowed": [], 
            "reusable": 1
        }, 
        "model": "method.method", 
        "pk": 5
    }, 
    {
        "fields": {
            "threads": 1, 
            "revision_parent": null, 
            "family": 6, 
            "groups_allowed": [
                1
            ], 
            "driver": 1, 
            "tainted": false, 
            "revision_number": 1, 
            "users_allowed": [], 
            "reusable": 1
        }, 
        "model": "method.method", 
        "pk": 6
    }, 
    {
        "fields": {
            "threads": 1, 
            "revision_parent": null, 
            "family": 7, 
            "groups_allowed": [
                1
            ], 
            "driver": 1, 
            "tainted": false, 
            "revision_number": 1, 
            "users_allowed": [], 
            "reusable": 1
        }, 
        "model": "method.method", 
        "pk": 7
    }, 
    {
        "fields": {
            "user": 2, 
            "users_allowed": [], 
            "description": "a method to do nothing to strings", 
            "name": "string noop", 
            "groups_allowed": [
                1
            ]
        }, 
        "model": "method.methodfamily", 
        "pk": 1
    }, 
    {
        "fields": {
            "user": 2, 
            "users_allowed": [], 
            "description": "a TOTALLY DIFFERENT method that TOTALLY does SOMETHING to strings by leaving them alone", 
            "name": "string trivial", 
            "groups_allowed": [
                1
            ]
        }, 
        "model": "method.methodfamily", 
        "pk": 2
    }, 
    {
        "fields": {
            "user": 2, 
            "users_allowed": [], 
            "description": "do nothing to raw data", 
            "name": "raw noop", 
            "groups_allowed": [
                1
            ]
        }, 
        "model": "method.methodfamily", 
        "pk": 3
    }, 
    {
        "fields": {
            "user": 2, 
            "users_allowed": [], 
            "description": "a method to reverse strings", 
            "name": "string reverse", 
            "groups_allowed": [
                1
            ]
        }, 
        "model": "method.methodfamily", 
        "pk": 4
    }, 
    {
        "fields": {
            "user": 2, 
            "users_allowed": [], 
            "description": "a method to re-reverse strings", 
            "name": "string re-reverse", 
            "groups_allowed": [
                1
            ]
        }, 
        "model": "method.methodfamily", 
        "pk": 5
    }, 
    {
        "fields": {
            "user": 2, 
            "users_allowed": [], 
            "description": "a method to do nothing on two columns (word, drow)", 
            "name": "noop wordback", 
            "groups_allowed": [
                1
            ]
        }, 
        "model": "method.methodfamily", 
        "pk": 6
    }, 
    {
        "fields": {
            "user": 2, 
            "users_allowed": [], 
            "description": "a method to do nothing on two columns", 
            "name": "noop backword", 
            "groups_allowed": [
                1
            ]
        }, 
        "model": "method.methodfamily", 
        "pk": 7
    }, 
    {
        "fields": {
            "description": "Toy pipeline for testing data check cleaning of RunSteps.", 
            "groups_allowed": [
                1
            ], 
            "published_version": null, 
            "users_allowed": [], 
            "user": 2, 
            "name": "Two-step pipeline"
        }, 
        "model": "pipeline.pipelinefamily", 
        "pk": 1
    }, 
    {
        "fields": {
            "description": "Toy pipeline that will need to recover its first step when following the above.", 
            "groups_allowed": [
                1
            ], 
            "published_version": null, 
            "users_allowed": [], 
            "user": 2, 
            "name": "Pipeline that will follow the first"
        }, 
        "model": "pipeline.pipelinefamily", 
        "pk": 2
    }, 
    {
        "fields": {
            "family": 1, 
            "users_allowed": [], 
            "revision_parent": null, 
            "revision_number": 1, 
            "groups_allowed": [
                1
            ]
        }, 
        "model": "pipeline.pipeline", 
        "pk": 8
    }, 
    {
        "fields": {
            "family": 2, 
            "users_allowed": [], 
            "revision_parent": null, 
            "revision_number": 1, 
            "groups_allowed": [
                1
            ]
        }, 
        "model": "pipeline.pipeline", 
        "pk": 9
    }, 
    {
        "fields": {
            "revision_name": "v1", 
            "groups_allowed": [
                1
            ], 
            "revision_desc": "first version", 
            "users_allowed": [], 
            "user": 2, 
            "revision_DateTime": "2015-06-30T22:47:24.455Z"
        }, 
        "model": "transformation.transformation", 
        "pk": 1
    }, 
    {
        "fields": {
            "revision_name": "v1", 
            "groups_allowed": [
                1
            ], 
            "revision_desc": "first version", 
            "users_allowed": [], 
            "user": 2, 
            "revision_DateTime": "2015-06-30T22:47:24.579Z"
        }, 
        "model": "transformation.transformation", 
        "pk": 2
    }, 
    {
        "fields": {
            "revision_name": "v1", 
            "groups_allowed": [
                1
            ], 
            "revision_desc": "first version", 
            "users_allowed": [], 
            "user": 2, 
            "revision_DateTime": "2015-06-30T22:47:24.693Z"
        }, 
        "model": "transformation.transformation", 
        "pk": 3
    }, 
    {
        "fields": {
            "revision_name": "v1", 
            "groups_allowed": [
                1
            ], 
            "revision_desc": "first version", 
            "users_allowed": [], 
            "user": 2, 
            "revision_DateTime": "2015-06-30T22:47:24.800Z"
        }, 
        "model": "transformation.transformation", 
        "pk": 4
    }, 
    {
        "fields": {
            "revision_name": "v1", 
            "groups_allowed": [
                1
            ], 
            "revision_desc": "first version", 
            "users_allowed": [], 
            "user": 2, 
            "revision_DateTime": "2015-06-30T22:47:24.906Z"
        }, 
        "model": "transformation.transformation", 
        "pk": 5
    }, 
    {
        "fields": {
            "revision_name": "v1", 
            "groups_allowed": [
                1
            ], 
            "revision_desc": "first version", 
            "users_allowed": [], 
            "user": 2, 
            "revision_DateTime": "2015-06-30T22:47:25.010Z"
        }, 
        "model": "transformation.transformation", 
        "pk": 6
    }, 
    {
        "fields": {
            "revision_name": "v1", 
            "groups_allowed": [
                1
            ], 
            "revision_desc": "first version", 
            "users_allowed": [], 
            "user": 2, 
            "revision_DateTime": "2015-06-30T22:47:25.114Z"
        }, 
        "model": "transformation.transformation", 
        "pk": 7
    }, 
    {
        "fields": {
            "revision_name": "v1", 
            "groups_allowed": [
                1
            ], 
            "revision_desc": "first version", 
            "users_allowed": [], 
            "user": 2, 
            "revision_DateTime": "2015-06-30T22:47:26.090Z"
        }, 
        "model": "transformation.transformation", 
        "pk": 8
    }, 
    {
        "fields": {
            "revision_name": "v1", 
            "groups_allowed": [
                1
            ], 
            "revision_desc": "first version", 
            "users_allowed": [], 
            "user": 2, 
            "revision_DateTime": "2015-06-30T22:47:30.364Z"
        }, 
        "model": "transformation.transformation", 
        "pk": 9
    }, 
    {
        "fields": {
            "execlog": null, 
            "start_time": "2015-06-30T22:47:25.230Z", 
            "symbolicdataset": 1, 
            "end_time": "2015-06-30T22:47:25.286Z", 
            "user": 2
        }, 
        "model": "datachecking.contentchecklog", 
        "pk": 1
    }, 
    {
        "fields": {
            "execlog": null, 
            "start_time": "2015-06-30T22:47:25.815Z", 
            "symbolicdataset": 2, 
            "end_time": "2015-06-30T22:47:25.931Z", 
            "user": 2
        }, 
        "model": "datachecking.contentchecklog", 
        "pk": 2
    }, 
    {
        "fields": {
            "execlog": null, 
            "start_time": "2015-06-30T22:47:25.956Z", 
            "symbolicdataset": 3, 
            "end_time": "2015-06-30T22:47:26.063Z", 
            "user": 2
        }, 
        "model": "datachecking.contentchecklog", 
        "pk": 3
    }, 
    {
        "fields": {
            "execlog": 2, 
            "start_time": "2015-06-30T22:47:27.312Z", 
            "symbolicdataset": 4, 
            "end_time": "2015-06-30T22:47:27.424Z", 
            "user": 2
        }, 
        "model": "datachecking.contentchecklog", 
        "pk": 4
    }, 
    {
        "fields": {
            "execlog": 4, 
            "start_time": "2015-06-30T22:47:28.700Z", 
            "symbolicdataset": 5, 
            "end_time": "2015-06-30T22:47:28.812Z", 
            "user": 2
        }, 
        "model": "datachecking.contentchecklog", 
        "pk": 5
    }, 
    {
        "fields": {
            "execlog": 7, 
            "start_time": "2015-06-30T22:47:32.592Z", 
            "symbolicdataset": 6, 
            "end_time": "2015-06-30T22:47:32.704Z", 
            "user": 2
        }, 
        "model": "datachecking.contentchecklog", 
        "pk": 6
    }, 
    {
        "fields": {
            "execlog": 1, 
            "start_time": "2015-06-30T22:47:26.722Z", 
            "symbolicdataset": 2, 
            "end_time": "2015-06-30T22:47:26.722Z", 
            "user": 2
        }, 
        "model": "datachecking.integritychecklog", 
        "pk": 1
    }, 
    {
        "fields": {
            "execlog": 3, 
            "start_time": "2015-06-30T22:47:28.053Z", 
            "symbolicdataset": 4, 
            "end_time": "2015-06-30T22:47:28.053Z", 
            "user": 2
        }, 
        "model": "datachecking.integritychecklog", 
        "pk": 2
    }, 
    {
        "fields": {
            "execlog": 5, 
            "start_time": "2015-06-30T22:47:29.456Z", 
            "symbolicdataset": 5, 
            "end_time": "2015-06-30T22:47:29.456Z", 
            "user": 2
        }, 
        "model": "datachecking.integritychecklog", 
        "pk": 3
    }, 
    {
        "fields": {
            "execlog": 6, 
            "start_time": "2015-06-30T22:47:31.834Z", 
            "symbolicdataset": 4, 
            "end_time": "2015-06-30T22:47:31.834Z", 
            "user": 2
        }, 
        "model": "datachecking.integritychecklog", 
        "pk": 4
    }, 
    {
        "fields": {
            "execlog": 8, 
            "start_time": "2015-06-30T22:47:33.349Z", 
            "symbolicdataset": 6, 
            "end_time": "2015-06-30T22:47:33.349Z", 
            "user": 2
        }, 
        "model": "datachecking.integritychecklog", 
        "pk": 5
    }
]