[
    {
        "fields": {
            "blankable": false, 
            "column_idx": 1, 
            "column_name": "pX_a", 
            "compounddatatype": 5, 
            "datatype": 4
        }, 
        "model": "metadata.compounddatatypemember", 
        "pk": 7
    }, 
    {
        "fields": {
            "blankable": false, 
            "column_idx": 2, 
            "column_name": "pX_b", 
            "compounddatatype": 5, 
            "datatype": 4
        }, 
        "model": "metadata.compounddatatypemember", 
        "pk": 8
    }, 
    {
        "fields": {
            "blankable": false, 
            "column_idx": 3, 
            "column_name": "pX_c", 
            "compounddatatype": 5, 
            "datatype": 1
        }, 
        "model": "metadata.compounddatatypemember", 
        "pk": 9
    }, 
    {
        "fields": {
            "blankable": false, 
            "column_idx": 1, 
            "column_name": "a", 
            "compounddatatype": 6, 
            "datatype": 1
        }, 
        "model": "metadata.compounddatatypemember", 
        "pk": 10
    }, 
    {
        "fields": {
            "blankable": false, 
            "column_idx": 2, 
            "column_name": "b", 
            "compounddatatype": 6, 
            "datatype": 4
        }, 
        "model": "metadata.compounddatatypemember", 
        "pk": 11
    }, 
    {
        "fields": {
            "blankable": false, 
            "column_idx": 1, 
            "column_name": "c", 
            "compounddatatype": 7, 
            "datatype": 4
        }, 
        "model": "metadata.compounddatatypemember", 
        "pk": 12
    }, 
    {
        "fields": {
            "blankable": false, 
            "column_idx": 2, 
            "column_name": "d", 
            "compounddatatype": 7, 
            "datatype": 1
        }, 
        "model": "metadata.compounddatatypemember", 
        "pk": 13
    }, 
    {
        "fields": {
            "blankable": false, 
            "column_idx": 1, 
            "column_name": "c", 
            "compounddatatype": 8, 
            "datatype": 4
        }, 
        "model": "metadata.compounddatatypemember", 
        "pk": 14
    }, 
    {
        "fields": {
            "blankable": false, 
            "column_idx": 2, 
            "column_name": "d", 
            "compounddatatype": 8, 
            "datatype": 1
        }, 
        "model": "metadata.compounddatatypemember", 
        "pk": 15
    }, 
    {
        "fields": {
            "blankable": false, 
            "column_idx": 3, 
            "column_name": "e", 
            "compounddatatype": 8, 
            "datatype": 1
        }, 
        "model": "metadata.compounddatatypemember", 
        "pk": 16
    }, 
    {
        "fields": {
            "_complete": true, 
            "_redacted": false, 
            "_successful": true, 
            "end_time": "2000-01-01T00:00:02Z", 
            "execrecord": 2, 
            "is_cancelled": false, 
            "reused": false, 
            "start_time": "2000-01-01T00:00:00Z"
        }, 
        "model": "archive.runcomponent", 
        "pk": 1
    }, 
    {
        "fields": {
            "_complete": true, 
            "_redacted": false, 
            "_successful": true, 
            "end_time": "2000-01-01T00:00:01Z", 
            "execrecord": 1, 
            "is_cancelled": false, 
            "reused": false, 
            "start_time": "2000-01-01T00:00:00Z"
        }, 
        "model": "archive.runcomponent", 
        "pk": 2
    }, 
    {
        "fields": {
            "_complete": true, 
            "_redacted": false, 
            "_successful": true, 
            "end_time": "2000-01-01T00:00:03Z", 
            "execrecord": 2, 
            "is_cancelled": false, 
            "reused": true, 
            "start_time": "2000-01-01T00:00:02Z"
        }, 
        "model": "archive.runcomponent", 
        "pk": 3
    }, 
    {
        "fields": {
            "_complete": true, 
            "_redacted": false, 
            "_successful": true, 
            "end_time": "2000-01-01T00:00:02Z", 
            "execrecord": 1, 
            "is_cancelled": false, 
            "reused": true, 
            "start_time": "2000-01-01T00:00:02Z"
        }, 
        "model": "archive.runcomponent", 
        "pk": 4
    }, 
    {
        "fields": {
            "_complete": true, 
            "_redacted": false, 
            "_successful": true, 
            "end_time": "2000-01-01T00:00:04Z", 
            "execrecord": 3, 
            "is_cancelled": false, 
            "reused": false, 
            "start_time": "2000-01-01T00:00:03Z"
        }, 
        "model": "archive.runcomponent", 
        "pk": 5
    }, 
    {
        "fields": {
            "_complete": true, 
            "_redacted": false, 
            "_successful": true, 
            "end_time": "2000-01-01T00:00:04Z", 
            "execrecord": 4, 
            "is_cancelled": false, 
            "reused": false, 
            "start_time": "2000-01-01T00:00:04Z"
        }, 
        "model": "archive.runcomponent", 
        "pk": 6
    }, 
    {
        "fields": {
            "pipelinestep": 3, 
            "run": 1
        }, 
        "model": "archive.runstep", 
        "pk": 1
    }, 
    {
        "fields": {
            "pipelinestep": 4, 
            "run": 1
        }, 
        "model": "archive.runstep", 
        "pk": 3
    }, 
    {
        "fields": {
            "PSIC": 5, 
            "runstep": 1
        }, 
        "model": "archive.runsic", 
        "pk": 2
    }, 
    {
        "fields": {
            "PSIC": 6, 
            "runstep": 3
        }, 
        "model": "archive.runsic", 
        "pk": 4
    }, 
    {
        "fields": {
            "pipelineoutputcable": 8, 
            "run": 1
        }, 
        "model": "archive.runoutputcable", 
        "pk": 5
    }, 
    {
        "fields": {
            "pipelineoutputcable": 7, 
            "run": 1
        }, 
        "model": "archive.runoutputcable", 
        "pk": 6
    }, 
    {
        "fields": {
            "created_by": null, 
            "dataset_file": "Datasets/fixtures/input_for_test_C_twostep_with_subpipeline.csv", 
            "date_created": "2000-01-01T00:00:00Z", 
            "date_modified": "2000-01-01T00:00:00Z", 
            "description": "input to pipeline pX", 
            "name": "pX_in_symDS", 
            "symbolicdataset": 1
        }, 
        "model": "archive.dataset", 
        "pk": 1
    }, 
    {
        "fields": {
            "created_by": null, 
            "dataset_file": "Datasets/fixtures/input_for_test_C_twostep_with_subpipeline_x6u0dzf.csv", 
            "date_created": "2000-01-01T00:00:00Z", 
            "date_modified": "2000-01-01T00:00:00Z", 
            "description": "input to pipeline pX", 
            "name": "pX_in_symDS", 
            "symbolicdataset": 2
        }, 
        "model": "archive.dataset", 
        "pk": 2
    }, 
    {
        "fields": {
            "created_by": 1, 
            "dataset_file": "Datasets/fixtures/step1_mA_out.csv", 
            "date_created": "2000-01-01T00:00:01Z", 
            "date_modified": "2000-01-01T00:00:01Z", 
            "description": "Generated data from a run of pipeline \"self.pf:3 (pX_revision_2)\" started at 2015-11-05 01:26:45.324418+00:00 by john\nrun: 1\nuser: john\nstep: 1\noutput: mA_out", 
            "name": "run1_step1_outputmA_out", 
            "symbolicdataset": 4
        }, 
        "model": "archive.dataset", 
        "pk": 3
    }, 
    {
        "fields": {
            "created_by": 5, 
            "dataset_file": "Datasets/fixtures/run1_pX_out_2.csv", 
            "date_created": "2000-01-01T00:00:03Z", 
            "date_modified": "2000-01-01T00:00:03Z", 
            "description": "Generated data from a run of pipeline \"self.pf:3 (pX_revision_2)\" started at 2015-11-05 01:26:45.324418+00:00 by john\nrun: 1\nuser: john\noutput: pX_out_2", 
            "name": "run1_output2", 
            "symbolicdataset": 5
        }, 
        "model": "archive.dataset", 
        "pk": 4
    }, 
    {
        "fields": {
            "end_time": "2000-01-01T00:00:00Z", 
            "invoking_record": 2, 
            "record": 2, 
            "start_time": "2000-01-01T00:00:00Z"
        }, 
        "model": "archive.execlog", 
        "pk": 1
    }, 
    {
        "fields": {
            "end_time": "2000-01-01T00:00:01Z", 
            "invoking_record": 1, 
            "record": 1, 
            "start_time": "2000-01-01T00:00:01Z"
        }, 
        "model": "archive.execlog", 
        "pk": 2
    }, 
    {
        "fields": {
            "end_time": "2000-01-01T00:00:03Z", 
            "invoking_record": 5, 
            "record": 5, 
            "start_time": "2000-01-01T00:00:03Z"
        }, 
        "model": "archive.execlog", 
        "pk": 3
    }, 
    {
        "fields": {
            "end_time": "2000-01-01T00:00:04Z", 
            "invoking_record": 6, 
            "record": 6, 
            "start_time": "2000-01-01T00:00:04Z"
        }, 
        "model": "archive.execlog", 
        "pk": 4
    }, 
    {
        "fields": {
            "are_checksums_OK": true, 
            "code_redacted": false, 
            "error_log": "Logs/step1_stderr.txt", 
            "error_redacted": false, 
            "execlog": 2, 
            "output_log": "Logs/step1_stdout.txt", 
            "output_redacted": false, 
            "return_code": 0
        }, 
        "model": "archive.methodoutput", 
        "pk": 1
    }, 
    {
        "fields": {
            "compounddatatype": 5, 
            "num_rows": 10, 
            "symbolicdataset": 1
        }, 
        "model": "librarian.datasetstructure", 
        "pk": 1
    }, 
    {
        "fields": {
            "compounddatatype": 6, 
            "num_rows": 10, 
            "symbolicdataset": 3
        }, 
        "model": "librarian.datasetstructure", 
        "pk": 2
    }, 
    {
        "fields": {
            "compounddatatype": 7, 
            "num_rows": 10, 
            "symbolicdataset": 4
        }, 
        "model": "librarian.datasetstructure", 
        "pk": 3
    }, 
    {
        "fields": {
            "compounddatatype": 8, 
            "num_rows": 10, 
            "symbolicdataset": 5
        }, 
        "model": "librarian.datasetstructure", 
        "pk": 4
    }, 
    {
        "fields": {
            "generator": 1
        }, 
        "model": "librarian.execrecord", 
        "pk": 1
    }, 
    {
        "fields": {
            "generator": 2
        }, 
        "model": "librarian.execrecord", 
        "pk": 2
    }, 
    {
        "fields": {
            "generator": 3
        }, 
        "model": "librarian.execrecord", 
        "pk": 3
    }, 
    {
        "fields": {
            "generator": 4
        }, 
        "model": "librarian.execrecord", 
        "pk": 4
    }, 
    {
        "fields": {
            "execrecord": 1, 
            "generic_input": 9, 
            "symbolicdataset": 1
        }, 
        "model": "librarian.execrecordin", 
        "pk": 1
    }, 
    {
        "fields": {
            "execrecord": 2, 
            "generic_input": 1, 
            "symbolicdataset": 3
        }, 
        "model": "librarian.execrecordin", 
        "pk": 2
    }, 
    {
        "fields": {
            "execrecord": 3, 
            "generic_input": 2, 
            "symbolicdataset": 4
        }, 
        "model": "librarian.execrecordin", 
        "pk": 3
    }, 
    {
        "fields": {
            "execrecord": 4, 
            "generic_input": 2, 
            "symbolicdataset": 4
        }, 
        "model": "librarian.execrecordin", 
        "pk": 4
    }, 
    {
        "fields": {
            "execrecord": 1, 
            "generic_output": 1, 
            "symbolicdataset": 3
        }, 
        "model": "librarian.execrecordout", 
        "pk": 1
    }, 
    {
        "fields": {
            "execrecord": 2, 
            "generic_output": 2, 
            "symbolicdataset": 4
        }, 
        "model": "librarian.execrecordout", 
        "pk": 2
    }, 
    {
        "fields": {
            "execrecord": 3, 
            "generic_output": 10, 
            "symbolicdataset": 5
        }, 
        "model": "librarian.execrecordout", 
        "pk": 3
    }, 
    {
        "fields": {
            "execrecord": 4, 
            "generic_output": 11, 
            "symbolicdataset": 4
        }, 
        "model": "librarian.execrecordout", 
        "pk": 4
    }, 
    {
        "fields": {
            "fill_colour": "", 
            "name": "", 
            "outputs_to_delete": [], 
            "pipeline": 2, 
            "step_num": 1, 
            "transformation": 1, 
            "x": 0.0, 
            "y": 0.0
        }, 
        "model": "pipeline.pipelinestep", 
        "pk": 1
    }, 
    {
        "fields": {
            "fill_colour": "", 
            "name": "", 
            "outputs_to_delete": [], 
            "pipeline": 3, 
            "step_num": 1, 
            "transformation": 4, 
            "x": 0.0, 
            "y": 0.0
        }, 
        "model": "pipeline.pipelinestep", 
        "pk": 2
    }, 
    {
        "fields": {
            "fill_colour": "", 
            "name": "", 
            "outputs_to_delete": [], 
            "pipeline": 5, 
            "step_num": 1, 
            "transformation": 1, 
            "x": 0.0, 
            "y": 0.0
        }, 
        "model": "pipeline.pipelinestep", 
        "pk": 3
    }, 
    {
        "fields": {
            "fill_colour": "", 
            "name": "", 
            "outputs_to_delete": [], 
            "pipeline": 5, 
            "step_num": 2, 
            "transformation": 1, 
            "x": 0.0, 
            "y": 0.0
        }, 
        "model": "pipeline.pipelinestep", 
        "pk": 4
    }, 
    {
        "fields": {}, 
        "model": "pipeline.pipelinecable", 
        "pk": 1
    }, 
    {
        "fields": {}, 
        "model": "pipeline.pipelinecable", 
        "pk": 2
    }, 
    {
        "fields": {}, 
        "model": "pipeline.pipelinecable", 
        "pk": 3
    }, 
    {
        "fields": {}, 
        "model": "pipeline.pipelinecable", 
        "pk": 4
    }, 
    {
        "fields": {}, 
        "model": "pipeline.pipelinecable", 
        "pk": 5
    }, 
    {
        "fields": {}, 
        "model": "pipeline.pipelinecable", 
        "pk": 6
    }, 
    {
        "fields": {}, 
        "model": "pipeline.pipelinecable", 
        "pk": 7
    }, 
    {
        "fields": {}, 
        "model": "pipeline.pipelinecable", 
        "pk": 8
    }, 
    {
        "fields": {
            "dest": 1, 
            "keep_output": false, 
            "pipelinestep": 1, 
            "source": 3, 
            "source_step": 0
        }, 
        "model": "pipeline.pipelinestepinputcable", 
        "pk": 1
    }, 
    {
        "fields": {
            "dest": 5, 
            "keep_output": false, 
            "pipelinestep": 2, 
            "source": 7, 
            "source_step": 0
        }, 
        "model": "pipeline.pipelinestepinputcable", 
        "pk": 3
    }, 
    {
        "fields": {
            "dest": 1, 
            "keep_output": false, 
            "pipelinestep": 3, 
            "source": 9, 
            "source_step": 0
        }, 
        "model": "pipeline.pipelinestepinputcable", 
        "pk": 5
    }, 
    {
        "fields": {
            "dest": 1, 
            "keep_output": false, 
            "pipelinestep": 4, 
            "source": 9, 
            "source_step": 0
        }, 
        "model": "pipeline.pipelinestepinputcable", 
        "pk": 6
    }, 
    {
        "fields": {
            "cable": 1, 
            "dest_pin": 11, 
            "source_pin": 8
        }, 
        "model": "pipeline.customcablewire", 
        "pk": 1
    }, 
    {
        "fields": {
            "cable": 1, 
            "dest_pin": 10, 
            "source_pin": 9
        }, 
        "model": "pipeline.customcablewire", 
        "pk": 2
    }, 
    {
        "fields": {
            "cable": 5, 
            "dest_pin": 11, 
            "source_pin": 8
        }, 
        "model": "pipeline.customcablewire", 
        "pk": 3
    }, 
    {
        "fields": {
            "cable": 5, 
            "dest_pin": 10, 
            "source_pin": 9
        }, 
        "model": "pipeline.customcablewire", 
        "pk": 4
    }, 
    {
        "fields": {
            "cable": 6, 
            "dest_pin": 11, 
            "source_pin": 8
        }, 
        "model": "pipeline.customcablewire", 
        "pk": 5
    }, 
    {
        "fields": {
            "cable": 6, 
            "dest_pin": 10, 
            "source_pin": 9
        }, 
        "model": "pipeline.customcablewire", 
        "pk": 6
    }, 
    {
        "fields": {
            "cable": 8, 
            "dest_pin": 14, 
            "source_pin": 12
        }, 
        "model": "pipeline.customcablewire", 
        "pk": 7
    }, 
    {
        "fields": {
            "cable": 8, 
            "dest_pin": 15, 
            "source_pin": 13
        }, 
        "model": "pipeline.customcablewire", 
        "pk": 8
    }, 
    {
        "fields": {
            "cable": 8, 
            "dest_pin": 16, 
            "source_pin": 13
        }, 
        "model": "pipeline.customcablewire", 
        "pk": 9
    }, 
    {
        "fields": {
            "output_cdt": 7, 
            "output_idx": 1, 
            "output_name": "pX_out", 
            "pipeline": 2, 
            "source": 2, 
            "source_step": 1
        }, 
        "model": "pipeline.pipelineoutputcable", 
        "pk": 2
    }, 
    {
        "fields": {
            "output_cdt": 7, 
            "output_idx": 1, 
            "output_name": "pX_out", 
            "pipeline": 3, 
            "source": 6, 
            "source_step": 1
        }, 
        "model": "pipeline.pipelineoutputcable", 
        "pk": 4
    }, 
    {
        "fields": {
            "output_cdt": 7, 
            "output_idx": 1, 
            "output_name": "pX_out_1", 
            "pipeline": 5, 
            "source": 2, 
            "source_step": 1
        }, 
        "model": "pipeline.pipelineoutputcable", 
        "pk": 7
    }, 
    {
        "fields": {
            "output_cdt": 8, 
            "output_idx": 2, 
            "output_name": "pX_out_2", 
            "pipeline": 5, 
            "source": 2, 
            "source_step": 2
        }, 
        "model": "pipeline.pipelineoutputcable", 
        "pk": 8
    }, 
    {
        "fields": {
            "x": 0.0, 
            "y": 0.0
        }, 
        "model": "transformation.transformationxput", 
        "pk": 1
    }, 
    {
        "fields": {
            "x": 0.0, 
            "y": 0.0
        }, 
        "model": "transformation.transformationxput", 
        "pk": 2
    }, 
    {
        "fields": {
            "x": 0.0, 
            "y": 0.0
        }, 
        "model": "transformation.transformationxput", 
        "pk": 3
    }, 
    {
        "fields": {
            "x": 0.0, 
            "y": 0.0
        }, 
        "model": "transformation.transformationxput", 
        "pk": 4
    }, 
    {
        "fields": {
            "x": 0.0, 
            "y": 0.0
        }, 
        "model": "transformation.transformationxput", 
        "pk": 5
    }, 
    {
        "fields": {
            "x": 0.0, 
            "y": 0.0
        }, 
        "model": "transformation.transformationxput", 
        "pk": 6
    }, 
    {
        "fields": {
            "x": 0.0, 
            "y": 0.0
        }, 
        "model": "transformation.transformationxput", 
        "pk": 7
    }, 
    {
        "fields": {
            "x": 0.0, 
            "y": 0.0
        }, 
        "model": "transformation.transformationxput", 
        "pk": 8
    }, 
    {
        "fields": {
            "x": 0.0, 
            "y": 0.0
        }, 
        "model": "transformation.transformationxput", 
        "pk": 9
    }, 
    {
        "fields": {
            "x": 0.0, 
            "y": 0.0
        }, 
        "model": "transformation.transformationxput", 
        "pk": 10
    }, 
    {
        "fields": {
            "x": 0.0, 
            "y": 0.0
        }, 
        "model": "transformation.transformationxput", 
        "pk": 11
    }, 
    {
        "fields": {
            "compounddatatype": 6, 
            "max_row": null, 
            "min_row": null, 
            "transf_xput": 1
        }, 
        "model": "transformation.xputstructure", 
        "pk": 1
    }, 
    {
        "fields": {
            "compounddatatype": 7, 
            "max_row": null, 
            "min_row": null, 
            "transf_xput": 2
        }, 
        "model": "transformation.xputstructure", 
        "pk": 2
    }, 
    {
        "fields": {
            "compounddatatype": 5, 
            "max_row": null, 
            "min_row": null, 
            "transf_xput": 3
        }, 
        "model": "transformation.xputstructure", 
        "pk": 3
    }, 
    {
        "fields": {
            "compounddatatype": 7, 
            "max_row": null, 
            "min_row": null, 
            "transf_xput": 4
        }, 
        "model": "transformation.xputstructure", 
        "pk": 4
    }, 
    {
        "fields": {
            "compounddatatype": 7, 
            "max_row": null, 
            "min_row": null, 
            "transf_xput": 6
        }, 
        "model": "transformation.xputstructure", 
        "pk": 5
    }, 
    {
        "fields": {
            "compounddatatype": 7, 
            "max_row": null, 
            "min_row": null, 
            "transf_xput": 8
        }, 
        "model": "transformation.xputstructure", 
        "pk": 6
    }, 
    {
        "fields": {
            "compounddatatype": 5, 
            "max_row": null, 
            "min_row": null, 
            "transf_xput": 9
        }, 
        "model": "transformation.xputstructure", 
        "pk": 7
    }, 
    {
        "fields": {
            "compounddatatype": 8, 
            "max_row": null, 
            "min_row": null, 
            "transf_xput": 10
        }, 
        "model": "transformation.xputstructure", 
        "pk": 8
    }, 
    {
        "fields": {
            "compounddatatype": 7, 
            "max_row": null, 
            "min_row": null, 
            "transf_xput": 11
        }, 
        "model": "transformation.xputstructure", 
        "pk": 9
    }, 
    {
        "fields": {
            "dataset_idx": 1, 
            "dataset_name": "mA_in", 
            "transformation": 1
        }, 
        "model": "transformation.transformationinput", 
        "pk": 1
    }, 
    {
        "fields": {
            "dataset_idx": 1, 
            "dataset_name": "pX_in", 
            "transformation": 2
        }, 
        "model": "transformation.transformationinput", 
        "pk": 3
    }, 
    {
        "fields": {
            "dataset_idx": 1, 
            "dataset_name": "mA_in", 
            "transformation": 4
        }, 
        "model": "transformation.transformationinput", 
        "pk": 5
    }, 
    {
        "fields": {
            "dataset_idx": 1, 
            "dataset_name": "pX_in", 
            "transformation": 3
        }, 
        "model": "transformation.transformationinput", 
        "pk": 7
    }, 
    {
        "fields": {
            "dataset_idx": 1, 
            "dataset_name": "pX_in", 
            "transformation": 5
        }, 
        "model": "transformation.transformationinput", 
        "pk": 9
    }, 
    {
        "fields": {
            "dataset_idx": 1, 
            "dataset_name": "mA_out", 
            "transformation": 1
        }, 
        "model": "transformation.transformationoutput", 
        "pk": 2
    }, 
    {
        "fields": {
            "dataset_idx": 1, 
            "dataset_name": "pX_out", 
            "transformation": 2
        }, 
        "model": "transformation.transformationoutput", 
        "pk": 4
    }, 
    {
        "fields": {
            "dataset_idx": 1, 
            "dataset_name": "mA_out", 
            "transformation": 4
        }, 
        "model": "transformation.transformationoutput", 
        "pk": 6
    }, 
    {
        "fields": {
            "dataset_idx": 1, 
            "dataset_name": "pX_out", 
            "transformation": 3
        }, 
        "model": "transformation.transformationoutput", 
        "pk": 8
    }, 
    {
        "fields": {
            "dataset_idx": 2, 
            "dataset_name": "pX_out_2", 
            "transformation": 5
        }, 
        "model": "transformation.transformationoutput", 
        "pk": 10
    }, 
    {
        "fields": {
            "dataset_idx": 1, 
            "dataset_name": "pX_out_1", 
            "transformation": 5
        }, 
        "model": "transformation.transformationoutput", 
        "pk": 11
    }, 
    {
        "fields": {
            "date_joined": "2000-01-01T00:00:00Z", 
            "email": "lennon@thebeatles.com", 
            "first_name": "", 
            "groups": [
                1
            ], 
            "is_active": true, 
            "is_staff": false, 
            "is_superuser": false, 
            "last_login": "2000-01-01T00:00:00Z", 
            "last_name": "", 
            "password": "pbkdf2_sha256$15000$NW6rWMhKDzUc$N6BPS0EWdRYmsCp4jw2AQqz96W5KKUOHNLMeOQRBayA=", 
            "user_permissions": [], 
            "username": "john"
        }, 
        "model": "auth.user", 
        "pk": 2
    }, 
    {
        "fields": {
            "groups_allowed": [], 
            "user": 2, 
            "users_allowed": []
        }, 
        "model": "metadata.compounddatatype", 
        "pk": 5
    }, 
    {
        "fields": {
            "groups_allowed": [], 
            "user": 2, 
            "users_allowed": []
        }, 
        "model": "metadata.compounddatatype", 
        "pk": 6
    }, 
    {
        "fields": {
            "groups_allowed": [], 
            "user": 2, 
            "users_allowed": []
        }, 
        "model": "metadata.compounddatatype", 
        "pk": 7
    }, 
    {
        "fields": {
            "groups_allowed": [], 
            "user": 2, 
            "users_allowed": []
        }, 
        "model": "metadata.compounddatatype", 
        "pk": 8
    }, 
    {
        "fields": {
            "description": "", 
            "end_time": "2000-01-01T00:00:04Z", 
            "groups_allowed": [], 
            "name": "", 
            "parent_runstep": null, 
            "paused_by": null, 
            "pipeline": 5, 
            "purged": false, 
            "sandbox_path": "/Users/rliang/Documents/Research/Copperfish/copperfish/kive/Sandboxes/userjohn_run1_QeuiFH", 
            "start_time": "2000-01-01T00:00:00Z", 
            "stopped_by": null, 
            "time_queued": "2015-11-05T01:26:45.296Z", 
            "user": 2, 
            "users_allowed": []
        }, 
        "model": "archive.run", 
        "pk": 1
    }, 
    {
        "fields": {
            "MD5_checksum": "4ce50c714420255e82dd3965ccec07ec", 
            "_redacted": false, 
            "groups_allowed": [], 
            "user": 2, 
            "users_allowed": []
        }, 
        "model": "librarian.symbolicdataset", 
        "pk": 1
    }, 
    {
        "fields": {
            "MD5_checksum": "4ce50c714420255e82dd3965ccec07ec", 
            "_redacted": false, 
            "groups_allowed": [], 
            "user": 2, 
            "users_allowed": []
        }, 
        "model": "librarian.symbolicdataset", 
        "pk": 2
    }, 
    {
        "fields": {
            "MD5_checksum": "59c1180b30e68d7013f73b9f63a3adca", 
            "_redacted": false, 
            "groups_allowed": [], 
            "user": 2, 
            "users_allowed": []
        }, 
        "model": "librarian.symbolicdataset", 
        "pk": 3
    }, 
    {
        "fields": {
            "MD5_checksum": "bc2ee5c7dfc2f2b9c93124581fedb96c", 
            "_redacted": false, 
            "groups_allowed": [], 
            "user": 2, 
            "users_allowed": []
        }, 
        "model": "librarian.symbolicdataset", 
        "pk": 4
    }, 
    {
        "fields": {
            "MD5_checksum": "6dfd290a5dad5e8ab1de623257bdf1b5", 
            "_redacted": false, 
            "groups_allowed": [], 
            "user": 2, 
            "users_allowed": []
        }, 
        "model": "librarian.symbolicdataset", 
        "pk": 5
    }, 
    {
        "fields": {
            "description": "self.mA_cr desc", 
            "filename": "mA.py", 
            "groups_allowed": [], 
            "name": "mA_CR", 
            "user": 2, 
            "users_allowed": []
        }, 
        "model": "method.coderesource", 
        "pk": 1
    }, 
    {
        "fields": {
            "MD5_checksum": "e353a62fe8cb6a56d31b8c65d70b217d", 
            "coderesource": 1, 
            "content_file": "CodeResources/generic_script.py", 
            "groups_allowed": [], 
            "revision_DateTime": "2000-01-01T00:00:00Z", 
            "revision_desc": "desc", 
            "revision_name": "v1", 
            "revision_number": 1, 
            "revision_parent": null, 
            "user": 2, 
            "users_allowed": []
        }, 
        "model": "method.coderesourcerevision", 
        "pk": 1
    }, 
    {
        "fields": {
            "driver": 1, 
            "family": 1, 
            "groups_allowed": [], 
            "reusable": 1, 
            "revision_number": 1, 
            "revision_parent": null, 
            "tainted": false, 
            "threads": 1, 
            "users_allowed": []
        }, 
        "model": "method.method", 
        "pk": 1
    }, 
    {
        "fields": {
            "driver": 1, 
            "family": 1, 
            "groups_allowed": [], 
            "reusable": 1, 
            "revision_number": 2, 
            "revision_parent": null, 
            "tainted": false, 
            "threads": 1, 
            "users_allowed": []
        }, 
        "model": "method.method", 
        "pk": 4
    }, 
    {
        "fields": {
            "description": "self.mf desc", 
            "groups_allowed": [], 
            "name": "self.mf", 
            "user": 2, 
            "users_allowed": []
        }, 
        "model": "method.methodfamily", 
        "pk": 1
    }, 
    {
        "fields": {
            "description": "self.pf desc", 
            "groups_allowed": [], 
            "name": "self.pf", 
            "user": 2, 
            "users_allowed": []
        }, 
        "model": "pipeline.pipelinefamily", 
        "pk": 1
    }, 
    {
        "fields": {
            "family": 1, 
            "groups_allowed": [], 
            "published": false, 
            "revision_number": 1, 
            "revision_parent": null, 
            "users_allowed": []
        }, 
        "model": "pipeline.pipeline", 
        "pk": 2
    }, 
    {
        "fields": {
            "family": 1, 
            "groups_allowed": [], 
            "published": false, 
            "revision_number": 2, 
            "revision_parent": null, 
            "users_allowed": []
        }, 
        "model": "pipeline.pipeline", 
        "pk": 3
    }, 
    {
        "fields": {
            "family": 1, 
            "groups_allowed": [], 
            "published": false, 
            "revision_number": 3, 
            "revision_parent": null, 
            "users_allowed": []
        }, 
        "model": "pipeline.pipeline", 
        "pk": 5
    }, 
    {
        "fields": {
            "groups_allowed": [], 
            "revision_DateTime": "2000-01-01T00:00:00Z", 
            "revision_desc": "mA_desc", 
            "revision_name": "mA", 
            "user": 2, 
            "users_allowed": []
        }, 
        "model": "transformation.transformation", 
        "pk": 1
    }, 
    {
        "fields": {
            "groups_allowed": [], 
            "revision_DateTime": "2000-01-01T00:00:00Z", 
            "revision_desc": "X", 
            "revision_name": "pX_revision", 
            "user": 2, 
            "users_allowed": []
        }, 
        "model": "transformation.transformation", 
        "pk": 2
    }, 
    {
        "fields": {
            "groups_allowed": [], 
            "revision_DateTime": "2000-01-01T00:00:00Z", 
            "revision_desc": "X", 
            "revision_name": "pX_raw", 
            "user": 2, 
            "users_allowed": []
        }, 
        "model": "transformation.transformation", 
        "pk": 3
    }, 
    {
        "fields": {
            "groups_allowed": [], 
            "revision_DateTime": "2000-01-01T00:00:00Z", 
            "revision_desc": "mA_desc", 
            "revision_name": "mA_raw", 
            "user": 2, 
            "users_allowed": []
        }, 
        "model": "transformation.transformation", 
        "pk": 4
    }, 
    {
        "fields": {
            "groups_allowed": [], 
            "revision_DateTime": "2000-01-01T00:00:00Z", 
            "revision_desc": "X2", 
            "revision_name": "pX_revision_2", 
            "user": 2, 
            "users_allowed": []
        }, 
        "model": "transformation.transformation", 
        "pk": 5
    }, 
    {
        "fields": {
            "end_time": "2000-01-01T00:00:00Z", 
            "execlog": null, 
            "start_time": "2000-01-01T00:00:00Z", 
            "symbolicdataset": 1, 
            "user": 2
        }, 
        "model": "datachecking.contentchecklog", 
        "pk": 1
    }, 
    {
        "fields": {
            "end_time": "2000-01-01T00:00:01Z", 
            "execlog": 1, 
            "start_time": "2000-01-01T00:00:01Z", 
            "symbolicdataset": 3, 
            "user": 2
        }, 
        "model": "datachecking.contentchecklog", 
        "pk": 2
    }, 
    {
        "fields": {
            "end_time": "2000-01-01T00:00:02Z", 
            "execlog": 2, 
            "start_time": "2000-01-01T00:00:02Z", 
            "symbolicdataset": 4, 
            "user": 2
        }, 
        "model": "datachecking.contentchecklog", 
        "pk": 3
    }, 
    {
        "fields": {
            "end_time": "2000-01-01T00:00:04Z", 
            "execlog": 3, 
            "start_time": "2000-01-01T00:00:04Z", 
            "symbolicdataset": 5, 
            "user": 2
        }, 
        "model": "datachecking.contentchecklog", 
        "pk": 4
    }, 
    {
        "fields": {
            "end_time": "2000-01-01T00:00:04Z", 
            "execlog": 4, 
            "start_time": "2000-01-01T00:00:04Z", 
            "symbolicdataset": 4, 
            "user": 2
        }, 
        "model": "datachecking.integritychecklog", 
        "pk": 1
    }
]