[
{
    "pk": 2, 
    "model": "transformation.transformation", 
    "fields": {
        "revision_DateTime": "2014-08-07T21:52:47.509Z", 
        "revision_desc": "", 
        "revision_name": "script_1_sum_and_products"
    }
},
{
    "pk": 3, 
    "model": "transformation.transformation", 
    "fields": {
        "revision_DateTime": "2014-08-07T21:57:44.989Z", 
        "revision_desc": "", 
        "revision_name": "Sums and Products"
    }
},
{
    "pk": 3, 
    "model": "transformation.transformationxput", 
    "fields": {
        "y": 0, 
        "x": 0
    }
},
{
    "pk": 4, 
    "model": "transformation.transformationxput", 
    "fields": {
        "y": 0, 
        "x": 0
    }
},
{
    "pk": 5, 
    "model": "transformation.transformationxput", 
    "fields": {
        "y": 0.452,
        "x": 0.1
    }
},
{
    "pk": 6, 
    "model": "transformation.transformationxput", 
    "fields": {
        "y": 0.576,
        "x": 0.7
    }
},
{
    "pk": 2, 
    "model": "transformation.xputstructure", 
    "fields": {
        "min_row": null, 
        "transf_xput": 3, 
        "max_row": null, 
        "compounddatatype": 5
    }
},
{
    "pk": 3, 
    "model": "transformation.xputstructure", 
    "fields": {
        "min_row": null, 
        "transf_xput": 4, 
        "max_row": null, 
        "compounddatatype": 6
    }
},
{
    "pk": 4, 
    "model": "transformation.xputstructure", 
    "fields": {
        "min_row": null, 
        "transf_xput": 5, 
        "max_row": null, 
        "compounddatatype": 5
    }
},
{
    "pk": 5, 
    "model": "transformation.xputstructure", 
    "fields": {
        "min_row": null, 
        "transf_xput": 6, 
        "max_row": null, 
        "compounddatatype": 6
    }
},
{
    "pk": 3, 
    "model": "transformation.transformationinput", 
    "fields": {
        "dataset_idx": 1, 
        "transformation": 2, 
        "dataset_name": "pairs"
    }
},
{
    "pk": 5, 
    "model": "transformation.transformationinput", 
    "fields": {
        "dataset_idx": 1, 
        "transformation": 3, 
        "dataset_name": "pairs"
    }
},
{
    "pk": 4, 
    "model": "transformation.transformationoutput", 
    "fields": {
        "dataset_idx": 1, 
        "transformation": 2, 
        "dataset_name": "sums_products"
    }
},
{
    "pk": 6, 
    "model": "transformation.transformationoutput", 
    "fields": {
        "dataset_idx": 1, 
        "transformation": 3, 
        "dataset_name": "sums_products"
    }
},
{
    "pk": 4, 
    "model": "transformation.transformation", 
    "fields": {
        "revision_DateTime": "2014-08-11T19:05:56.425Z", 
        "revision_desc": "", 
        "revision_name": "prelim_map"
    }
},
{
    "pk": 7, 
    "model": "transformation.transformationxput", 
    "fields": {
        "y": 0, 
        "x": 0
    }
},
{
    "pk": 8, 
    "model": "transformation.transformationxput", 
    "fields": {
        "y": 0, 
        "x": 0
    }
},
{
    "pk": 9, 
    "model": "transformation.transformationxput", 
    "fields": {
        "y": 0, 
        "x": 0
    }
},
{
    "pk": 7, 
    "model": "transformation.transformationinput", 
    "fields": {
        "dataset_idx": 1, 
        "transformation": 4, 
        "dataset_name": "fastq1"
    }
},
{
    "pk": 8, 
    "model": "transformation.transformationinput", 
    "fields": {
        "dataset_idx": 2, 
        "transformation": 4, 
        "dataset_name": "fastq2"
    }
},
{
    "pk": 9, 
    "model": "transformation.transformationoutput", 
    "fields": {
        "dataset_idx": 1, 
        "transformation": 4, 
        "dataset_name": "prelim_csv"
    }
},
{
    "pk": 6, 
    "model": "transformation.xputstructure", 
    "fields": {
        "min_row": null, 
        "transf_xput": 9, 
        "max_row": null, 
        "compounddatatype": 7
    }
},
{
    "pk": 5, 
    "model": "transformation.transformation", 
    "fields": {
        "revision_DateTime": "2014-08-11T19:26:50.681Z", 
        "revision_desc": "Shipyard-style MiSeq pipeline, step 2\r\nTakes preliminary SAM as CSV input.  Iterative re-mapping of reads from\r\noriginal FASTQ files.\r\nAlso report the number of reads mapped before and after processing.", 
        "revision_name": "remap"
    }
},
{
    "pk": 10, 
    "model": "transformation.transformationxput", 
    "fields": {
        "y": 0, 
        "x": 0
    }
},
{
    "pk": 11, 
    "model": "transformation.transformationxput", 
    "fields": {
        "y": 0, 
        "x": 0
    }
},
{
    "pk": 12, 
    "model": "transformation.transformationxput", 
    "fields": {
        "y": 0, 
        "x": 0
    }
},
{
    "pk": 13, 
    "model": "transformation.transformationxput", 
    "fields": {
        "y": 0, 
        "x": 0
    }
},
{
    "pk": 14, 
    "model": "transformation.transformationxput", 
    "fields": {
        "y": 0, 
        "x": 0
    }
},
{
    "pk": 15, 
    "model": "transformation.transformationxput", 
    "fields": {
        "y": 0, 
        "x": 0
    }
},
{
    "pk": 10, 
    "model": "transformation.transformationinput", 
    "fields": {
        "dataset_idx": 1, 
        "transformation": 5, 
        "dataset_name": "fastq1"
    }
},
{
    "pk": 11, 
    "model": "transformation.transformationinput", 
    "fields": {
        "dataset_idx": 2, 
        "transformation": 5, 
        "dataset_name": "fastq2"
    }
},
{
    "pk": 12, 
    "model": "transformation.transformationinput", 
    "fields": {
        "dataset_idx": 3, 
        "transformation": 5, 
        "dataset_name": "prelim_csv"
    }
},
{
    "pk": 7, 
    "model": "transformation.xputstructure", 
    "fields": {
        "min_row": null, 
        "transf_xput": 12, 
        "max_row": null, 
        "compounddatatype": 7
    }
},
{
    "pk": 13, 
    "model": "transformation.transformationoutput", 
    "fields": {
        "dataset_idx": 1, 
        "transformation": 5, 
        "dataset_name": "remap_csv"
    }
},
{
    "pk": 8, 
    "model": "transformation.xputstructure", 
    "fields": {
        "min_row": null, 
        "transf_xput": 13, 
        "max_row": null, 
        "compounddatatype": 8
    }
},
{
    "pk": 14, 
    "model": "transformation.transformationoutput", 
    "fields": {
        "dataset_idx": 2, 
        "transformation": 5, 
        "dataset_name": "remap_counts_csv"
    }
},
{
    "pk": 9, 
    "model": "transformation.xputstructure", 
    "fields": {
        "min_row": null, 
        "transf_xput": 14, 
        "max_row": null, 
        "compounddatatype": 9
    }
},
{
    "pk": 15, 
    "model": "transformation.transformationoutput", 
    "fields": {
        "dataset_idx": 3, 
        "transformation": 5, 
        "dataset_name": "remap_conseq_csv"
    }
},
{
    "pk": 10, 
    "model": "transformation.xputstructure", 
    "fields": {
        "min_row": null, 
        "transf_xput": 15, 
        "max_row": null, 
        "compounddatatype": 10
    }
},
{
    "pk": 6, 
    "model": "transformation.transformation", 
    "fields": {
        "revision_DateTime": "2014-08-11T21:34:09.900Z", 
        "revision_desc": "Conversion of SAM data into aligned format.", 
        "revision_name": "sam2aln"
    }
},
{
    "pk": 16, 
    "model": "transformation.transformationxput", 
    "fields": {
        "y": 0, 
        "x": 0
    }
},
{
    "pk": 17, 
    "model": "transformation.transformationxput", 
    "fields": {
        "y": 0, 
        "x": 0
    }
},
{
    "pk": 18, 
    "model": "transformation.transformationxput", 
    "fields": {
        "y": 0, 
        "x": 0
    }
},
{
    "pk": 16, 
    "model": "transformation.transformationinput", 
    "fields": {
        "dataset_idx": 1, 
        "transformation": 6, 
        "dataset_name": "remap_csv"
    }
},
{
    "pk": 11, 
    "model": "transformation.xputstructure", 
    "fields": {
        "min_row": null, 
        "transf_xput": 16, 
        "max_row": null, 
        "compounddatatype": 8
    }
},
{
    "pk": 17, 
    "model": "transformation.transformationoutput", 
    "fields": {
        "dataset_idx": 1, 
        "transformation": 6, 
        "dataset_name": "aligned_csv"
    }
},
{
    "pk": 12, 
    "model": "transformation.xputstructure", 
    "fields": {
        "min_row": null, 
        "transf_xput": 17, 
        "max_row": null, 
        "compounddatatype": 11
    }
},
{
    "pk": 18, 
    "model": "transformation.transformationoutput", 
    "fields": {
        "dataset_idx": 2, 
        "transformation": 6, 
        "dataset_name": "conseq_ins_csv"
    }
},
{
    "pk": 13, 
    "model": "transformation.xputstructure", 
    "fields": {
        "min_row": null, 
        "transf_xput": 18, 
        "max_row": null, 
        "compounddatatype": 12
    }
},
{
    "pk": 7, 
    "model": "transformation.transformation", 
    "fields": {
        "revision_DateTime": "2014-08-11T22:46:19.889Z", 
        "revision_desc": "Post-processing of short-read alignments.", 
        "revision_name": "aln2counts"
    }
},
{
    "pk": 19, 
    "model": "transformation.transformationxput", 
    "fields": {
        "y": 0, 
        "x": 0
    }
},
{
    "pk": 21, 
    "model": "transformation.transformationxput", 
    "fields": {
        "y": 0, 
        "x": 0
    }
},
{
    "pk": 22, 
    "model": "transformation.transformationxput", 
    "fields": {
        "y": 0, 
        "x": 0
    }
},
{
    "pk": 23, 
    "model": "transformation.transformationxput", 
    "fields": {
        "y": 0, 
        "x": 0
    }
},
{
    "pk": 24, 
    "model": "transformation.transformationxput", 
    "fields": {
        "y": 0, 
        "x": 0
    }
},
{
    "pk": 19, 
    "model": "transformation.transformationinput", 
    "fields": {
        "dataset_idx": 1, 
        "transformation": 7, 
        "dataset_name": "aligned_csv"
    }
},
{
    "pk": 14, 
    "model": "transformation.xputstructure", 
    "fields": {
        "min_row": null, 
        "transf_xput": 19, 
        "max_row": null, 
        "compounddatatype": 11
    }
},
{
    "pk": 21, 
    "model": "transformation.transformationoutput", 
    "fields": {
        "dataset_idx": 1, 
        "transformation": 7, 
        "dataset_name": "nuc_csv"
    }
},
{
    "pk": 15, 
    "model": "transformation.xputstructure", 
    "fields": {
        "min_row": null, 
        "transf_xput": 21, 
        "max_row": null, 
        "compounddatatype": 14
    }
},
{
    "pk": 22, 
    "model": "transformation.transformationoutput", 
    "fields": {
        "dataset_idx": 2, 
        "transformation": 7, 
        "dataset_name": "amino_csv"
    }
},
{
    "pk": 16, 
    "model": "transformation.xputstructure", 
    "fields": {
        "min_row": null, 
        "transf_xput": 22, 
        "max_row": null, 
        "compounddatatype": 15
    }
},
{
    "pk": 23, 
    "model": "transformation.transformationoutput", 
    "fields": {
        "dataset_idx": 3, 
        "transformation": 7, 
        "dataset_name": "coord_ins_csv"
    }
},
{
    "pk": 17, 
    "model": "transformation.xputstructure", 
    "fields": {
        "min_row": null, 
        "transf_xput": 23, 
        "max_row": null, 
        "compounddatatype": 16
    }
},
{
    "pk": 24, 
    "model": "transformation.transformationoutput", 
    "fields": {
        "dataset_idx": 4, 
        "transformation": 7, 
        "dataset_name": "conseq_csv"
    }
},
{
    "pk": 18, 
    "model": "transformation.xputstructure", 
    "fields": {
        "min_row": null, 
        "transf_xput": 24, 
        "max_row": null, 
        "compounddatatype": 17
    }
},
{
    "pk": 25, 
    "model": "transformation.transformationxput", 
    "fields": {
        "y": 0, 
        "x": 0
    }
},
{
    "pk": 26, 
    "model": "transformation.transformationxput", 
    "fields": {
        "y": 0, 
        "x": 0
    }
},
{
    "pk": 9, 
    "model": "transformation.transformation", 
    "fields": {
        "revision_DateTime": "2014-08-12T00:04:53.535Z", 
        "revision_desc": "Iterate through a CSV (produced by remap)\r\nRestrict to sequences of HIV env V3 (region == V3LOOP).\r\nApply Conan's implementation of the geno2pheno (g2p) coreceptor\r\ntropism prediction algorithm to each entry.  Output tuples of header,\r\ng2p score, FPR, and g2p-aligned protein sequence.", 
        "revision_name": "sam_g2p.sh"
    }
},
{
    "pk": 27, 
    "model": "transformation.transformationxput", 
    "fields": {
        "y": 0, 
        "x": 0
    }
},
{
    "pk": 28, 
    "model": "transformation.transformationxput", 
    "fields": {
        "y": 0, 
        "x": 0
    }
},
{
    "pk": 27, 
    "model": "transformation.transformationinput", 
    "fields": {
        "dataset_idx": 1, 
        "transformation": 9, 
        "dataset_name": "remap_csv"
    }
},
{
    "pk": 19, 
    "model": "transformation.xputstructure", 
    "fields": {
        "min_row": null, 
        "transf_xput": 27, 
        "max_row": null, 
        "compounddatatype": 8
    }
},
{
    "pk": 28, 
    "model": "transformation.transformationoutput", 
    "fields": {
        "dataset_idx": 1, 
        "transformation": 9, 
        "dataset_name": "g2p_csv"
    }
},
{
    "pk": 20, 
    "model": "transformation.xputstructure", 
    "fields": {
        "min_row": null, 
        "transf_xput": 28, 
        "max_row": null, 
        "compounddatatype": 20
    }
},
{
    "pk": 10, 
    "model": "transformation.transformation", 
    "fields": {
        "revision_DateTime": "2014-08-12T00:25:49.583Z", 
        "revision_desc": "", 
        "revision_name": "MiSeq"
    }
},
{
    "pk": 29, 
    "model": "transformation.transformationxput", 
    "fields": {
        "y": 0.187,
        "x": 0.034
    }
},
{
    "pk": 30, 
    "model": "transformation.transformationxput", 
    "fields": {
        "y": 0.381,
        "x": 0.034
    }
},
{
    "pk": 31, 
    "model": "transformation.transformationxput", 
    "fields": {
        "y": 0.135,
        "x": 0.397
    }
},
{
    "pk": 32, 
    "model": "transformation.transformationxput", 
    "fields": {
        "y": 0.111,
        "x": 0.640
    }
},
{
    "pk": 33, 
    "model": "transformation.transformationxput", 
    "fields": {
        "y": 0.257,
        "x": 0.639
    }
},
{
    "pk": 34, 
    "model": "transformation.transformationxput", 
    "fields": {
        "y": 0.465,
        "x": 0.885
    }
},
{
    "pk": 35, 
    "model": "transformation.transformationxput", 
    "fields": {
        "y": 0.623,
        "x": 0.885
    }
},
{
    "pk": 36, 
    "model": "transformation.transformationxput", 
    "fields": {
        "y": 0.442,
        "x": 0.762
    }
},
{
    "pk": 37, 
    "model": "transformation.transformationxput", 
    "fields": {
        "y": 0.777,
        "x": 0.885
    }
},
{
    "pk": 38, 
    "model": "transformation.transformationxput", 
    "fields": {
        "y": 0.930,
        "x": 0.885
    }
},
{
    "pk": 29, 
    "model": "transformation.transformationinput", 
    "fields": {
        "dataset_idx": 1, 
        "transformation": 10, 
        "dataset_name": "fastq1"
    }
},
{
    "pk": 30, 
    "model": "transformation.transformationinput", 
    "fields": {
        "dataset_idx": 2, 
        "transformation": 10, 
        "dataset_name": "fastq2"
    }
},
{
    "pk": 31, 
    "model": "transformation.transformationoutput", 
    "fields": {
        "dataset_idx": 1, 
        "transformation": 10, 
        "dataset_name": "remap_counts_csv"
    }
},
{
    "pk": 32, 
    "model": "transformation.transformationoutput", 
    "fields": {
        "dataset_idx": 2, 
        "transformation": 10, 
        "dataset_name": "nuc_csv"
    }
},
{
    "pk": 33, 
    "model": "transformation.transformationoutput", 
    "fields": {
        "dataset_idx": 3, 
        "transformation": 10, 
        "dataset_name": "amino_csv"
    }
},
{
    "pk": 34, 
    "model": "transformation.transformationoutput", 
    "fields": {
        "dataset_idx": 4, 
        "transformation": 10, 
        "dataset_name": "indels_csv"
    }
},
{
    "pk": 35, 
    "model": "transformation.transformationoutput", 
    "fields": {
        "dataset_idx": 5, 
        "transformation": 10, 
        "dataset_name": "conseq_csv"
    }
},
{
    "pk": 36, 
    "model": "transformation.transformationoutput", 
    "fields": {
        "dataset_idx": 6, 
        "transformation": 10, 
        "dataset_name": "nuc_variants_csv"
    }
},
{
    "pk": 37, 
    "model": "transformation.transformationoutput", 
    "fields": {
        "dataset_idx": 7, 
        "transformation": 10, 
        "dataset_name": "failed_csv"
    }
},
{
    "pk": 38, 
    "model": "transformation.transformationoutput", 
    "fields": {
        "dataset_idx": 8, 
        "transformation": 10, 
        "dataset_name": "g2p_csv"
    }
},
{
    "pk": 11, 
    "model": "transformation.transformation", 
    "fields": {
        "revision_DateTime": "2014-08-12T18:43:20.837Z", 
        "revision_desc": "Plot coverage for each region in a sample.", 
        "revision_name": "coverage_plots"
    }
},
{
    "pk": 12, 
    "model": "transformation.transformation", 
    "fields": {
        "revision_DateTime": "2014-08-12T18:45:44.829Z", 
        "revision_desc": "", 
        "revision_name": "added coverage plots"
    }
},
{
    "pk": 39, 
    "model": "transformation.transformationxput", 
    "fields": {
        "y": 0, 
        "x": 0
    }
},
{
    "pk": 40, 
    "model": "transformation.transformationxput", 
    "fields": {
        "y": 0, 
        "x": 0
    }
},
{
    "pk": 41, 
    "model": "transformation.transformationxput", 
    "fields": {
        "y": 0, 
        "x": 0
    }
},
{
    "pk": 42, 
    "model": "transformation.transformationxput", 
    "fields": {
        "y": 0.187,
        "x": 0.034
    }
},
{
    "pk": 43, 
    "model": "transformation.transformationxput", 
    "fields": {
        "y": 0.381,
        "x": 0.034
    }
},
{
    "pk": 44, 
    "model": "transformation.transformationxput", 
    "fields": {
        "y": 0.135,
        "x": 0.397
    }
},
{
    "pk": 45, 
    "model": "transformation.transformationxput", 
    "fields": {
        "y": 0.110,
        "x": 0.640
    }
},
{
    "pk": 46, 
    "model": "transformation.transformationxput", 
    "fields": {
        "y": 0.140,
        "x": 0.885
    }
},
{
    "pk": 47, 
    "model": "transformation.transformationxput", 
    "fields": {
        "y": 0.257,
        "x": 0.639
    }
},
{
    "pk": 48, 
    "model": "transformation.transformationxput", 
    "fields": {
        "y": 0.465,
        "x": 0.885
    }
},
{
    "pk": 49, 
    "model": "transformation.transformationxput", 
    "fields": {
        "y": 0.298,
        "x": 0.885
    }
},
{
    "pk": 50, 
    "model": "transformation.transformationxput", 
    "fields": {
        "y": 0.623,
        "x": 0.885
    }
},
{
    "pk": 51, 
    "model": "transformation.transformationxput", 
    "fields": {
        "y": 0.442,
        "x": 0.762
    }
},
{
    "pk": 52, 
    "model": "transformation.transformationxput", 
    "fields": {
        "y": 0.777,
        "x": 0.885
    }
},
{
    "pk": 53, 
    "model": "transformation.transformationxput", 
    "fields": {
        "y": 0.514,
        "x": 0.885
    }
},
{
    "pk": 39, 
    "model": "transformation.transformationinput", 
    "fields": {
        "dataset_idx": 1, 
        "transformation": 11, 
        "dataset_name": "amino_csv"
    }
},
{
    "pk": 21, 
    "model": "transformation.xputstructure", 
    "fields": {
        "min_row": null, 
        "transf_xput": 39, 
        "max_row": null, 
        "compounddatatype": 15
    }
},
{
    "pk": 42, 
    "model": "transformation.transformationinput", 
    "fields": {
        "dataset_idx": 1, 
        "transformation": 12, 
        "dataset_name": "fastq1"
    }
},
{
    "pk": 43, 
    "model": "transformation.transformationinput", 
    "fields": {
        "dataset_idx": 2, 
        "transformation": 12, 
        "dataset_name": "fastq2"
    }
},
{
    "pk": 40, 
    "model": "transformation.transformationoutput", 
    "fields": {
        "dataset_idx": 1, 
        "transformation": 11, 
        "dataset_name": "coverage_maps_tar"
    }
},
{
    "pk": 41, 
    "model": "transformation.transformationoutput", 
    "fields": {
        "dataset_idx": 2, 
        "transformation": 11, 
        "dataset_name": "coverage_scores_csv"
    }
},
{
    "pk": 22, 
    "model": "transformation.xputstructure", 
    "fields": {
        "min_row": null, 
        "transf_xput": 41, 
        "max_row": null, 
        "compounddatatype": 21
    }
},
{
    "pk": 44, 
    "model": "transformation.transformationoutput", 
    "fields": {
        "dataset_idx": 1, 
        "transformation": 12, 
        "dataset_name": "remap_counts_csv"
    }
},
{
    "pk": 45, 
    "model": "transformation.transformationoutput", 
    "fields": {
        "dataset_idx": 2, 
        "transformation": 12, 
        "dataset_name": "nuc_csv"
    }
},
{
    "pk": 46, 
    "model": "transformation.transformationoutput", 
    "fields": {
        "dataset_idx": 3, 
        "transformation": 12, 
        "dataset_name": "coverage_maps_tar"
    }
},
{
    "pk": 47, 
    "model": "transformation.transformationoutput", 
    "fields": {
        "dataset_idx": 4, 
        "transformation": 12, 
        "dataset_name": "amino_csv"
    }
},
{
    "pk": 48, 
    "model": "transformation.transformationoutput", 
    "fields": {
        "dataset_idx": 5, 
        "transformation": 12, 
        "dataset_name": "indels_csv"
    }
},
{
    "pk": 49, 
    "model": "transformation.transformationoutput", 
    "fields": {
        "dataset_idx": 6, 
        "transformation": 12, 
        "dataset_name": "coverage_scores_csv"
    }
},
{
    "pk": 50, 
    "model": "transformation.transformationoutput", 
    "fields": {
        "dataset_idx": 7, 
        "transformation": 12, 
        "dataset_name": "conseq_csv"
    }
},
{
    "pk": 51, 
    "model": "transformation.transformationoutput", 
    "fields": {
        "dataset_idx": 8, 
        "transformation": 12, 
        "dataset_name": "nuc_variants_csv"
    }
},
{
    "pk": 52, 
    "model": "transformation.transformationoutput", 
    "fields": {
        "dataset_idx": 9, 
        "transformation": 12, 
        "dataset_name": "failed_csv"
    }
},
{
    "pk": 53, 
    "model": "transformation.transformationoutput", 
    "fields": {
        "dataset_idx": 10, 
        "transformation": 12, 
        "dataset_name": "g2p_csv"
    }
},
{
    "pk": 54, 
    "model": "transformation.transformationoutput", 
    "fields": {
        "dataset_idx": 4, 
        "transformation": 5, 
        "dataset_name": "unmapped1_fastq"
    }
},
{
    "pk": 54, 
    "model": "transformation.transformationxput", 
    "fields": {
        "y": 0,
        "x": 0
    }
},
{
    "pk": 55, 
    "model": "transformation.transformationoutput", 
    "fields": {
        "dataset_idx": 5, 
        "transformation": 5, 
        "dataset_name": "unmapped2_fastq"
    }
},
{
    "pk": 55, 
    "model": "transformation.transformationxput", 
    "fields": {
        "y": 0,
        "x": 0
    }
},
{
    "pk": 56, 
    "model": "transformation.transformationoutput", 
    "fields": {
        "dataset_idx": 3, 
        "transformation": 6, 
        "dataset_name": "failed_read_csv"
    }
},
{
    "pk": 56, 
    "model": "transformation.transformationxput", 
    "fields": {
        "y": 0,
        "x": 0
    }
},
{
    "pk": 23, 
    "model": "transformation.xputstructure", 
    "fields": {
        "min_row": null, 
        "transf_xput": 56, 
        "max_row": null, 
        "compounddatatype": 13
    }
},
{
    "pk": 57, 
    "model": "transformation.transformationoutput", 
    "fields": {
        "dataset_idx": 5, 
        "transformation": 7, 
        "dataset_name": "failed_align_csv"
    }
},
{
    "pk": 57, 
    "model": "transformation.transformationxput", 
    "fields": {
        "y": 0,
        "x": 0
    }
},
{
    "pk": 24, 
    "model": "transformation.xputstructure", 
    "fields": {
        "min_row": null, 
        "transf_xput": 57, 
        "max_row": null, 
        "compounddatatype": 18
    }
},
{
    "pk": 58, 
    "model": "transformation.transformationoutput", 
    "fields": {
        "dataset_idx": 6, 
        "transformation": 7, 
        "dataset_name": "nuc_variants_csv"
    }
},
{
    "pk": 58, 
    "model": "transformation.transformationxput", 
    "fields": {
        "y": 0,
        "x": 0
    }
},
{
    "pk": 25, 
    "model": "transformation.xputstructure", 
    "fields": {
        "min_row": null, 
        "transf_xput": 58, 
        "max_row": null, 
        "compounddatatype": 19
    }
},
{
    "pk": 59, 
    "model": "transformation.transformationinput", 
    "fields": {
        "dataset_idx": 2, 
        "transformation": 9, 
        "dataset_name": "nuc_csv"
    }
},
{
    "pk": 59, 
    "model": "transformation.transformationxput", 
    "fields": {
        "y": 0,
        "x": 0
    }
},
{
    "pk": 26, 
    "model": "transformation.xputstructure", 
    "fields": {
        "min_row": null, 
        "transf_xput": 59, 
        "max_row": null, 
        "compounddatatype": 14
    }
},
{
    "pk": 27, 
    "model": "transformation.xputstructure", 
    "fields": {
        "min_row": null, 
        "transf_xput": 31, 
        "max_row": null, 
        "compounddatatype": 9
    }
},
{
    "pk": 13, 
    "model": "transformation.transformation", 
    "fields": {
        "revision_DateTime": "2014-12-05T20:17:01.510Z", 
        "revision_desc": "", 
        "revision_name": ""
    }
},
{
    "pk": 60, 
    "model": "transformation.transformationxput", 
    "fields": {
        "y": 0.10011248593925759, 
        "x": 0.03881401617250674
    }
},
{
    "pk": 61, 
    "model": "transformation.transformationxput", 
    "fields": {
        "y": 0.19572553430821146, 
        "x": 0.03827493261455526
    }
},
{
    "pk": 62, 
    "model": "transformation.transformationxput", 
    "fields": {
        "y": 0.47665916760404947, 
        "x": 0.21030444027479717
    }
},
{
    "pk": 63, 
    "model": "transformation.transformationxput", 
    "fields": {
        "y": 0.546400449943757, 
        "x": 0.23504043126684637
    }
},
{
    "pk": 64, 
    "model": "transformation.transformationxput", 
    "fields": {
        "y": 0.546400449943757, 
        "x": 0.2975585677467923
    }
},
{
    "pk": 65, 
    "model": "transformation.transformationxput", 
    "fields": {
        "y": 0.6127671541057368, 
        "x": 0.42982756173526804
    }
},
{
    "pk": 66, 
    "model": "transformation.transformationxput", 
    "fields": {
        "y": 0.6161417322834646, 
        "x": 0.25651080842633456
    }
},
{
    "pk": 67, 
    "model": "transformation.transformationxput", 
    "fields": {
        "y": 0.6172665916760405, 
        "x": 0.3201226682646095
    }
},
{
    "pk": 68, 
    "model": "transformation.transformationxput", 
    "fields": {
        "y": 0.6780089988751407, 
        "x": 0.4561652471587456
    }
},
{
    "pk": 69, 
    "model": "transformation.transformationxput", 
    "fields": {
        "y": 0.6847581552305961, 
        "x": 0.5450366253045952
    }
},
{
    "pk": 70, 
    "model": "transformation.transformationxput", 
    "fields": {
        "y": 0.687007874015748, 
        "x": 0.28015307606005485
    }
},
{
    "pk": 71, 
    "model": "transformation.transformationxput", 
    "fields": {
        "y": 0.718503937007874, 
        "x": 0.4274777052130996
    }
},
{
    "pk": 72, 
    "model": "transformation.transformationxput", 
    "fields": {
        "y": 0.7511248593925759, 
        "x": 0.4808856819083688
    }
},
{
    "pk": 73, 
    "model": "transformation.transformationxput", 
    "fields": {
        "y": 0.7589988751406074, 
        "x": 0.5735306449598788
    }
},
{
    "pk": 74, 
    "model": "transformation.transformationxput", 
    "fields": {
        "y": 0.8208661417322834, 
        "x": 0.5045279495420891
    }
},
{
    "pk": 75, 
    "model": "transformation.transformationxput", 
    "fields": {
        "y": 0.8928571428571429, 
        "x": 0.5281702171758093
    }
},
{
    "pk": 60, 
    "model": "transformation.transformationinput", 
    "fields": {
        "dataset_idx": 1, 
        "transformation": 13, 
        "dataset_name": "fastq1"
    }
},
{
    "pk": 61, 
    "model": "transformation.transformationinput", 
    "fields": {
        "dataset_idx": 2, 
        "transformation": 13, 
        "dataset_name": "fastq2"
    }
},
{
    "pk": 62, 
    "model": "transformation.transformationoutput", 
    "fields": {
        "dataset_idx": 1, 
        "transformation": 13, 
        "dataset_name": "remap_counts_csv"
    }
},
{
    "pk": 28, 
    "model": "transformation.xputstructure", 
    "fields": {
        "min_row": null, 
        "transf_xput": 62, 
        "max_row": null, 
        "compounddatatype": 9
    }
},
{
    "pk": 63, 
    "model": "transformation.transformationoutput", 
    "fields": {
        "dataset_idx": 2, 
        "transformation": 13, 
        "dataset_name": "remap_conseq_csv"
    }
},
{
    "pk": 29, 
    "model": "transformation.xputstructure", 
    "fields": {
        "min_row": null, 
        "transf_xput": 63, 
        "max_row": null, 
        "compounddatatype": 10
    }
},
{
    "pk": 64, 
    "model": "transformation.transformationoutput", 
    "fields": {
        "dataset_idx": 3, 
        "transformation": 13, 
        "dataset_name": "conseq_ins_csv"
    }
},
{
    "pk": 30, 
    "model": "transformation.xputstructure", 
    "fields": {
        "min_row": null, 
        "transf_xput": 64, 
        "max_row": null, 
        "compounddatatype": 12
    }
},
{
    "pk": 65, 
    "model": "transformation.transformationoutput", 
    "fields": {
        "dataset_idx": 4, 
        "transformation": 13, 
        "dataset_name": "nuc_csv"
    }
},
{
    "pk": 31, 
    "model": "transformation.xputstructure", 
    "fields": {
        "min_row": null, 
        "transf_xput": 65, 
        "max_row": null, 
        "compounddatatype": 14
    }
},
{
    "pk": 66, 
    "model": "transformation.transformationoutput", 
    "fields": {
        "dataset_idx": 5, 
        "transformation": 13, 
        "dataset_name": "unmapped1_fastq"
    }
},
{
    "pk": 67, 
    "model": "transformation.transformationoutput", 
    "fields": {
        "dataset_idx": 6, 
        "transformation": 13, 
        "dataset_name": "failed_read_csv"
    }
},
{
    "pk": 32, 
    "model": "transformation.xputstructure", 
    "fields": {
        "min_row": null, 
        "transf_xput": 67, 
        "max_row": null, 
        "compounddatatype": 13
    }
},
{
    "pk": 68, 
    "model": "transformation.transformationoutput", 
    "fields": {
        "dataset_idx": 7, 
        "transformation": 13, 
        "dataset_name": "amino_csv"
    }
},
{
    "pk": 33, 
    "model": "transformation.xputstructure", 
    "fields": {
        "min_row": null, 
        "transf_xput": 68, 
        "max_row": null, 
        "compounddatatype": 15
    }
},
{
    "pk": 69, 
    "model": "transformation.transformationoutput", 
    "fields": {
        "dataset_idx": 8, 
        "transformation": 13, 
        "dataset_name": "coverage_maps_tar"
    }
},
{
    "pk": 70, 
    "model": "transformation.transformationoutput", 
    "fields": {
        "dataset_idx": 9, 
        "transformation": 13, 
        "dataset_name": "unmapped2_fastq"
    }
},
{
    "pk": 71, 
    "model": "transformation.transformationoutput", 
    "fields": {
        "dataset_idx": 10, 
        "transformation": 13, 
        "dataset_name": "g2p_csv"
    }
},
{
    "pk": 34, 
    "model": "transformation.xputstructure", 
    "fields": {
        "min_row": null, 
        "transf_xput": 71, 
        "max_row": null, 
        "compounddatatype": 20
    }
},
{
    "pk": 72, 
    "model": "transformation.transformationoutput", 
    "fields": {
        "dataset_idx": 11, 
        "transformation": 13, 
        "dataset_name": "coord_ins_csv"
    }
},
{
    "pk": 35, 
    "model": "transformation.xputstructure", 
    "fields": {
        "min_row": null, 
        "transf_xput": 72, 
        "max_row": null, 
        "compounddatatype": 16
    }
},
{
    "pk": 73, 
    "model": "transformation.transformationoutput", 
    "fields": {
        "dataset_idx": 12, 
        "transformation": 13, 
        "dataset_name": "coverage_scores_csv"
    }
},
{
    "pk": 36, 
    "model": "transformation.xputstructure", 
    "fields": {
        "min_row": null, 
        "transf_xput": 73, 
        "max_row": null, 
        "compounddatatype": 21
    }
},
{
    "pk": 74, 
    "model": "transformation.transformationoutput", 
    "fields": {
        "dataset_idx": 13, 
        "transformation": 13, 
        "dataset_name": "conseq_csv"
    }
},
{
    "pk": 37, 
    "model": "transformation.xputstructure", 
    "fields": {
        "min_row": null, 
        "transf_xput": 74, 
        "max_row": null, 
        "compounddatatype": 17
    }
},
{
    "pk": 75, 
    "model": "transformation.transformationoutput", 
    "fields": {
        "dataset_idx": 14, 
        "transformation": 13, 
        "dataset_name": "failed_align_csv"
    }
},
{
    "pk": 38, 
    "model": "transformation.xputstructure", 
    "fields": {
        "min_row": null, 
        "transf_xput": 75, 
        "max_row": null, 
        "compounddatatype": 18
    }
}
]