[
{
    "pk": 2, 
    "model": "transformation.transformation", 
    "fields": {
        "revision_DateTime": "2014-08-07T21:52:47.509Z", 
        "revision_desc": "", 
        "revision_name": "script_1_sum_and_products"
    }
},
{
    "pk": 3, 
    "model": "transformation.transformation", 
    "fields": {
        "revision_DateTime": "2014-08-07T21:57:44.989Z", 
        "revision_desc": "", 
        "revision_name": "Sums and Products"
    }
},
{
    "pk": 3, 
    "model": "transformation.transformationxput", 
    "fields": {
        "y": 0, 
        "x": 0
    }
},
{
    "pk": 4, 
    "model": "transformation.transformationxput", 
    "fields": {
        "y": 0, 
        "x": 0
    }
},
{
    "pk": 5, 
    "model": "transformation.transformationxput", 
    "fields": {
        "y": 226, 
        "x": 100
    }
},
{
    "pk": 6, 
    "model": "transformation.transformationxput", 
    "fields": {
        "y": 288, 
        "x": 600
    }
},
{
    "pk": 2, 
    "model": "transformation.xputstructure", 
    "fields": {
        "min_row": null, 
        "transf_xput": 3, 
        "max_row": null, 
        "compounddatatype": 5
    }
},
{
    "pk": 3, 
    "model": "transformation.xputstructure", 
    "fields": {
        "min_row": null, 
        "transf_xput": 4, 
        "max_row": null, 
        "compounddatatype": 6
    }
},
{
    "pk": 4, 
    "model": "transformation.xputstructure", 
    "fields": {
        "min_row": null, 
        "transf_xput": 5, 
        "max_row": null, 
        "compounddatatype": 5
    }
},
{
    "pk": 5, 
    "model": "transformation.xputstructure", 
    "fields": {
        "min_row": null, 
        "transf_xput": 6, 
        "max_row": null, 
        "compounddatatype": 6
    }
},
{
    "pk": 3, 
    "model": "transformation.transformationinput", 
    "fields": {
        "dataset_idx": 1, 
        "transformation": 2, 
        "dataset_name": "pairs"
    }
},
{
    "pk": 5, 
    "model": "transformation.transformationinput", 
    "fields": {
        "dataset_idx": 1, 
        "transformation": 3, 
        "dataset_name": "pairs"
    }
},
{
    "pk": 4, 
    "model": "transformation.transformationoutput", 
    "fields": {
        "dataset_idx": 1, 
        "transformation": 2, 
        "dataset_name": "sums_products"
    }
},
{
    "pk": 6, 
    "model": "transformation.transformationoutput", 
    "fields": {
        "dataset_idx": 1, 
        "transformation": 3, 
        "dataset_name": "sums_products"
    }
},
{
    "pk": 4, 
    "model": "transformation.transformation", 
    "fields": {
        "revision_DateTime": "2014-08-11T19:05:56.425Z", 
        "revision_desc": "", 
        "revision_name": "prelim_map"
    }
},
{
    "pk": 7, 
    "model": "transformation.transformationxput", 
    "fields": {
        "y": 0, 
        "x": 0
    }
},
{
    "pk": 8, 
    "model": "transformation.transformationxput", 
    "fields": {
        "y": 0, 
        "x": 0
    }
},
{
    "pk": 9, 
    "model": "transformation.transformationxput", 
    "fields": {
        "y": 0, 
        "x": 0
    }
},
{
    "pk": 7, 
    "model": "transformation.transformationinput", 
    "fields": {
        "dataset_idx": 1, 
        "transformation": 4, 
        "dataset_name": "fastq1"
    }
},
{
    "pk": 8, 
    "model": "transformation.transformationinput", 
    "fields": {
        "dataset_idx": 2, 
        "transformation": 4, 
        "dataset_name": "fastq2"
    }
},
{
    "pk": 9, 
    "model": "transformation.transformationoutput", 
    "fields": {
        "dataset_idx": 1, 
        "transformation": 4, 
        "dataset_name": "prelim_csv"
    }
},
{
    "pk": 5, 
    "model": "transformation.transformation", 
    "fields": {
        "revision_DateTime": "2014-08-11T19:26:50.681Z", 
        "revision_desc": "Shipyard-style MiSeq pipeline, step 2\r\nTakes preliminary SAM as CSV input.  Iterative re-mapping of reads from\r\noriginal FASTQ files.\r\nAlso report the number of reads mapped before and after processing.", 
        "revision_name": "remap"
    }
},
{
    "pk": 10, 
    "model": "transformation.transformationxput", 
    "fields": {
        "y": 0, 
        "x": 0
    }
},
{
    "pk": 11, 
    "model": "transformation.transformationxput", 
    "fields": {
        "y": 0, 
        "x": 0
    }
},
{
    "pk": 12, 
    "model": "transformation.transformationxput", 
    "fields": {
        "y": 0, 
        "x": 0
    }
},
{
    "pk": 13, 
    "model": "transformation.transformationxput", 
    "fields": {
        "y": 0, 
        "x": 0
    }
},
{
    "pk": 14, 
    "model": "transformation.transformationxput", 
    "fields": {
        "y": 0, 
        "x": 0
    }
},
{
    "pk": 15, 
    "model": "transformation.transformationxput", 
    "fields": {
        "y": 0, 
        "x": 0
    }
},
{
    "pk": 10, 
    "model": "transformation.transformationinput", 
    "fields": {
        "dataset_idx": 1, 
        "transformation": 5, 
        "dataset_name": "fastq1"
    }
},
{
    "pk": 11, 
    "model": "transformation.transformationinput", 
    "fields": {
        "dataset_idx": 2, 
        "transformation": 5, 
        "dataset_name": "fastq2"
    }
},
{
    "pk": 12, 
    "model": "transformation.transformationinput", 
    "fields": {
        "dataset_idx": 3, 
        "transformation": 5, 
        "dataset_name": "prelim_csv"
    }
},
{
    "pk": 13, 
    "model": "transformation.transformationoutput", 
    "fields": {
        "dataset_idx": 1, 
        "transformation": 5, 
        "dataset_name": "remap_csv"
    }
},
{
    "pk": 14, 
    "model": "transformation.transformationoutput", 
    "fields": {
        "dataset_idx": 2, 
        "transformation": 5, 
        "dataset_name": "remap_counts_csv"
    }
},
{
    "pk": 15, 
    "model": "transformation.transformationoutput", 
    "fields": {
        "dataset_idx": 3, 
        "transformation": 5, 
        "dataset_name": "remap_conseq_csv"
    }
},
{
    "pk": 6, 
    "model": "transformation.transformation", 
    "fields": {
        "revision_DateTime": "2014-08-11T21:34:09.900Z", 
        "revision_desc": "Conversion of SAM data into aligned format.", 
        "revision_name": "sam2csf"
    }
},
{
    "pk": 16, 
    "model": "transformation.transformationxput", 
    "fields": {
        "y": 0, 
        "x": 0
    }
},
{
    "pk": 17, 
    "model": "transformation.transformationxput", 
    "fields": {
        "y": 0, 
        "x": 0
    }
},
{
    "pk": 18, 
    "model": "transformation.transformationxput", 
    "fields": {
        "y": 0, 
        "x": 0
    }
},
{
    "pk": 16, 
    "model": "transformation.transformationinput", 
    "fields": {
        "dataset_idx": 1, 
        "transformation": 6, 
        "dataset_name": "remap_csv"
    }
},
{
    "pk": 17, 
    "model": "transformation.transformationoutput", 
    "fields": {
        "dataset_idx": 1, 
        "transformation": 6, 
        "dataset_name": "aligned_csv"
    }
},
{
    "pk": 18, 
    "model": "transformation.transformationoutput", 
    "fields": {
        "dataset_idx": 2, 
        "transformation": 6, 
        "dataset_name": "failed_csv"
    }
},
{
    "pk": 7, 
    "model": "transformation.transformation", 
    "fields": {
        "revision_DateTime": "2014-08-11T22:46:19.889Z", 
        "revision_desc": "Post-processing of short-read alignments.", 
        "revision_name": "csf2counts"
    }
},
{
    "pk": 19, 
    "model": "transformation.transformationxput", 
    "fields": {
        "y": 0, 
        "x": 0
    }
},
{
    "pk": 20, 
    "model": "transformation.transformationxput", 
    "fields": {
        "y": 0, 
        "x": 0
    }
},
{
    "pk": 21, 
    "model": "transformation.transformationxput", 
    "fields": {
        "y": 0, 
        "x": 0
    }
},
{
    "pk": 22, 
    "model": "transformation.transformationxput", 
    "fields": {
        "y": 0, 
        "x": 0
    }
},
{
    "pk": 23, 
    "model": "transformation.transformationxput", 
    "fields": {
        "y": 0, 
        "x": 0
    }
},
{
    "pk": 24, 
    "model": "transformation.transformationxput", 
    "fields": {
        "y": 0, 
        "x": 0
    }
},
{
    "pk": 19, 
    "model": "transformation.transformationinput", 
    "fields": {
        "dataset_idx": 1, 
        "transformation": 7, 
        "dataset_name": "aligned_csv"
    }
},
{
    "pk": 20, 
    "model": "transformation.transformationinput", 
    "fields": {
        "dataset_idx": 2, 
        "transformation": 7, 
        "dataset_name": "remap_conseq_csv"
    }
},
{
    "pk": 21, 
    "model": "transformation.transformationoutput", 
    "fields": {
        "dataset_idx": 1, 
        "transformation": 7, 
        "dataset_name": "nuc_csv"
    }
},
{
    "pk": 22, 
    "model": "transformation.transformationoutput", 
    "fields": {
        "dataset_idx": 2, 
        "transformation": 7, 
        "dataset_name": "amino_csv"
    }
},
{
    "pk": 23, 
    "model": "transformation.transformationoutput", 
    "fields": {
        "dataset_idx": 3, 
        "transformation": 7, 
        "dataset_name": "indels_csv"
    }
},
{
    "pk": 24, 
    "model": "transformation.transformationoutput", 
    "fields": {
        "dataset_idx": 4, 
        "transformation": 7, 
        "dataset_name": "conseq_csv"
    }
},
{
    "pk": 8, 
    "model": "transformation.transformation", 
    "fields": {
        "revision_DateTime": "2014-08-11T23:29:46.329Z", 
        "revision_desc": "Clip out sub-regions from MiSeq read alignments", 
        "revision_name": "csf2nuc"
    }
},
{
    "pk": 25, 
    "model": "transformation.transformationxput", 
    "fields": {
        "y": 0, 
        "x": 0
    }
},
{
    "pk": 26, 
    "model": "transformation.transformationxput", 
    "fields": {
        "y": 0, 
        "x": 0
    }
},
{
    "pk": 25, 
    "model": "transformation.transformationinput", 
    "fields": {
        "dataset_idx": 1, 
        "transformation": 8, 
        "dataset_name": "aligned_csv"
    }
},
{
    "pk": 26, 
    "model": "transformation.transformationoutput", 
    "fields": {
        "dataset_idx": 1, 
        "transformation": 8, 
        "dataset_name": "nuc_variants_csv"
    }
},
{
    "pk": 9, 
    "model": "transformation.transformation", 
    "fields": {
        "revision_DateTime": "2014-08-12T00:04:53.535Z", 
        "revision_desc": "Iterate through a CSV (produced by sam2csf) where each row contains\r\nregion2, qcut2, rank, count, offset, seq\r\nRestrict to sequences of HIV env V3 (region == V3LOOP).\r\nApply Conan's implementation of the geno2pheno (g2p) coreceptor\r\ntropism prediction algorithm to each entry.  Output tuples of header,\r\ng2p score, FPR, and g2p-aligned protein sequence.", 
        "revision_name": "fasta_to_g2p.sh"
    }
},
{
    "pk": 27, 
    "model": "transformation.transformationxput", 
    "fields": {
        "y": 0, 
        "x": 0
    }
},
{
    "pk": 28, 
    "model": "transformation.transformationxput", 
    "fields": {
        "y": 0, 
        "x": 0
    }
},
{
    "pk": 27, 
    "model": "transformation.transformationinput", 
    "fields": {
        "dataset_idx": 1, 
        "transformation": 9, 
        "dataset_name": "aligned_csv"
    }
},
{
    "pk": 28, 
    "model": "transformation.transformationoutput", 
    "fields": {
        "dataset_idx": 1, 
        "transformation": 9, 
        "dataset_name": "g2p_csv"
    }
},
{
    "pk": 10, 
    "model": "transformation.transformation", 
    "fields": {
        "revision_DateTime": "2014-08-12T00:25:49.583Z", 
        "revision_desc": "", 
        "revision_name": "MiSeq"
    }
},
{
    "pk": 29, 
    "model": "transformation.transformationxput", 
    "fields": {
        "y": 227, 
        "x": 100
    }
},
{
    "pk": 30, 
    "model": "transformation.transformationxput", 
    "fields": {
        "y": 333, 
        "x": 100
    }
},
{
    "pk": 31, 
    "model": "transformation.transformationxput", 
    "fields": {
        "y": 104, 
        "x": 612
    }
},
{
    "pk": 32, 
    "model": "transformation.transformationxput", 
    "fields": {
        "y": 137, 
        "x": 989
    }
},
{
    "pk": 33, 
    "model": "transformation.transformationxput", 
    "fields": {
        "y": 204, 
        "x": 986
    }
},
{
    "pk": 34, 
    "model": "transformation.transformationxput", 
    "fields": {
        "y": 272, 
        "x": 985
    }
},
{
    "pk": 35, 
    "model": "transformation.transformationxput", 
    "fields": {
        "y": 342, 
        "x": 986
    }
},
{
    "pk": 36, 
    "model": "transformation.transformationxput", 
    "fields": {
        "y": 402, 
        "x": 1076
    }
},
{
    "pk": 37, 
    "model": "transformation.transformationxput", 
    "fields": {
        "y": 430, 
        "x": 686
    }
},
{
    "pk": 38, 
    "model": "transformation.transformationxput", 
    "fields": {
        "y": 486, 
        "x": 1080
    }
},
{
    "pk": 29, 
    "model": "transformation.transformationinput", 
    "fields": {
        "dataset_idx": 1, 
        "transformation": 10, 
        "dataset_name": "fastq1"
    }
},
{
    "pk": 30, 
    "model": "transformation.transformationinput", 
    "fields": {
        "dataset_idx": 2, 
        "transformation": 10, 
        "dataset_name": "fastq2"
    }
},
{
    "pk": 31, 
    "model": "transformation.transformationoutput", 
    "fields": {
        "dataset_idx": 1, 
        "transformation": 10, 
        "dataset_name": "remap_counts_csv"
    }
},
{
    "pk": 32, 
    "model": "transformation.transformationoutput", 
    "fields": {
        "dataset_idx": 2, 
        "transformation": 10, 
        "dataset_name": "nuc_csv"
    }
},
{
    "pk": 33, 
    "model": "transformation.transformationoutput", 
    "fields": {
        "dataset_idx": 3, 
        "transformation": 10, 
        "dataset_name": "amino_csv"
    }
},
{
    "pk": 34, 
    "model": "transformation.transformationoutput", 
    "fields": {
        "dataset_idx": 4, 
        "transformation": 10, 
        "dataset_name": "indels_csv"
    }
},
{
    "pk": 35, 
    "model": "transformation.transformationoutput", 
    "fields": {
        "dataset_idx": 5, 
        "transformation": 10, 
        "dataset_name": "conseq_csv"
    }
},
{
    "pk": 36, 
    "model": "transformation.transformationoutput", 
    "fields": {
        "dataset_idx": 6, 
        "transformation": 10, 
        "dataset_name": "nuc_variants_csv"
    }
},
{
    "pk": 37, 
    "model": "transformation.transformationoutput", 
    "fields": {
        "dataset_idx": 7, 
        "transformation": 10, 
        "dataset_name": "failed_csv"
    }
},
{
    "pk": 38, 
    "model": "transformation.transformationoutput", 
    "fields": {
        "dataset_idx": 8, 
        "transformation": 10, 
        "dataset_name": "g2p_csv"
    }
},
{
    "pk": 11, 
    "model": "transformation.transformation", 
    "fields": {
        "revision_DateTime": "2014-08-12T18:43:20.837Z", 
        "revision_desc": "Plot coverage for each region in a sample.", 
        "revision_name": "coverage_plots"
    }
},
{
    "pk": 12, 
    "model": "transformation.transformation", 
    "fields": {
        "revision_DateTime": "2014-08-12T18:45:44.829Z", 
        "revision_desc": "", 
        "revision_name": "added coverage plots"
    }
},
{
    "pk": 39, 
    "model": "transformation.transformationxput", 
    "fields": {
        "y": 0, 
        "x": 0
    }
},
{
    "pk": 40, 
    "model": "transformation.transformationxput", 
    "fields": {
        "y": 0, 
        "x": 0
    }
},
{
    "pk": 41, 
    "model": "transformation.transformationxput", 
    "fields": {
        "y": 0, 
        "x": 0
    }
},
{
    "pk": 42, 
    "model": "transformation.transformationxput", 
    "fields": {
        "y": 227, 
        "x": 100
    }
},
{
    "pk": 43, 
    "model": "transformation.transformationxput", 
    "fields": {
        "y": 333, 
        "x": 100
    }
},
{
    "pk": 44, 
    "model": "transformation.transformationxput", 
    "fields": {
        "y": 104, 
        "x": 612
    }
},
{
    "pk": 45, 
    "model": "transformation.transformationxput", 
    "fields": {
        "y": 137, 
        "x": 989
    }
},
{
    "pk": 46, 
    "model": "transformation.transformationxput", 
    "fields": {
        "y": 197, 
        "x": 1312
    }
},
{
    "pk": 47, 
    "model": "transformation.transformationxput", 
    "fields": {
        "y": 204, 
        "x": 986
    }
},
{
    "pk": 48, 
    "model": "transformation.transformationxput", 
    "fields": {
        "y": 272, 
        "x": 985
    }
},
{
    "pk": 49, 
    "model": "transformation.transformationxput", 
    "fields": {
        "y": 284, 
        "x": 1311
    }
},
{
    "pk": 50, 
    "model": "transformation.transformationxput", 
    "fields": {
        "y": 342, 
        "x": 986
    }
},
{
    "pk": 51, 
    "model": "transformation.transformationxput", 
    "fields": {
        "y": 402, 
        "x": 1076
    }
},
{
    "pk": 52, 
    "model": "transformation.transformationxput", 
    "fields": {
        "y": 430, 
        "x": 686
    }
},
{
    "pk": 53, 
    "model": "transformation.transformationxput", 
    "fields": {
        "y": 486, 
        "x": 1080
    }
},
{
    "pk": 39, 
    "model": "transformation.transformationinput", 
    "fields": {
        "dataset_idx": 1, 
        "transformation": 11, 
        "dataset_name": "amino_csv"
    }
},
{
    "pk": 42, 
    "model": "transformation.transformationinput", 
    "fields": {
        "dataset_idx": 1, 
        "transformation": 12, 
        "dataset_name": "fastq1"
    }
},
{
    "pk": 43, 
    "model": "transformation.transformationinput", 
    "fields": {
        "dataset_idx": 2, 
        "transformation": 12, 
        "dataset_name": "fastq2"
    }
},
{
    "pk": 40, 
    "model": "transformation.transformationoutput", 
    "fields": {
        "dataset_idx": 1, 
        "transformation": 11, 
        "dataset_name": "coverage_maps_tar"
    }
},
{
    "pk": 41, 
    "model": "transformation.transformationoutput", 
    "fields": {
        "dataset_idx": 2, 
        "transformation": 11, 
        "dataset_name": "coverage_scores_csv"
    }
},
{
    "pk": 44, 
    "model": "transformation.transformationoutput", 
    "fields": {
        "dataset_idx": 1, 
        "transformation": 12, 
        "dataset_name": "remap_counts_csv"
    }
},
{
    "pk": 45, 
    "model": "transformation.transformationoutput", 
    "fields": {
        "dataset_idx": 2, 
        "transformation": 12, 
        "dataset_name": "nuc_csv"
    }
},
{
    "pk": 46, 
    "model": "transformation.transformationoutput", 
    "fields": {
        "dataset_idx": 3, 
        "transformation": 12, 
        "dataset_name": "coverage_maps_tar"
    }
},
{
    "pk": 47, 
    "model": "transformation.transformationoutput", 
    "fields": {
        "dataset_idx": 4, 
        "transformation": 12, 
        "dataset_name": "amino_csv"
    }
},
{
    "pk": 48, 
    "model": "transformation.transformationoutput", 
    "fields": {
        "dataset_idx": 5, 
        "transformation": 12, 
        "dataset_name": "indels_csv"
    }
},
{
    "pk": 49, 
    "model": "transformation.transformationoutput", 
    "fields": {
        "dataset_idx": 6, 
        "transformation": 12, 
        "dataset_name": "coverage_scores_csv"
    }
},
{
    "pk": 50, 
    "model": "transformation.transformationoutput", 
    "fields": {
        "dataset_idx": 7, 
        "transformation": 12, 
        "dataset_name": "conseq_csv"
    }
},
{
    "pk": 51, 
    "model": "transformation.transformationoutput", 
    "fields": {
        "dataset_idx": 8, 
        "transformation": 12, 
        "dataset_name": "nuc_variants_csv"
    }
},
{
    "pk": 52, 
    "model": "transformation.transformationoutput", 
    "fields": {
        "dataset_idx": 9, 
        "transformation": 12, 
        "dataset_name": "failed_csv"
    }
},
{
    "pk": 53, 
    "model": "transformation.transformationoutput", 
    "fields": {
        "dataset_idx": 10, 
        "transformation": 12, 
        "dataset_name": "g2p_csv"
    }
}
]