[
{
    "pk": 2, 
    "model": "transformation.transformation", 
    "fields": {
        "revision_DateTime": "2014-08-07T21:52:47.509Z", 
        "revision_desc": "", 
        "revision_name": "script_1_sum_and_products",
        "user": 1,
        "groups_allowed": [1]
    }
},
{
    "pk": 3, 
    "model": "transformation.transformation", 
    "fields": {
        "revision_DateTime": "2014-08-07T21:57:44.989Z", 
        "revision_desc": "", 
        "revision_name": "Sums and Products",
        "user": 1,
        "groups_allowed": [1]
    }
},
{
    "pk": 3, 
    "model": "transformation.transformationxput", 
    "fields": {
        "y": 0, 
        "x": 0
    }
},
{
    "pk": 4, 
    "model": "transformation.transformationxput", 
    "fields": {
        "y": 0, 
        "x": 0
    }
},
{
    "pk": 5, 
    "model": "transformation.transformationxput", 
    "fields": {
        "y": 0.452,
        "x": 0.1
    }
},
{
    "pk": 6, 
    "model": "transformation.transformationxput", 
    "fields": {
        "y": 0.576,
        "x": 0.7
    }
},
{
    "pk": 2, 
    "model": "transformation.xputstructure", 
    "fields": {
        "min_row": null, 
        "transf_xput": 3, 
        "max_row": null, 
        "compounddatatype": 5
    }
},
{
    "pk": 3, 
    "model": "transformation.xputstructure", 
    "fields": {
        "min_row": null, 
        "transf_xput": 4, 
        "max_row": null, 
        "compounddatatype": 6
    }
},
{
    "pk": 4, 
    "model": "transformation.xputstructure", 
    "fields": {
        "min_row": null, 
        "transf_xput": 5, 
        "max_row": null, 
        "compounddatatype": 5
    }
},
{
    "pk": 5, 
    "model": "transformation.xputstructure", 
    "fields": {
        "min_row": null, 
        "transf_xput": 6, 
        "max_row": null, 
        "compounddatatype": 6
    }
},
{
    "pk": 3, 
    "model": "transformation.transformationinput", 
    "fields": {
        "dataset_idx": 1, 
        "transformation": 2, 
        "dataset_name": "pairs"
    }
},
{
    "pk": 5, 
    "model": "transformation.transformationinput", 
    "fields": {
        "dataset_idx": 1, 
        "transformation": 3, 
        "dataset_name": "pairs"
    }
},
{
    "pk": 4, 
    "model": "transformation.transformationoutput", 
    "fields": {
        "dataset_idx": 1, 
        "transformation": 2, 
        "dataset_name": "sums_products"
    }
},
{
    "pk": 6, 
    "model": "transformation.transformationoutput", 
    "fields": {
        "dataset_idx": 1, 
        "transformation": 3, 
        "dataset_name": "sums_products"
    }
},
{
    "pk": 4, 
    "model": "transformation.transformation", 
    "fields": {
        "revision_DateTime": "2014-08-11T19:05:56.425Z", 
        "revision_desc": "", 
        "revision_name": "prelim_map",
        "user": 1,
        "groups_allowed": [1]
    }
},
{
    "pk": 7, 
    "model": "transformation.transformationxput", 
    "fields": {
        "y": 0, 
        "x": 0
    }
},
{
    "pk": 8, 
    "model": "transformation.transformationxput", 
    "fields": {
        "y": 0, 
        "x": 0
    }
},
{
    "pk": 9, 
    "model": "transformation.transformationxput", 
    "fields": {
        "y": 0, 
        "x": 0
    }
},
{
    "pk": 7, 
    "model": "transformation.transformationinput", 
    "fields": {
        "dataset_idx": 1, 
        "transformation": 4, 
        "dataset_name": "fastq1"
    }
},
{
    "pk": 8, 
    "model": "transformation.transformationinput", 
    "fields": {
        "dataset_idx": 2, 
        "transformation": 4, 
        "dataset_name": "fastq2"
    }
},
{
    "pk": 9, 
    "model": "transformation.transformationoutput", 
    "fields": {
        "dataset_idx": 1, 
        "transformation": 4, 
        "dataset_name": "prelim"
    }
},
{
    "pk": 6, 
    "model": "transformation.xputstructure", 
    "fields": {
        "min_row": null, 
        "transf_xput": 9, 
        "max_row": null, 
        "compounddatatype": 7
    }
},
{
    "pk": 5, 
    "model": "transformation.transformation", 
    "fields": {
        "revision_DateTime": "2014-08-11T19:26:50.681Z", 
        "revision_desc": "Shipyard-style MiSeq pipeline, step 2\r\nTakes preliminary SAM as CSV input.  Iterative re-mapping of reads from\r\noriginal FASTQ files.\r\nAlso report the number of reads mapped before and after processing.", 
        "revision_name": "remap",
        "user": 1,
        "groups_allowed": [1]
    }
},
{
    "pk": 10, 
    "model": "transformation.transformationxput", 
    "fields": {
        "y": 0, 
        "x": 0
    }
},
{
    "pk": 11, 
    "model": "transformation.transformationxput", 
    "fields": {
        "y": 0, 
        "x": 0
    }
},
{
    "pk": 12, 
    "model": "transformation.transformationxput", 
    "fields": {
        "y": 0, 
        "x": 0
    }
},
{
    "pk": 13, 
    "model": "transformation.transformationxput", 
    "fields": {
        "y": 0, 
        "x": 0
    }
},
{
    "pk": 14, 
    "model": "transformation.transformationxput", 
    "fields": {
        "y": 0, 
        "x": 0
    }
},
{
    "pk": 15, 
    "model": "transformation.transformationxput", 
    "fields": {
        "y": 0, 
        "x": 0
    }
},
{
    "pk": 10, 
    "model": "transformation.transformationinput", 
    "fields": {
        "dataset_idx": 1, 
        "transformation": 5, 
        "dataset_name": "fastq1"
    }
},
{
    "pk": 11, 
    "model": "transformation.transformationinput", 
    "fields": {
        "dataset_idx": 2, 
        "transformation": 5, 
        "dataset_name": "fastq2"
    }
},
{
    "pk": 12, 
    "model": "transformation.transformationinput", 
    "fields": {
        "dataset_idx": 3, 
        "transformation": 5, 
        "dataset_name": "prelim"
    }
},
{
    "pk": 7, 
    "model": "transformation.xputstructure", 
    "fields": {
        "min_row": null, 
        "transf_xput": 12, 
        "max_row": null, 
        "compounddatatype": 7
    }
},
{
    "pk": 13, 
    "model": "transformation.transformationoutput", 
    "fields": {
        "dataset_idx": 1, 
        "transformation": 5, 
        "dataset_name": "remap"
    }
},
{
    "pk": 8, 
    "model": "transformation.xputstructure", 
    "fields": {
        "min_row": null, 
        "transf_xput": 13, 
        "max_row": null, 
        "compounddatatype": 8
    }
},
{
    "pk": 14, 
    "model": "transformation.transformationoutput", 
    "fields": {
        "dataset_idx": 2, 
        "transformation": 5, 
        "dataset_name": "remap_counts"
    }
},
{
    "pk": 9, 
    "model": "transformation.xputstructure", 
    "fields": {
        "min_row": null, 
        "transf_xput": 14, 
        "max_row": null, 
        "compounddatatype": 9
    }
},
{
    "pk": 15, 
    "model": "transformation.transformationoutput", 
    "fields": {
        "dataset_idx": 3, 
        "transformation": 5, 
        "dataset_name": "remap_conseq"
    }
},
{
    "pk": 10, 
    "model": "transformation.xputstructure", 
    "fields": {
        "min_row": null, 
        "transf_xput": 15, 
        "max_row": null, 
        "compounddatatype": 10
    }
},
{
    "pk": 6, 
    "model": "transformation.transformation", 
    "fields": {
        "revision_DateTime": "2014-08-11T21:34:09.900Z", 
        "revision_desc": "Conversion of SAM data into aligned format.", 
        "revision_name": "sam2aln",
        "user": 1,
        "groups_allowed": [1]
    }
},
{
    "pk": 16, 
    "model": "transformation.transformationxput", 
    "fields": {
        "y": 0, 
        "x": 0
    }
},
{
    "pk": 17, 
    "model": "transformation.transformationxput", 
    "fields": {
        "y": 0, 
        "x": 0
    }
},
{
    "pk": 18, 
    "model": "transformation.transformationxput", 
    "fields": {
        "y": 0, 
        "x": 0
    }
},
{
    "pk": 16, 
    "model": "transformation.transformationinput", 
    "fields": {
        "dataset_idx": 1, 
        "transformation": 6, 
        "dataset_name": "remap"
    }
},
{
    "pk": 11, 
    "model": "transformation.xputstructure", 
    "fields": {
        "min_row": null, 
        "transf_xput": 16, 
        "max_row": null, 
        "compounddatatype": 8
    }
},
{
    "pk": 17, 
    "model": "transformation.transformationoutput", 
    "fields": {
        "dataset_idx": 1, 
        "transformation": 6, 
        "dataset_name": "aligned"
    }
},
{
    "pk": 12, 
    "model": "transformation.xputstructure", 
    "fields": {
        "min_row": null, 
        "transf_xput": 17, 
        "max_row": null, 
        "compounddatatype": 11
    }
},
{
    "pk": 18, 
    "model": "transformation.transformationoutput", 
    "fields": {
        "dataset_idx": 2, 
        "transformation": 6, 
        "dataset_name": "conseq_ins"
    }
},
{
    "pk": 13, 
    "model": "transformation.xputstructure", 
    "fields": {
        "min_row": null, 
        "transf_xput": 18, 
        "max_row": null, 
        "compounddatatype": 12
    }
},
{
    "pk": 7, 
    "model": "transformation.transformation", 
    "fields": {
        "revision_DateTime": "2014-08-11T22:46:19.889Z", 
        "revision_desc": "Post-processing of short-read alignments.", 
        "revision_name": "aln2counts",
        "user": 1,
        "groups_allowed": [1]
    }
},
{
    "pk": 19, 
    "model": "transformation.transformationxput", 
    "fields": {
        "y": 0, 
        "x": 0
    }
},
{
    "pk": 21, 
    "model": "transformation.transformationxput", 
    "fields": {
        "y": 0, 
        "x": 0
    }
},
{
    "pk": 22, 
    "model": "transformation.transformationxput", 
    "fields": {
        "y": 0, 
        "x": 0
    }
},
{
    "pk": 23, 
    "model": "transformation.transformationxput", 
    "fields": {
        "y": 0, 
        "x": 0
    }
},
{
    "pk": 24, 
    "model": "transformation.transformationxput", 
    "fields": {
        "y": 0, 
        "x": 0
    }
},
{
    "pk": 19, 
    "model": "transformation.transformationinput", 
    "fields": {
        "dataset_idx": 1, 
        "transformation": 7, 
        "dataset_name": "aligned"
    }
},
{
    "pk": 14, 
    "model": "transformation.xputstructure", 
    "fields": {
        "min_row": null, 
        "transf_xput": 19, 
        "max_row": null, 
        "compounddatatype": 11
    }
},
{
    "pk": 21, 
    "model": "transformation.transformationoutput", 
    "fields": {
        "dataset_idx": 1, 
        "transformation": 7, 
        "dataset_name": "nuc"
    }
},
{
    "pk": 15, 
    "model": "transformation.xputstructure", 
    "fields": {
        "min_row": null, 
        "transf_xput": 21, 
        "max_row": null, 
        "compounddatatype": 14
    }
},
{
    "pk": 22, 
    "model": "transformation.transformationoutput", 
    "fields": {
        "dataset_idx": 2, 
        "transformation": 7, 
        "dataset_name": "amino"
    }
},
{
    "pk": 16, 
    "model": "transformation.xputstructure", 
    "fields": {
        "min_row": null, 
        "transf_xput": 22, 
        "max_row": null, 
        "compounddatatype": 15
    }
},
{
    "pk": 23, 
    "model": "transformation.transformationoutput", 
    "fields": {
        "dataset_idx": 3, 
        "transformation": 7, 
        "dataset_name": "coord_ins"
    }
},
{
    "pk": 17, 
    "model": "transformation.xputstructure", 
    "fields": {
        "min_row": null, 
        "transf_xput": 23, 
        "max_row": null, 
        "compounddatatype": 16
    }
},
{
    "pk": 24, 
    "model": "transformation.transformationoutput", 
    "fields": {
        "dataset_idx": 4, 
        "transformation": 7, 
        "dataset_name": "conseq"
    }
},
{
    "pk": 18, 
    "model": "transformation.xputstructure", 
    "fields": {
        "min_row": null, 
        "transf_xput": 24, 
        "max_row": null, 
        "compounddatatype": 17
    }
},
{
    "pk": 9, 
    "model": "transformation.transformation", 
    "fields": {
        "revision_DateTime": "2014-08-12T00:04:53.535Z", 
        "revision_desc": "Iterate through a CSV (produced by remap)\r\nRestrict to sequences of HIV env V3 (region == V3LOOP).\r\nApply Conan's implementation of the geno2pheno (g2p) coreceptor\r\ntropism prediction algorithm to each entry.  Output tuples of header,\r\ng2p score, FPR, and g2p-aligned protein sequence.", 
        "revision_name": "sam_g2p.sh",
        "user": 1,
        "groups_allowed": [1]
    }
},
{
    "pk": 27, 
    "model": "transformation.transformationxput", 
    "fields": {
        "y": 0, 
        "x": 0
    }
},
{
    "pk": 28, 
    "model": "transformation.transformationxput", 
    "fields": {
        "y": 0, 
        "x": 0
    }
},
{
    "pk": 27, 
    "model": "transformation.transformationinput", 
    "fields": {
        "dataset_idx": 1, 
        "transformation": 9, 
        "dataset_name": "remap"
    }
},
{
    "pk": 19, 
    "model": "transformation.xputstructure", 
    "fields": {
        "min_row": null, 
        "transf_xput": 27, 
        "max_row": null, 
        "compounddatatype": 8
    }
},
{
    "pk": 28, 
    "model": "transformation.transformationoutput", 
    "fields": {
        "dataset_idx": 1, 
        "transformation": 9, 
        "dataset_name": "g2p"
    }
},
{
    "pk": 20, 
    "model": "transformation.xputstructure", 
    "fields": {
        "min_row": null, 
        "transf_xput": 28, 
        "max_row": null, 
        "compounddatatype": 20
    }
},
{
    "pk": 11, 
    "model": "transformation.transformation", 
    "fields": {
        "revision_DateTime": "2014-08-12T18:43:20.837Z", 
        "revision_desc": "Plot coverage for each region in a sample.", 
        "revision_name": "coverage_plots",
        "user": 1,
        "groups_allowed": [1]
    }
},
{
    "pk": 39, 
    "model": "transformation.transformationxput", 
    "fields": {
        "y": 0, 
        "x": 0
    }
},
{
    "pk": 40, 
    "model": "transformation.transformationxput", 
    "fields": {
        "y": 0, 
        "x": 0
    }
},
{
    "pk": 41, 
    "model": "transformation.transformationxput", 
    "fields": {
        "y": 0, 
        "x": 0
    }
},
{
    "pk": 39, 
    "model": "transformation.transformationinput", 
    "fields": {
        "dataset_idx": 1, 
        "transformation": 11, 
        "dataset_name": "amino"
    }
},
{
    "pk": 21, 
    "model": "transformation.xputstructure", 
    "fields": {
        "min_row": null, 
        "transf_xput": 39, 
        "max_row": null, 
        "compounddatatype": 15
    }
},
{
    "pk": 40, 
    "model": "transformation.transformationoutput", 
    "fields": {
        "dataset_idx": 1, 
        "transformation": 11, 
        "dataset_name": "coverage_maps_tar"
    }
},
{
    "pk": 41, 
    "model": "transformation.transformationoutput", 
    "fields": {
        "dataset_idx": 2, 
        "transformation": 11, 
        "dataset_name": "coverage_scores"
    }
},
{
    "pk": 22, 
    "model": "transformation.xputstructure", 
    "fields": {
        "min_row": null, 
        "transf_xput": 41, 
        "max_row": null, 
        "compounddatatype": 21
    }
},
{
    "pk": 54, 
    "model": "transformation.transformationoutput", 
    "fields": {
        "dataset_idx": 4, 
        "transformation": 5, 
        "dataset_name": "unmapped1_fastq"
    }
},
{
    "pk": 54, 
    "model": "transformation.transformationxput", 
    "fields": {
        "y": 0,
        "x": 0
    }
},
{
    "pk": 55, 
    "model": "transformation.transformationoutput", 
    "fields": {
        "dataset_idx": 5, 
        "transformation": 5, 
        "dataset_name": "unmapped2_fastq"
    }
},
{
    "pk": 55, 
    "model": "transformation.transformationxput", 
    "fields": {
        "y": 0,
        "x": 0
    }
},
{
    "pk": 56, 
    "model": "transformation.transformationoutput", 
    "fields": {
        "dataset_idx": 3, 
        "transformation": 6, 
        "dataset_name": "failed_read"
    }
},
{
    "pk": 56, 
    "model": "transformation.transformationxput", 
    "fields": {
        "y": 0,
        "x": 0
    }
},
{
    "pk": 23, 
    "model": "transformation.xputstructure", 
    "fields": {
        "min_row": null, 
        "transf_xput": 56, 
        "max_row": null, 
        "compounddatatype": 13
    }
},
{
    "pk": 57, 
    "model": "transformation.transformationoutput", 
    "fields": {
        "dataset_idx": 5, 
        "transformation": 7, 
        "dataset_name": "failed_align"
    }
},
{
    "pk": 57, 
    "model": "transformation.transformationxput", 
    "fields": {
        "y": 0,
        "x": 0
    }
},
{
    "pk": 24, 
    "model": "transformation.xputstructure", 
    "fields": {
        "min_row": null, 
        "transf_xput": 57, 
        "max_row": null, 
        "compounddatatype": 18
    }
},
{
    "pk": 58, 
    "model": "transformation.transformationoutput", 
    "fields": {
        "dataset_idx": 6, 
        "transformation": 7, 
        "dataset_name": "nuc_variants"
    }
},
{
    "pk": 58, 
    "model": "transformation.transformationxput", 
    "fields": {
        "y": 0,
        "x": 0
    }
},
{
    "pk": 25, 
    "model": "transformation.xputstructure", 
    "fields": {
        "min_row": null, 
        "transf_xput": 58, 
        "max_row": null, 
        "compounddatatype": 19
    }
},
{
    "pk": 59, 
    "model": "transformation.transformationinput", 
    "fields": {
        "dataset_idx": 2, 
        "transformation": 9, 
        "dataset_name": "nuc"
    }
},
{
    "pk": 59, 
    "model": "transformation.transformationxput", 
    "fields": {
        "y": 0,
        "x": 0
    }
},
{
    "pk": 26, 
    "model": "transformation.xputstructure", 
    "fields": {
        "min_row": null, 
        "transf_xput": 59, 
        "max_row": null, 
        "compounddatatype": 14
    }
},
{
    "pk": 13, 
    "model": "transformation.transformation", 
    "fields": {
        "revision_DateTime": "2014-12-05T20:17:01.510Z", 
        "revision_desc": "", 
        "revision_name": "",
        "user": 1,
        "groups_allowed": [1]
    }
},
{
    "pk": 60, 
    "model": "transformation.transformationxput", 
    "fields": {
        "y": 0.10011248593925759, 
        "x": 0.03881401617250674
    }
},
{
    "pk": 61, 
    "model": "transformation.transformationxput", 
    "fields": {
        "y": 0.19572553430821146, 
        "x": 0.03827493261455526
    }
},
{
    "pk": 62, 
    "model": "transformation.transformationxput", 
    "fields": {
        "y": 0.54, 
        "x": 0.25
    }
},
{
    "pk": 63, 
    "model": "transformation.transformationxput", 
    "fields": {
        "y": 0.56, 
        "x": 0.3
    }
},
{
    "pk": 64, 
    "model": "transformation.transformationxput", 
    "fields": {
        "y": 0.62, 
        "x": 0.45
    }
},
{
    "pk": 65, 
    "model": "transformation.transformationxput", 
    "fields": {
        "y": 0.66, 
        "x": 0.55
    }
},
{
    "pk": 66, 
    "model": "transformation.transformationxput", 
    "fields": {
        "y": 0.58, 
        "x": 0.35
    }
},
{
    "pk": 67, 
    "model": "transformation.transformationxput", 
    "fields": {
        "y": 0.64, 
        "x": 0.5
    }
},
{
    "pk": 68, 
    "model": "transformation.transformationxput", 
    "fields": {
        "y": 0.68, 
        "x": 0.6
    }
},
{
    "pk": 69, 
    "model": "transformation.transformationxput", 
    "fields": {
        "y": 0.74, 
        "x": 0.85
    }
},
{
    "pk": 70, 
    "model": "transformation.transformationxput", 
    "fields": {
        "y": 0.6, 
        "x": 0.4
    }
},
{
    "pk": 71, 
    "model": "transformation.transformationxput", 
    "fields": {
        "y": 0.88, 
        "x": 0.65
    }
},
{
    "pk": 72, 
    "model": "transformation.transformationxput", 
    "fields": {
        "y": 0.7, 
        "x": 0.65
    }
},
{
    "pk": 73, 
    "model": "transformation.transformationxput", 
    "fields": {
        "y": 0.76, 
        "x": 0.9
    }
},
{
    "pk": 74, 
    "model": "transformation.transformationxput", 
    "fields": {
        "y": 0.72, 
        "x": 0.7
    }
},
{
    "pk": 75, 
    "model": "transformation.transformationxput", 
    "fields": {
        "y": 0.74, 
        "x": 0.75
    }
},
{
    "pk": 76, 
    "model": "transformation.transformationxput", 
    "fields": {
        "y": 0.76, 
        "x": 0.8
    }
},
{
    "pk": 60, 
    "model": "transformation.transformationinput", 
    "fields": {
        "dataset_idx": 1, 
        "transformation": 13, 
        "dataset_name": "fastq1"
    }
},
{
    "pk": 61, 
    "model": "transformation.transformationinput", 
    "fields": {
        "dataset_idx": 2, 
        "transformation": 13, 
        "dataset_name": "fastq2"
    }
},
{
    "pk": 62, 
    "model": "transformation.transformationoutput", 
    "fields": {
        "dataset_idx": 1, 
        "transformation": 13, 
        "dataset_name": "remap_counts"
    }
},
{
    "pk": 28, 
    "model": "transformation.xputstructure", 
    "fields": {
        "min_row": null, 
        "transf_xput": 62, 
        "max_row": null, 
        "compounddatatype": 9
    }
},
{
    "pk": 63, 
    "model": "transformation.transformationoutput", 
    "fields": {
        "dataset_idx": 2, 
        "transformation": 13, 
        "dataset_name": "remap_conseq"
    }
},
{
    "pk": 29, 
    "model": "transformation.xputstructure", 
    "fields": {
        "min_row": null, 
        "transf_xput": 63, 
        "max_row": null, 
        "compounddatatype": 10
    }
},
{
    "pk": 64, 
    "model": "transformation.transformationoutput", 
    "fields": {
        "dataset_idx": 3, 
        "transformation": 13, 
        "dataset_name": "conseq_ins"
    }
},
{
    "pk": 30, 
    "model": "transformation.xputstructure", 
    "fields": {
        "min_row": null, 
        "transf_xput": 64, 
        "max_row": null, 
        "compounddatatype": 12
    }
},
{
    "pk": 65, 
    "model": "transformation.transformationoutput", 
    "fields": {
        "dataset_idx": 4, 
        "transformation": 13, 
        "dataset_name": "nuc"
    }
},
{
    "pk": 31, 
    "model": "transformation.xputstructure", 
    "fields": {
        "min_row": null, 
        "transf_xput": 65, 
        "max_row": null, 
        "compounddatatype": 14
    }
},
{
    "pk": 66, 
    "model": "transformation.transformationoutput", 
    "fields": {
        "dataset_idx": 5, 
        "transformation": 13, 
        "dataset_name": "unmapped1_fastq"
    }
},
{
    "pk": 67, 
    "model": "transformation.transformationoutput", 
    "fields": {
        "dataset_idx": 6, 
        "transformation": 13, 
        "dataset_name": "failed_read"
    }
},
{
    "pk": 32, 
    "model": "transformation.xputstructure", 
    "fields": {
        "min_row": null, 
        "transf_xput": 67, 
        "max_row": null, 
        "compounddatatype": 13
    }
},
{
    "pk": 68, 
    "model": "transformation.transformationoutput", 
    "fields": {
        "dataset_idx": 7, 
        "transformation": 13, 
        "dataset_name": "amino"
    }
},
{
    "pk": 33, 
    "model": "transformation.xputstructure", 
    "fields": {
        "min_row": null, 
        "transf_xput": 68, 
        "max_row": null, 
        "compounddatatype": 15
    }
},
{
    "pk": 69, 
    "model": "transformation.transformationoutput", 
    "fields": {
        "dataset_idx": 8, 
        "transformation": 13, 
        "dataset_name": "coverage_maps_tar"
    }
},
{
    "pk": 70, 
    "model": "transformation.transformationoutput", 
    "fields": {
        "dataset_idx": 9, 
        "transformation": 13, 
        "dataset_name": "unmapped2_fastq"
    }
},
{
    "pk": 71, 
    "model": "transformation.transformationoutput", 
    "fields": {
        "dataset_idx": 10, 
        "transformation": 13, 
        "dataset_name": "g2p"
    }
},
{
    "pk": 34, 
    "model": "transformation.xputstructure", 
    "fields": {
        "min_row": null, 
        "transf_xput": 71, 
        "max_row": null, 
        "compounddatatype": 20
    }
},
{
    "pk": 72, 
    "model": "transformation.transformationoutput", 
    "fields": {
        "dataset_idx": 11, 
        "transformation": 13, 
        "dataset_name": "coord_ins"
    }
},
{
    "pk": 35, 
    "model": "transformation.xputstructure", 
    "fields": {
        "min_row": null, 
        "transf_xput": 72, 
        "max_row": null, 
        "compounddatatype": 16
    }
},
{
    "pk": 73, 
    "model": "transformation.transformationoutput", 
    "fields": {
        "dataset_idx": 12, 
        "transformation": 13, 
        "dataset_name": "coverage_scores"
    }
},
{
    "pk": 36, 
    "model": "transformation.xputstructure", 
    "fields": {
        "min_row": null, 
        "transf_xput": 73, 
        "max_row": null, 
        "compounddatatype": 21
    }
},
{
    "pk": 74, 
    "model": "transformation.transformationoutput", 
    "fields": {
        "dataset_idx": 13, 
        "transformation": 13, 
        "dataset_name": "conseq"
    }
},
{
    "pk": 37, 
    "model": "transformation.xputstructure", 
    "fields": {
        "min_row": null, 
        "transf_xput": 74, 
        "max_row": null, 
        "compounddatatype": 17
    }
},
{
    "pk": 75, 
    "model": "transformation.transformationoutput", 
    "fields": {
        "dataset_idx": 14, 
        "transformation": 13, 
        "dataset_name": "failed_align"
    }
},
{
    "pk": 76, 
    "model": "transformation.transformationoutput", 
    "fields": {
        "dataset_idx": 15, 
        "transformation": 13, 
        "dataset_name": "nuc_variants"
    }
},
{
    "pk": 38, 
    "model": "transformation.xputstructure", 
    "fields": {
        "min_row": null, 
        "transf_xput": 75, 
        "max_row": null, 
        "compounddatatype": 18
    }
},
{
    "pk": 39, 
    "model": "transformation.xputstructure", 
    "fields": {
        "min_row": null, 
        "transf_xput": 76, 
        "max_row": null, 
        "compounddatatype": 19
    }
}
]