[
{
    "pk": 1, 
    "model": "pipeline.pipelinefamily", 
    "fields": {
        "name": "Sums and Products", 
        "description": ""
    }
},
{
    "pk": 3, 
    "model": "pipeline.pipeline", 
    "fields": {
        "revision_number": 1, 
        "revision_parent": null, 
        "family": 1
    }
},
{
    "pk": 1, 
    "model": "pipeline.pipelinestep", 
    "fields": {
        "pipeline": 3, 
        "name": "script_1_sum_and_products.py", 
        "outputs_to_delete": [], 
        "y": 0.472,
        "x": 0.287,
        "transformation": 2, 
        "step_num": 1
    }
},
{
    "pk": 1, 
    "model": "pipeline.pipelinecable", 
    "fields": {}
},
{
    "pk": 2, 
    "model": "pipeline.pipelinecable", 
    "fields": {}
},
{
    "pk": 1, 
    "model": "pipeline.pipelinestepinputcable", 
    "fields": {
        "pipelinestep": 1, 
        "dest": 3, 
        "keep_output": false, 
        "source": 5, 
        "source_step": 0
    }
},
{
    "pk": 2, 
    "model": "pipeline.pipelineoutputcable", 
    "fields": {
        "pipeline": 3, 
        "output_idx": 1, 
        "source": 4, 
        "output_cdt": 6, 
        "output_name": "sums_products", 
        "source_step": 1
    }
},
{
    "pk": 2, 
    "model": "pipeline.pipelinefamily", 
    "fields": {
        "published_version": 13,
        "name": "MiSeq",
        "description": ""
    }
},
{
    "pk": 13, 
    "model": "pipeline.pipeline", 
    "fields": {
        "revision_number": 1, 
        "revision_parent": null, 
        "family": 2
    }
},
{
    "pk": 2, 
    "model": "pipeline.pipelinestep", 
    "fields": {
        "pipeline": 13, 
        "name": "prelim_map.py", 
        "outputs_to_delete": [], 
        "y": 0.22384701912260968, 
        "x": 0.09973045822102426, 
        "transformation": 4, 
        "step_num": 1
    }
},
{
    "pk": 3, 
    "model": "pipeline.pipelinestep", 
    "fields": {
        "pipeline": 13, 
        "name": "remap.py", 
        "outputs_to_delete": [], 
        "y": 0.33183352080989875, 
        "x": 0.16711590296495957, 
        "transformation": 5, 
        "step_num": 2
    }
},
{
    "pk": 4, 
    "model": "pipeline.pipelinestep", 
    "fields": {
        "pipeline": 13, 
        "name": "sam2aln.py", 
        "outputs_to_delete": [], 
        "y": 0.416813630294019, 
        "x": 0.40033948303377, 
        "transformation": 6, 
        "step_num": 3
    }
},
{
    "pk": 5, 
    "model": "pipeline.pipelinestep", 
    "fields": {
        "pipeline": 13, 
        "name": "aln2counts.py", 
        "outputs_to_delete": [], 
        "y": 0.514415530907474, 
        "x": 0.55923338527628, 
        "transformation": 7, 
        "step_num": 4
    }
},
{
    "pk": 6, 
    "model": "pipeline.pipelinestep", 
    "fields": {
        "pipeline": 13, 
        "name": "sam_g2p.sh", 
        "outputs_to_delete": [], 
        "y": 0.773915700768748, 
        "x": 0.546546658214479, 
        "transformation": 9, 
        "step_num": 5
    }
},
{
    "pk": 7, 
    "model": "pipeline.pipelinestep", 
    "fields": {
        "pipeline": 13, 
        "name": "coverage_plots.R", 
        "outputs_to_delete": [], 
        "y": 0.614047335652811, 
        "x": 0.739027754380054, 
        "transformation": 11, 
        "step_num": 6
    }
},
{
    "pk": 3, 
    "model": "pipeline.pipelinecable", 
    "fields": {}
},
{
    "pk": 4, 
    "model": "pipeline.pipelinecable", 
    "fields": {}
},
{
    "pk": 5, 
    "model": "pipeline.pipelinecable", 
    "fields": {}
},
{
    "pk": 6, 
    "model": "pipeline.pipelinecable", 
    "fields": {}
},
{
    "pk": 7, 
    "model": "pipeline.pipelinecable", 
    "fields": {}
},
{
    "pk": 8, 
    "model": "pipeline.pipelinecable", 
    "fields": {}
},
{
    "pk": 9, 
    "model": "pipeline.pipelinecable", 
    "fields": {}
},
{
    "pk": 10, 
    "model": "pipeline.pipelinecable", 
    "fields": {}
},
{
    "pk": 11, 
    "model": "pipeline.pipelinecable", 
    "fields": {}
},
{
    "pk": 12, 
    "model": "pipeline.pipelinecable", 
    "fields": {}
},
{
    "pk": 13, 
    "model": "pipeline.pipelinecable", 
    "fields": {}
},
{
    "pk": 14, 
    "model": "pipeline.pipelinecable", 
    "fields": {}
},
{
    "pk": 15, 
    "model": "pipeline.pipelinecable", 
    "fields": {}
},
{
    "pk": 16, 
    "model": "pipeline.pipelinecable", 
    "fields": {}
},
{
    "pk": 17, 
    "model": "pipeline.pipelinecable", 
    "fields": {}
},
{
    "pk": 18, 
    "model": "pipeline.pipelinecable", 
    "fields": {}
},
{
    "pk": 19, 
    "model": "pipeline.pipelinecable", 
    "fields": {}
},
{
    "pk": 20, 
    "model": "pipeline.pipelinecable", 
    "fields": {}
},
{
    "pk": 21, 
    "model": "pipeline.pipelinecable", 
    "fields": {}
},
{
    "pk": 22, 
    "model": "pipeline.pipelinecable", 
    "fields": {}
},
{
    "pk": 23, 
    "model": "pipeline.pipelinecable", 
    "fields": {}
},
{
    "pk": 24, 
    "model": "pipeline.pipelinecable", 
    "fields": {}
},
{
    "pk": 25, 
    "model": "pipeline.pipelinecable", 
    "fields": {}
},
{
    "pk": 26, 
    "model": "pipeline.pipelinecable", 
    "fields": {}
},
{
    "pk": 27, 
    "model": "pipeline.pipelinecable", 
    "fields": {}
},
{
    "pk": 3, 
    "model": "pipeline.pipelinestepinputcable", 
    "fields": {
        "pipelinestep": 2, 
        "dest": 7, 
        "keep_output": false, 
        "source": 60, 
        "source_step": 0
    }
},
{
    "pk": 4, 
    "model": "pipeline.pipelinestepinputcable", 
    "fields": {
        "pipelinestep": 2, 
        "dest": 8, 
        "keep_output": false, 
        "source": 61, 
        "source_step": 0
    }
},
{
    "pk": 5, 
    "model": "pipeline.pipelinestepinputcable", 
    "fields": {
        "pipelinestep": 3, 
        "dest": 10, 
        "keep_output": false, 
        "source": 60, 
        "source_step": 0
    }
},
{
    "pk": 6, 
    "model": "pipeline.pipelinestepinputcable", 
    "fields": {
        "pipelinestep": 3, 
        "dest": 11, 
        "keep_output": false, 
        "source": 61, 
        "source_step": 0
    }
},
{
    "pk": 7, 
    "model": "pipeline.pipelinestepinputcable", 
    "fields": {
        "pipelinestep": 3, 
        "dest": 12, 
        "keep_output": false, 
        "source": 9, 
        "source_step": 1
    }
},
{
    "pk": 8, 
    "model": "pipeline.pipelinestepinputcable", 
    "fields": {
        "pipelinestep": 4, 
        "dest": 16, 
        "keep_output": false, 
        "source": 13, 
        "source_step": 2
    }
},
{
    "pk": 9, 
    "model": "pipeline.pipelinestepinputcable", 
    "fields": {
        "pipelinestep": 5, 
        "dest": 19, 
        "keep_output": false, 
        "source": 17, 
        "source_step": 3
    }
},
{
    "pk": 10, 
    "model": "pipeline.pipelinestepinputcable", 
    "fields": {
        "pipelinestep": 6, 
        "dest": 27, 
        "keep_output": false, 
        "source": 13, 
        "source_step": 2
    }
},
{
    "pk": 11, 
    "model": "pipeline.pipelinestepinputcable", 
    "fields": {
        "pipelinestep": 6, 
        "dest": 59, 
        "keep_output": false, 
        "source": 21, 
        "source_step": 4
    }
},
{
    "pk": 12, 
    "model": "pipeline.pipelinestepinputcable", 
    "fields": {
        "pipelinestep": 7, 
        "dest": 39, 
        "keep_output": false, 
        "source": 22, 
        "source_step": 4
    }
},
{
    "pk": 13, 
    "model": "pipeline.pipelineoutputcable", 
    "fields": {
        "pipeline": 13, 
        "output_idx": 1, 
        "source": 14, 
        "output_cdt": 9, 
        "output_name": "remap_counts", 
        "source_step": 2
    }
},
{
    "pk": 14, 
    "model": "pipeline.pipelineoutputcable", 
    "fields": {
        "pipeline": 13, 
        "output_idx": 2, 
        "source": 15, 
        "output_cdt": 10, 
        "output_name": "remap_conseq", 
        "source_step": 2
    }
},
{
    "pk": 15, 
    "model": "pipeline.pipelineoutputcable", 
    "fields": {
        "pipeline": 13, 
        "output_idx": 3, 
        "source": 18, 
        "output_cdt": 12, 
        "output_name": "conseq_ins", 
        "source_step": 3
    }
},
{
    "pk": 16, 
    "model": "pipeline.pipelineoutputcable", 
    "fields": {
        "pipeline": 13, 
        "output_idx": 4, 
        "source": 21, 
        "output_cdt": 14, 
        "output_name": "nuc", 
        "source_step": 4
    }
},
{
    "pk": 17, 
    "model": "pipeline.pipelineoutputcable", 
    "fields": {
        "pipeline": 13, 
        "output_idx": 5, 
        "source": 54, 
        "output_cdt": null, 
        "output_name": "unmapped1_fastq", 
        "source_step": 2
    }
},
{
    "pk": 18, 
    "model": "pipeline.pipelineoutputcable", 
    "fields": {
        "pipeline": 13, 
        "output_idx": 6, 
        "source": 56, 
        "output_cdt": 13, 
        "output_name": "failed_read", 
        "source_step": 3
    }
},
{
    "pk": 19, 
    "model": "pipeline.pipelineoutputcable", 
    "fields": {
        "pipeline": 13, 
        "output_idx": 7, 
        "source": 22, 
        "output_cdt": 15, 
        "output_name": "amino", 
        "source_step": 4
    }
},
{
    "pk": 20, 
    "model": "pipeline.pipelineoutputcable", 
    "fields": {
        "pipeline": 13, 
        "output_idx": 8, 
        "source": 40, 
        "output_cdt": null, 
        "output_name": "coverage_maps_tar", 
        "source_step": 6
    }
},
{
    "pk": 21, 
    "model": "pipeline.pipelineoutputcable", 
    "fields": {
        "pipeline": 13, 
        "output_idx": 9, 
        "source": 55, 
        "output_cdt": null, 
        "output_name": "unmapped2_fastq", 
        "source_step": 2
    }
},
{
    "pk": 22, 
    "model": "pipeline.pipelineoutputcable", 
    "fields": {
        "pipeline": 13, 
        "output_idx": 10, 
        "source": 28, 
        "output_cdt": 20, 
        "output_name": "g2p", 
        "source_step": 5
    }
},
{
    "pk": 23, 
    "model": "pipeline.pipelineoutputcable", 
    "fields": {
        "pipeline": 13, 
        "output_idx": 11, 
        "source": 23, 
        "output_cdt": 16, 
        "output_name": "coord_ins", 
        "source_step": 4
    }
},
{
    "pk": 24, 
    "model": "pipeline.pipelineoutputcable", 
    "fields": {
        "pipeline": 13, 
        "output_idx": 12, 
        "source": 41, 
        "output_cdt": 21, 
        "output_name": "coverage_scores", 
        "source_step": 6
    }
},
{
    "pk": 25, 
    "model": "pipeline.pipelineoutputcable", 
    "fields": {
        "pipeline": 13, 
        "output_idx": 13, 
        "source": 24, 
        "output_cdt": 17, 
        "output_name": "conseq", 
        "source_step": 4
    }
},
{
    "pk": 26, 
    "model": "pipeline.pipelineoutputcable", 
    "fields": {
        "pipeline": 13, 
        "output_idx": 14, 
        "source": 57, 
        "output_cdt": 18, 
        "output_name": "failed_align", 
        "source_step": 4
    }
},
{
    "pk": 27, 
    "model": "pipeline.pipelineoutputcable", 
    "fields": {
        "pipeline": 13, 
        "output_idx": 15, 
        "source": 58, 
        "output_cdt": 19, 
        "output_name": "nuc_variants", 
        "source_step": 4
    }
}
]