[
{
    "fields": {
        "name": "Clinical",
        "permissions": []
    },
    "model": "auth.group",
    "pk": 4
},
{
    "fields": {
        "username": "rliang",
        "first_name": "",
        "last_name": "",
        "is_active": true,
        "is_superuser": false,
        "is_staff": false,
        "last_login": "2015-02-26T19:00:37.768Z",
        "groups": [
            1,
            2,
            3
        ],
        "user_permissions": [],
        "password": "pbkdf2_sha256$15000$j8eFVzTw7H13$Tf1YK85XUCng5UN97MjMJfT5nnis3Lvk5vbakVEG+hQ=",
        "email": "rliang@cfenet.ubc.ca",
        "date_joined": "2015-02-26T17:46:57.009Z"
    },
    "model": "auth.user",
    "pk": 2
},
{
    "fields": {
        "username": "duchess",
        "first_name": "",
        "last_name": "",
        "is_active": true,
        "is_superuser": false,
        "is_staff": false,
        "last_login": "2015-02-26T17:53:26.933Z",
        "groups": [
            1
        ],
        "user_permissions": [],
        "password": "pbkdf2_sha256$15000$XWgXPs5sA4gW$pSneIhrr2rdNN1f0cLc7lgYDQsKTi2E2bFCMWY27mUY=",
        "email": "sarcher@cia.gov",
        "date_joined": "2015-02-26T17:48:37.742Z"
    },
    "model": "auth.user",
    "pk": 3
},
{
    "fields": {
        "username": "birthday_boy_phil",
        "first_name": "",
        "last_name": "",
        "is_active": true,
        "is_superuser": false,
        "is_staff": false,
        "last_login": "2015-02-26T17:56:39.793Z",
        "groups": [
            1,
            4
        ],
        "user_permissions": [],
        "password": "pbkdf2_sha256$15000$txlhI7hjF0kw$b33xlIMjO9EuYQbLFUz0Xm4E8TgK8hOWLjBnv0QSxNY=",
        "email": "pwoodnutt@cfenet.ubc.ca",
        "date_joined": "2015-02-26T17:56:39.793Z"
    },
    "model": "auth.user",
    "pk": 4
},
{
    "fields": {
        "datatype": 4,
        "column_idx": 1,
        "column_name": "x",
        "blankable": false,
        "compounddatatype": 5
    },
    "model": "metadata.compounddatatypemember",
    "pk": 7
},
{
    "fields": {
        "datatype": 4,
        "column_idx": 2,
        "column_name": "y",
        "blankable": false,
        "compounddatatype": 5
    },
    "model": "metadata.compounddatatypemember",
    "pk": 8
},
{
    "fields": {
        "datatype": 4,
        "column_idx": 1,
        "column_name": "sum",
        "blankable": false,
        "compounddatatype": 6
    },
    "model": "metadata.compounddatatypemember",
    "pk": 9
},
{
    "fields": {
        "datatype": 4,
        "column_idx": 2,
        "column_name": "product",
        "blankable": false,
        "compounddatatype": 6
    },
    "model": "metadata.compounddatatypemember",
    "pk": 10
},
{
    "fields": {
        "datatype": 1,
        "column_idx": 1,
        "column_name": "qname",
        "blankable": false,
        "compounddatatype": 7
    },
    "model": "metadata.compounddatatypemember",
    "pk": 11
},
{
    "fields": {
        "datatype": 4,
        "column_idx": 2,
        "column_name": "flag",
        "blankable": false,
        "compounddatatype": 7
    },
    "model": "metadata.compounddatatypemember",
    "pk": 12
},
{
    "fields": {
        "datatype": 1,
        "column_idx": 3,
        "column_name": "rname",
        "blankable": false,
        "compounddatatype": 7
    },
    "model": "metadata.compounddatatypemember",
    "pk": 13
},
{
    "fields": {
        "datatype": 4,
        "column_idx": 4,
        "column_name": "pos",
        "blankable": false,
        "compounddatatype": 7
    },
    "model": "metadata.compounddatatypemember",
    "pk": 14
},
{
    "fields": {
        "datatype": 4,
        "column_idx": 5,
        "column_name": "mapq",
        "blankable": false,
        "compounddatatype": 7
    },
    "model": "metadata.compounddatatypemember",
    "pk": 15
},
{
    "fields": {
        "datatype": 1,
        "column_idx": 6,
        "column_name": "cigar",
        "blankable": false,
        "compounddatatype": 7
    },
    "model": "metadata.compounddatatypemember",
    "pk": 16
},
{
    "fields": {
        "datatype": 1,
        "column_idx": 7,
        "column_name": "rnext",
        "blankable": false,
        "compounddatatype": 7
    },
    "model": "metadata.compounddatatypemember",
    "pk": 17
},
{
    "fields": {
        "datatype": 4,
        "column_idx": 8,
        "column_name": "pnext",
        "blankable": false,
        "compounddatatype": 7
    },
    "model": "metadata.compounddatatypemember",
    "pk": 18
},
{
    "fields": {
        "datatype": 4,
        "column_idx": 9,
        "column_name": "tlen",
        "blankable": false,
        "compounddatatype": 7
    },
    "model": "metadata.compounddatatypemember",
    "pk": 19
},
{
    "fields": {
        "datatype": 7,
        "column_idx": 10,
        "column_name": "seq",
        "blankable": false,
        "compounddatatype": 7
    },
    "model": "metadata.compounddatatypemember",
    "pk": 20
},
{
    "fields": {
        "datatype": 1,
        "column_idx": 11,
        "column_name": "qual",
        "blankable": false,
        "compounddatatype": 7
    },
    "model": "metadata.compounddatatypemember",
    "pk": 21
},
{
    "fields": {
        "datatype": 1,
        "column_idx": 1,
        "column_name": "sample_name",
        "blankable": false,
        "compounddatatype": 8
    },
    "model": "metadata.compounddatatypemember",
    "pk": 22
},
{
    "fields": {
        "datatype": 1,
        "column_idx": 2,
        "column_name": "qname",
        "blankable": false,
        "compounddatatype": 8
    },
    "model": "metadata.compounddatatypemember",
    "pk": 23
},
{
    "fields": {
        "datatype": 4,
        "column_idx": 3,
        "column_name": "flag",
        "blankable": false,
        "compounddatatype": 8
    },
    "model": "metadata.compounddatatypemember",
    "pk": 24
},
{
    "fields": {
        "datatype": 1,
        "column_idx": 4,
        "column_name": "rname",
        "blankable": false,
        "compounddatatype": 8
    },
    "model": "metadata.compounddatatypemember",
    "pk": 25
},
{
    "fields": {
        "datatype": 4,
        "column_idx": 5,
        "column_name": "pos",
        "blankable": false,
        "compounddatatype": 8
    },
    "model": "metadata.compounddatatypemember",
    "pk": 26
},
{
    "fields": {
        "datatype": 4,
        "column_idx": 6,
        "column_name": "mapq",
        "blankable": false,
        "compounddatatype": 8
    },
    "model": "metadata.compounddatatypemember",
    "pk": 27
},
{
    "fields": {
        "datatype": 1,
        "column_idx": 7,
        "column_name": "cigar",
        "blankable": false,
        "compounddatatype": 8
    },
    "model": "metadata.compounddatatypemember",
    "pk": 28
},
{
    "fields": {
        "datatype": 1,
        "column_idx": 8,
        "column_name": "rnext",
        "blankable": false,
        "compounddatatype": 8
    },
    "model": "metadata.compounddatatypemember",
    "pk": 29
},
{
    "fields": {
        "datatype": 4,
        "column_idx": 9,
        "column_name": "pnext",
        "blankable": false,
        "compounddatatype": 8
    },
    "model": "metadata.compounddatatypemember",
    "pk": 30
},
{
    "fields": {
        "datatype": 4,
        "column_idx": 10,
        "column_name": "tlen",
        "blankable": false,
        "compounddatatype": 8
    },
    "model": "metadata.compounddatatypemember",
    "pk": 31
},
{
    "fields": {
        "datatype": 7,
        "column_idx": 11,
        "column_name": "seq",
        "blankable": false,
        "compounddatatype": 8
    },
    "model": "metadata.compounddatatypemember",
    "pk": 32
},
{
    "fields": {
        "datatype": 1,
        "column_idx": 12,
        "column_name": "qual",
        "blankable": false,
        "compounddatatype": 8
    },
    "model": "metadata.compounddatatypemember",
    "pk": 33
},
{
    "fields": {
        "datatype": 1,
        "column_idx": 1,
        "column_name": "sample_name",
        "blankable": false,
        "compounddatatype": 9
    },
    "model": "metadata.compounddatatypemember",
    "pk": 34
},
{
    "fields": {
        "datatype": 1,
        "column_idx": 2,
        "column_name": "type",
        "blankable": false,
        "compounddatatype": 9
    },
    "model": "metadata.compounddatatypemember",
    "pk": 35
},
{
    "fields": {
        "datatype": 4,
        "column_idx": 3,
        "column_name": "count",
        "blankable": false,
        "compounddatatype": 9
    },
    "model": "metadata.compounddatatypemember",
    "pk": 36
},
{
    "fields": {
        "datatype": 1,
        "column_idx": 1,
        "column_name": "region",
        "blankable": false,
        "compounddatatype": 10
    },
    "model": "metadata.compounddatatypemember",
    "pk": 37
},
{
    "fields": {
        "datatype": 7,
        "column_idx": 2,
        "column_name": "sequence",
        "blankable": false,
        "compounddatatype": 10
    },
    "model": "metadata.compounddatatypemember",
    "pk": 38
},
{
    "fields": {
        "datatype": 1,
        "column_idx": 1,
        "column_name": "sample",
        "blankable": false,
        "compounddatatype": 11
    },
    "model": "metadata.compounddatatypemember",
    "pk": 39
},
{
    "fields": {
        "datatype": 1,
        "column_idx": 2,
        "column_name": "refname",
        "blankable": false,
        "compounddatatype": 11
    },
    "model": "metadata.compounddatatypemember",
    "pk": 40
},
{
    "fields": {
        "datatype": 4,
        "column_idx": 3,
        "column_name": "qcut",
        "blankable": false,
        "compounddatatype": 11
    },
    "model": "metadata.compounddatatypemember",
    "pk": 41
},
{
    "fields": {
        "datatype": 4,
        "column_idx": 4,
        "column_name": "rank",
        "blankable": false,
        "compounddatatype": 11
    },
    "model": "metadata.compounddatatypemember",
    "pk": 42
},
{
    "fields": {
        "datatype": 4,
        "column_idx": 5,
        "column_name": "count",
        "blankable": false,
        "compounddatatype": 11
    },
    "model": "metadata.compounddatatypemember",
    "pk": 43
},
{
    "fields": {
        "datatype": 4,
        "column_idx": 6,
        "column_name": "offset",
        "blankable": false,
        "compounddatatype": 11
    },
    "model": "metadata.compounddatatypemember",
    "pk": 44
},
{
    "fields": {
        "datatype": 7,
        "column_idx": 7,
        "column_name": "seq",
        "blankable": false,
        "compounddatatype": 11
    },
    "model": "metadata.compounddatatypemember",
    "pk": 45
},
{
    "fields": {
        "datatype": 1,
        "column_idx": 1,
        "column_name": "sample",
        "blankable": false,
        "compounddatatype": 12
    },
    "model": "metadata.compounddatatypemember",
    "pk": 46
},
{
    "fields": {
        "datatype": 1,
        "column_idx": 2,
        "column_name": "qname",
        "blankable": false,
        "compounddatatype": 12
    },
    "model": "metadata.compounddatatypemember",
    "pk": 47
},
{
    "fields": {
        "datatype": 1,
        "column_idx": 3,
        "column_name": "fwd_rev",
        "blankable": false,
        "compounddatatype": 12
    },
    "model": "metadata.compounddatatypemember",
    "pk": 48
},
{
    "fields": {
        "datatype": 1,
        "column_idx": 4,
        "column_name": "refname",
        "blankable": false,
        "compounddatatype": 12
    },
    "model": "metadata.compounddatatypemember",
    "pk": 49
},
{
    "fields": {
        "datatype": 4,
        "column_idx": 5,
        "column_name": "pos",
        "blankable": false,
        "compounddatatype": 12
    },
    "model": "metadata.compounddatatypemember",
    "pk": 50
},
{
    "fields": {
        "datatype": 7,
        "column_idx": 6,
        "column_name": "insert",
        "blankable": false,
        "compounddatatype": 12
    },
    "model": "metadata.compounddatatypemember",
    "pk": 51
},
{
    "fields": {
        "datatype": 1,
        "column_idx": 7,
        "column_name": "qual",
        "blankable": false,
        "compounddatatype": 12
    },
    "model": "metadata.compounddatatypemember",
    "pk": 52
},
{
    "fields": {
        "datatype": 1,
        "column_idx": 1,
        "column_name": "sample",
        "blankable": false,
        "compounddatatype": 13
    },
    "model": "metadata.compounddatatypemember",
    "pk": 53
},
{
    "fields": {
        "datatype": 1,
        "column_idx": 2,
        "column_name": "qname",
        "blankable": false,
        "compounddatatype": 13
    },
    "model": "metadata.compounddatatypemember",
    "pk": 54
},
{
    "fields": {
        "datatype": 4,
        "column_idx": 3,
        "column_name": "qcut",
        "blankable": false,
        "compounddatatype": 13
    },
    "model": "metadata.compounddatatypemember",
    "pk": 55
},
{
    "fields": {
        "datatype": 7,
        "column_idx": 4,
        "column_name": "seq1",
        "blankable": false,
        "compounddatatype": 13
    },
    "model": "metadata.compounddatatypemember",
    "pk": 56
},
{
    "fields": {
        "datatype": 1,
        "column_idx": 5,
        "column_name": "qual1",
        "blankable": false,
        "compounddatatype": 13
    },
    "model": "metadata.compounddatatypemember",
    "pk": 57
},
{
    "fields": {
        "datatype": 7,
        "column_idx": 6,
        "column_name": "seq2",
        "blankable": false,
        "compounddatatype": 13
    },
    "model": "metadata.compounddatatypemember",
    "pk": 58
},
{
    "fields": {
        "datatype": 1,
        "column_idx": 7,
        "column_name": "qual2",
        "blankable": false,
        "compounddatatype": 13
    },
    "model": "metadata.compounddatatypemember",
    "pk": 59
},
{
    "fields": {
        "datatype": 3,
        "column_idx": 8,
        "column_name": "prop_N",
        "blankable": false,
        "compounddatatype": 13
    },
    "model": "metadata.compounddatatypemember",
    "pk": 60
},
{
    "fields": {
        "datatype": 7,
        "column_idx": 9,
        "column_name": "mseq",
        "blankable": false,
        "compounddatatype": 13
    },
    "model": "metadata.compounddatatypemember",
    "pk": 61
},
{
    "fields": {
        "datatype": 1,
        "column_idx": 1,
        "column_name": "sample",
        "blankable": false,
        "compounddatatype": 14
    },
    "model": "metadata.compounddatatypemember",
    "pk": 62
},
{
    "fields": {
        "datatype": 1,
        "column_idx": 2,
        "column_name": "seed",
        "blankable": false,
        "compounddatatype": 14
    },
    "model": "metadata.compounddatatypemember",
    "pk": 63
},
{
    "fields": {
        "datatype": 1,
        "column_idx": 3,
        "column_name": "region",
        "blankable": false,
        "compounddatatype": 14
    },
    "model": "metadata.compounddatatypemember",
    "pk": 64
},
{
    "fields": {
        "datatype": 4,
        "column_idx": 4,
        "column_name": "q-cutoff",
        "blankable": false,
        "compounddatatype": 14
    },
    "model": "metadata.compounddatatypemember",
    "pk": 65
},
{
    "fields": {
        "datatype": 1,
        "column_idx": 5,
        "column_name": "query.nuc.pos",
        "blankable": true,
        "compounddatatype": 14
    },
    "model": "metadata.compounddatatypemember",
    "pk": 66
},
{
    "fields": {
        "datatype": 4,
        "column_idx": 6,
        "column_name": "refseq.nuc.pos",
        "blankable": false,
        "compounddatatype": 14
    },
    "model": "metadata.compounddatatypemember",
    "pk": 67
},
{
    "fields": {
        "datatype": 1,
        "column_idx": 7,
        "column_name": "A",
        "blankable": false,
        "compounddatatype": 14
    },
    "model": "metadata.compounddatatypemember",
    "pk": 68
},
{
    "fields": {
        "datatype": 1,
        "column_idx": 8,
        "column_name": "C",
        "blankable": false,
        "compounddatatype": 14
    },
    "model": "metadata.compounddatatypemember",
    "pk": 69
},
{
    "fields": {
        "datatype": 1,
        "column_idx": 9,
        "column_name": "G",
        "blankable": false,
        "compounddatatype": 14
    },
    "model": "metadata.compounddatatypemember",
    "pk": 70
},
{
    "fields": {
        "datatype": 1,
        "column_idx": 10,
        "column_name": "T",
        "blankable": false,
        "compounddatatype": 14
    },
    "model": "metadata.compounddatatypemember",
    "pk": 71
},
{
    "fields": {
        "datatype": 1,
        "column_idx": 1,
        "column_name": "sample",
        "blankable": false,
        "compounddatatype": 15
    },
    "model": "metadata.compounddatatypemember",
    "pk": 72
},
{
    "fields": {
        "datatype": 1,
        "column_idx": 2,
        "column_name": "seed",
        "blankable": false,
        "compounddatatype": 15
    },
    "model": "metadata.compounddatatypemember",
    "pk": 73
},
{
    "fields": {
        "datatype": 1,
        "column_idx": 3,
        "column_name": "region",
        "blankable": false,
        "compounddatatype": 15
    },
    "model": "metadata.compounddatatypemember",
    "pk": 74
},
{
    "fields": {
        "datatype": 4,
        "column_idx": 4,
        "column_name": "q-cutoff",
        "blankable": false,
        "compounddatatype": 15
    },
    "model": "metadata.compounddatatypemember",
    "pk": 75
},
{
    "fields": {
        "datatype": 1,
        "column_idx": 5,
        "column_name": "query.aa.pos",
        "blankable": true,
        "compounddatatype": 15
    },
    "model": "metadata.compounddatatypemember",
    "pk": 76
},
{
    "fields": {
        "datatype": 4,
        "column_idx": 6,
        "column_name": "refseq.aa.pos",
        "blankable": false,
        "compounddatatype": 15
    },
    "model": "metadata.compounddatatypemember",
    "pk": 77
},
{
    "fields": {
        "datatype": 4,
        "column_idx": 7,
        "column_name": "A",
        "blankable": false,
        "compounddatatype": 15
    },
    "model": "metadata.compounddatatypemember",
    "pk": 78
},
{
    "fields": {
        "datatype": 4,
        "column_idx": 8,
        "column_name": "C",
        "blankable": false,
        "compounddatatype": 15
    },
    "model": "metadata.compounddatatypemember",
    "pk": 79
},
{
    "fields": {
        "datatype": 4,
        "column_idx": 9,
        "column_name": "D",
        "blankable": false,
        "compounddatatype": 15
    },
    "model": "metadata.compounddatatypemember",
    "pk": 80
},
{
    "fields": {
        "datatype": 4,
        "column_idx": 10,
        "column_name": "E",
        "blankable": false,
        "compounddatatype": 15
    },
    "model": "metadata.compounddatatypemember",
    "pk": 81
},
{
    "fields": {
        "datatype": 4,
        "column_idx": 11,
        "column_name": "F",
        "blankable": false,
        "compounddatatype": 15
    },
    "model": "metadata.compounddatatypemember",
    "pk": 82
},
{
    "fields": {
        "datatype": 4,
        "column_idx": 12,
        "column_name": "G",
        "blankable": false,
        "compounddatatype": 15
    },
    "model": "metadata.compounddatatypemember",
    "pk": 83
},
{
    "fields": {
        "datatype": 4,
        "column_idx": 13,
        "column_name": "H",
        "blankable": false,
        "compounddatatype": 15
    },
    "model": "metadata.compounddatatypemember",
    "pk": 84
},
{
    "fields": {
        "datatype": 4,
        "column_idx": 14,
        "column_name": "I",
        "blankable": false,
        "compounddatatype": 15
    },
    "model": "metadata.compounddatatypemember",
    "pk": 85
},
{
    "fields": {
        "datatype": 4,
        "column_idx": 15,
        "column_name": "K",
        "blankable": false,
        "compounddatatype": 15
    },
    "model": "metadata.compounddatatypemember",
    "pk": 86
},
{
    "fields": {
        "datatype": 4,
        "column_idx": 16,
        "column_name": "L",
        "blankable": false,
        "compounddatatype": 15
    },
    "model": "metadata.compounddatatypemember",
    "pk": 87
},
{
    "fields": {
        "datatype": 4,
        "column_idx": 17,
        "column_name": "M",
        "blankable": false,
        "compounddatatype": 15
    },
    "model": "metadata.compounddatatypemember",
    "pk": 88
},
{
    "fields": {
        "datatype": 4,
        "column_idx": 18,
        "column_name": "N",
        "blankable": false,
        "compounddatatype": 15
    },
    "model": "metadata.compounddatatypemember",
    "pk": 89
},
{
    "fields": {
        "datatype": 4,
        "column_idx": 19,
        "column_name": "P",
        "blankable": false,
        "compounddatatype": 15
    },
    "model": "metadata.compounddatatypemember",
    "pk": 90
},
{
    "fields": {
        "datatype": 4,
        "column_idx": 20,
        "column_name": "Q",
        "blankable": false,
        "compounddatatype": 15
    },
    "model": "metadata.compounddatatypemember",
    "pk": 91
},
{
    "fields": {
        "datatype": 4,
        "column_idx": 21,
        "column_name": "R",
        "blankable": false,
        "compounddatatype": 15
    },
    "model": "metadata.compounddatatypemember",
    "pk": 92
},
{
    "fields": {
        "datatype": 4,
        "column_idx": 22,
        "column_name": "S",
        "blankable": false,
        "compounddatatype": 15
    },
    "model": "metadata.compounddatatypemember",
    "pk": 93
},
{
    "fields": {
        "datatype": 4,
        "column_idx": 23,
        "column_name": "T",
        "blankable": false,
        "compounddatatype": 15
    },
    "model": "metadata.compounddatatypemember",
    "pk": 94
},
{
    "fields": {
        "datatype": 4,
        "column_idx": 24,
        "column_name": "V",
        "blankable": false,
        "compounddatatype": 15
    },
    "model": "metadata.compounddatatypemember",
    "pk": 95
},
{
    "fields": {
        "datatype": 4,
        "column_idx": 25,
        "column_name": "W",
        "blankable": false,
        "compounddatatype": 15
    },
    "model": "metadata.compounddatatypemember",
    "pk": 96
},
{
    "fields": {
        "datatype": 4,
        "column_idx": 26,
        "column_name": "Y",
        "blankable": false,
        "compounddatatype": 15
    },
    "model": "metadata.compounddatatypemember",
    "pk": 97
},
{
    "fields": {
        "datatype": 4,
        "column_idx": 27,
        "column_name": "*",
        "blankable": false,
        "compounddatatype": 15
    },
    "model": "metadata.compounddatatypemember",
    "pk": 98
},
{
    "fields": {
        "datatype": 1,
        "column_idx": 1,
        "column_name": "sample",
        "blankable": false,
        "compounddatatype": 16
    },
    "model": "metadata.compounddatatypemember",
    "pk": 99
},
{
    "fields": {
        "datatype": 1,
        "column_idx": 2,
        "column_name": "seed",
        "blankable": false,
        "compounddatatype": 16
    },
    "model": "metadata.compounddatatypemember",
    "pk": 100
},
{
    "fields": {
        "datatype": 1,
        "column_idx": 3,
        "column_name": "region",
        "blankable": false,
        "compounddatatype": 16
    },
    "model": "metadata.compounddatatypemember",
    "pk": 101
},
{
    "fields": {
        "datatype": 4,
        "column_idx": 4,
        "column_name": "qcut",
        "blankable": false,
        "compounddatatype": 16
    },
    "model": "metadata.compounddatatypemember",
    "pk": 102
},
{
    "fields": {
        "datatype": 4,
        "column_idx": 5,
        "column_name": "left",
        "blankable": false,
        "compounddatatype": 16
    },
    "model": "metadata.compounddatatypemember",
    "pk": 103
},
{
    "fields": {
        "datatype": 6,
        "column_idx": 6,
        "column_name": "insert",
        "blankable": false,
        "compounddatatype": 16
    },
    "model": "metadata.compounddatatypemember",
    "pk": 104
},
{
    "fields": {
        "datatype": 4,
        "column_idx": 7,
        "column_name": "count",
        "blankable": false,
        "compounddatatype": 16
    },
    "model": "metadata.compounddatatypemember",
    "pk": 105
},
{
    "fields": {
        "datatype": 1,
        "column_idx": 1,
        "column_name": "sample",
        "blankable": false,
        "compounddatatype": 17
    },
    "model": "metadata.compounddatatypemember",
    "pk": 106
},
{
    "fields": {
        "datatype": 1,
        "column_idx": 2,
        "column_name": "region",
        "blankable": false,
        "compounddatatype": 17
    },
    "model": "metadata.compounddatatypemember",
    "pk": 107
},
{
    "fields": {
        "datatype": 4,
        "column_idx": 3,
        "column_name": "q-cutoff",
        "blankable": false,
        "compounddatatype": 17
    },
    "model": "metadata.compounddatatypemember",
    "pk": 108
},
{
    "fields": {
        "datatype": 1,
        "column_idx": 4,
        "column_name": "s-number",
        "blankable": false,
        "compounddatatype": 17
    },
    "model": "metadata.compounddatatypemember",
    "pk": 109
},
{
    "fields": {
        "datatype": 1,
        "column_idx": 5,
        "column_name": "consensus-percent-cutoff",
        "blankable": false,
        "compounddatatype": 17
    },
    "model": "metadata.compounddatatypemember",
    "pk": 110
},
{
    "fields": {
        "datatype": 7,
        "column_idx": 6,
        "column_name": "sequence",
        "blankable": false,
        "compounddatatype": 17
    },
    "model": "metadata.compounddatatypemember",
    "pk": 111
},
{
    "fields": {
        "datatype": 1,
        "column_idx": 1,
        "column_name": "sample",
        "blankable": false,
        "compounddatatype": 18
    },
    "model": "metadata.compounddatatypemember",
    "pk": 112
},
{
    "fields": {
        "datatype": 1,
        "column_idx": 2,
        "column_name": "seed",
        "blankable": false,
        "compounddatatype": 18
    },
    "model": "metadata.compounddatatypemember",
    "pk": 113
},
{
    "fields": {
        "datatype": 1,
        "column_idx": 3,
        "column_name": "region",
        "blankable": false,
        "compounddatatype": 18
    },
    "model": "metadata.compounddatatypemember",
    "pk": 114
},
{
    "fields": {
        "datatype": 4,
        "column_idx": 4,
        "column_name": "qcut",
        "blankable": false,
        "compounddatatype": 18
    },
    "model": "metadata.compounddatatypemember",
    "pk": 115
},
{
    "fields": {
        "datatype": 6,
        "column_idx": 5,
        "column_name": "queryseq",
        "blankable": false,
        "compounddatatype": 18
    },
    "model": "metadata.compounddatatypemember",
    "pk": 116
},
{
    "fields": {
        "datatype": 6,
        "column_idx": 6,
        "column_name": "refseq",
        "blankable": false,
        "compounddatatype": 18
    },
    "model": "metadata.compounddatatypemember",
    "pk": 117
},
{
    "fields": {
        "datatype": 1,
        "column_idx": 1,
        "column_name": "sample",
        "blankable": false,
        "compounddatatype": 19
    },
    "model": "metadata.compounddatatypemember",
    "pk": 118
},
{
    "fields": {
        "datatype": 1,
        "column_idx": 2,
        "column_name": "seed",
        "blankable": false,
        "compounddatatype": 19
    },
    "model": "metadata.compounddatatypemember",
    "pk": 119
},
{
    "fields": {
        "datatype": 4,
        "column_idx": 3,
        "column_name": "qcut",
        "blankable": false,
        "compounddatatype": 19
    },
    "model": "metadata.compounddatatypemember",
    "pk": 120
},
{
    "fields": {
        "datatype": 1,
        "column_idx": 4,
        "column_name": "region",
        "blankable": false,
        "compounddatatype": 19
    },
    "model": "metadata.compounddatatypemember",
    "pk": 121
},
{
    "fields": {
        "datatype": 4,
        "column_idx": 5,
        "column_name": "index",
        "blankable": false,
        "compounddatatype": 19
    },
    "model": "metadata.compounddatatypemember",
    "pk": 122
},
{
    "fields": {
        "datatype": 4,
        "column_idx": 6,
        "column_name": "count",
        "blankable": false,
        "compounddatatype": 19
    },
    "model": "metadata.compounddatatypemember",
    "pk": 123
},
{
    "fields": {
        "datatype": 7,
        "column_idx": 7,
        "column_name": "seq",
        "blankable": false,
        "compounddatatype": 19
    },
    "model": "metadata.compounddatatypemember",
    "pk": 124
},
{
    "fields": {
        "datatype": 1,
        "column_idx": 1,
        "column_name": "sample",
        "blankable": false,
        "compounddatatype": 20
    },
    "model": "metadata.compounddatatypemember",
    "pk": 125
},
{
    "fields": {
        "datatype": 4,
        "column_idx": 2,
        "column_name": "rank",
        "blankable": false,
        "compounddatatype": 20
    },
    "model": "metadata.compounddatatypemember",
    "pk": 126
},
{
    "fields": {
        "datatype": 4,
        "column_idx": 3,
        "column_name": "count",
        "blankable": false,
        "compounddatatype": 20
    },
    "model": "metadata.compounddatatypemember",
    "pk": 127
},
{
    "fields": {
        "datatype": 1,
        "column_idx": 4,
        "column_name": "g2p",
        "blankable": true,
        "compounddatatype": 20
    },
    "model": "metadata.compounddatatypemember",
    "pk": 128
},
{
    "fields": {
        "datatype": 1,
        "column_idx": 5,
        "column_name": "fpr",
        "blankable": true,
        "compounddatatype": 20
    },
    "model": "metadata.compounddatatypemember",
    "pk": 129
},
{
    "fields": {
        "datatype": 6,
        "column_idx": 6,
        "column_name": "aligned",
        "blankable": true,
        "compounddatatype": 20
    },
    "model": "metadata.compounddatatypemember",
    "pk": 130
},
{
    "fields": {
        "datatype": 1,
        "column_idx": 7,
        "column_name": "error",
        "blankable": true,
        "compounddatatype": 20
    },
    "model": "metadata.compounddatatypemember",
    "pk": 131
},
{
    "fields": {
        "datatype": 1,
        "column_idx": 1,
        "column_name": "sample",
        "blankable": false,
        "compounddatatype": 21
    },
    "model": "metadata.compounddatatypemember",
    "pk": 132
},
{
    "fields": {
        "datatype": 1,
        "column_idx": 2,
        "column_name": "project",
        "blankable": false,
        "compounddatatype": 21
    },
    "model": "metadata.compounddatatypemember",
    "pk": 133
},
{
    "fields": {
        "datatype": 1,
        "column_idx": 3,
        "column_name": "region",
        "blankable": false,
        "compounddatatype": 21
    },
    "model": "metadata.compounddatatypemember",
    "pk": 134
},
{
    "fields": {
        "datatype": 1,
        "column_idx": 4,
        "column_name": "seed",
        "blankable": false,
        "compounddatatype": 21
    },
    "model": "metadata.compounddatatypemember",
    "pk": 135
},
{
    "fields": {
        "datatype": 4,
        "column_idx": 5,
        "column_name": "q.cut",
        "blankable": false,
        "compounddatatype": 21
    },
    "model": "metadata.compounddatatypemember",
    "pk": 136
},
{
    "fields": {
        "datatype": 4,
        "column_idx": 6,
        "column_name": "min.coverage",
        "blankable": false,
        "compounddatatype": 21
    },
    "model": "metadata.compounddatatypemember",
    "pk": 137
},
{
    "fields": {
        "datatype": 4,
        "column_idx": 7,
        "column_name": "which.key.pos",
        "blankable": false,
        "compounddatatype": 21
    },
    "model": "metadata.compounddatatypemember",
    "pk": 138
},
{
    "fields": {
        "datatype": 4,
        "column_idx": 8,
        "column_name": "off.score",
        "blankable": false,
        "compounddatatype": 21
    },
    "model": "metadata.compounddatatypemember",
    "pk": 139
},
{
    "fields": {
        "datatype": 4,
        "column_idx": 9,
        "column_name": "on.score",
        "blankable": false,
        "compounddatatype": 21
    },
    "model": "metadata.compounddatatypemember",
    "pk": 140
},
{
    "fields": {
        "datatype": 1,
        "column_idx": 1,
        "column_name": "FASTA header",
        "blankable": false,
        "compounddatatype": 22
    },
    "model": "metadata.compounddatatypemember",
    "pk": 141
},
{
    "fields": {
        "datatype": 7,
        "column_idx": 2,
        "column_name": "FASTA sequence",
        "blankable": false,
        "compounddatatype": 22
    },
    "model": "metadata.compounddatatypemember",
    "pk": 142
},
{
    "fields": {
        "datatype": 1,
        "column_idx": 1,
        "column_name": "header",
        "blankable": false,
        "compounddatatype": 23
    },
    "model": "metadata.compounddatatypemember",
    "pk": 143
},
{
    "fields": {
        "datatype": 7,
        "column_idx": 2,
        "column_name": "nuc_seq",
        "blankable": false,
        "compounddatatype": 23
    },
    "model": "metadata.compounddatatypemember",
    "pk": 144
},
{
    "fields": {
        "datatype": 1,
        "column_idx": 1,
        "column_name": "happy birthday",
        "blankable": false,
        "compounddatatype": 24
    },
    "model": "metadata.compounddatatypemember",
    "pk": 145
},
{
    "fields": {
        "datatype": 1,
        "column_idx": 1,
        "column_name": "header",
        "blankable": false,
        "compounddatatype": 25
    },
    "model": "metadata.compounddatatypemember",
    "pk": 146
},
{
    "fields": {
        "datatype": 6,
        "column_idx": 2,
        "column_name": "aa_seq",
        "blankable": false,
        "compounddatatype": 25
    },
    "model": "metadata.compounddatatypemember",
    "pk": 147
},
{
    "fields": {
        "users_allowed": [],
        "user": 1,
        "groups_allowed": [
            1,
            2,
            3
        ]
    },
    "model": "metadata.compounddatatype",
    "pk": 5
},
{
    "fields": {
        "users_allowed": [],
        "user": 1,
        "groups_allowed": [
            1,
            2,
            3
        ]
    },
    "model": "metadata.compounddatatype",
    "pk": 6
},
{
    "fields": {
        "users_allowed": [],
        "user": 1,
        "groups_allowed": [
            1,
            2,
            3
        ]
    },
    "model": "metadata.compounddatatype",
    "pk": 7
},
{
    "fields": {
        "users_allowed": [],
        "user": 1,
        "groups_allowed": [
            1,
            2,
            3
        ]
    },
    "model": "metadata.compounddatatype",
    "pk": 8
},
{
    "fields": {
        "users_allowed": [],
        "user": 1,
        "groups_allowed": [
            1,
            2,
            3
        ]
    },
    "model": "metadata.compounddatatype",
    "pk": 9
},
{
    "fields": {
        "users_allowed": [],
        "user": 1,
        "groups_allowed": [
            1,
            2,
            3
        ]
    },
    "model": "metadata.compounddatatype",
    "pk": 10
},
{
    "fields": {
        "users_allowed": [],
        "user": 1,
        "groups_allowed": [
            1,
            2,
            3
        ]
    },
    "model": "metadata.compounddatatype",
    "pk": 11
},
{
    "fields": {
        "users_allowed": [],
        "user": 1,
        "groups_allowed": [
            1,
            2,
            3
        ]
    },
    "model": "metadata.compounddatatype",
    "pk": 12
},
{
    "fields": {
        "users_allowed": [],
        "user": 1,
        "groups_allowed": [
            1,
            2,
            3
        ]
    },
    "model": "metadata.compounddatatype",
    "pk": 13
},
{
    "fields": {
        "users_allowed": [],
        "user": 1,
        "groups_allowed": [
            1,
            2,
            3
        ]
    },
    "model": "metadata.compounddatatype",
    "pk": 14
},
{
    "fields": {
        "users_allowed": [],
        "user": 1,
        "groups_allowed": [
            1,
            2,
            3
        ]
    },
    "model": "metadata.compounddatatype",
    "pk": 15
},
{
    "fields": {
        "users_allowed": [],
        "user": 1,
        "groups_allowed": [
            1,
            2,
            3
        ]
    },
    "model": "metadata.compounddatatype",
    "pk": 16
},
{
    "fields": {
        "users_allowed": [],
        "user": 1,
        "groups_allowed": [
            1,
            2,
            3
        ]
    },
    "model": "metadata.compounddatatype",
    "pk": 17
},
{
    "fields": {
        "users_allowed": [],
        "user": 1,
        "groups_allowed": [
            1,
            2,
            3
        ]
    },
    "model": "metadata.compounddatatype",
    "pk": 18
},
{
    "fields": {
        "users_allowed": [],
        "user": 1,
        "groups_allowed": [
            1,
            2,
            3
        ]
    },
    "model": "metadata.compounddatatype",
    "pk": 19
},
{
    "fields": {
        "users_allowed": [],
        "user": 1,
        "groups_allowed": [
            1,
            2,
            3
        ]
    },
    "model": "metadata.compounddatatype",
    "pk": 20
},
{
    "fields": {
        "users_allowed": [],
        "user": 1,
        "groups_allowed": [
            1,
            2,
            3
        ]
    },
    "model": "metadata.compounddatatype",
    "pk": 21
},
{
    "fields": {
        "users_allowed": [],
        "user": 2,
        "groups_allowed": [
            1
        ]
    },
    "model": "metadata.compounddatatype",
    "pk": 22
},
{
    "fields": {
        "users_allowed": [],
        "user": 2,
        "groups_allowed": [
            1
        ]
    },
    "model": "metadata.compounddatatype",
    "pk": 23
},
{
    "fields": {
        "users_allowed": [],
        "user": 2,
        "groups_allowed": [
            1
        ]
    },
    "model": "metadata.compounddatatype",
    "pk": 24
},
{
    "fields": {
        "users_allowed": [],
        "user": 2,
        "groups_allowed": [
            1
        ]
    },
    "model": "metadata.compounddatatype",
    "pk": 25
}
]
