[
    {
        "fields": {
            "app_label": "method",
            "model": "method",
            "name": "method"
        },
        "model": "contenttypes.contenttype",
        "pk": 4
    },
    {
        "fields": {
            "app_label": "transformation",
            "model": "transformationinput",
            "name": "transformationinput"
        },
        "model": "contenttypes.contenttype",
        "pk": 5
    },
    {
        "fields": {
            "app_label": "transformation",
            "model": "transformationoutput",
            "name": "transformationoutput"
        },
        "model": "contenttypes.contenttype",
        "pk": 6
    },
    {
        "fields": {
            "date_created": "1971-05-26T13:15:32-04:00",
            "description": "messier marshmallows shellfishes gatling beatifications unvarying",
            "name": "bugles",
            "prototype": null,
            "restricts": [
                4
            ]
        },
        "model": "metadata.datatype",
        "pk": 6
    },
    {
        "fields": {
            "date_created": "1977-08-22T16:56:28-04:00",
            "description": "hemlines maria tranquiler optioned greatest woofer",
            "name": "stampede",
            "prototype": null,
            "restricts": [
                4
            ]
        },
        "model": "metadata.datatype",
        "pk": 7
    },
    {
        "fields": {
            "date_created": "2030-05-29T09:22:44-04:00",
            "description": "couriers chickened administrates margaritas prestos bothered",
            "name": "espied",
            "prototype": null,
            "restricts": [
                1
            ]
        },
        "model": "metadata.datatype",
        "pk": 8
    },
    {
        "fields": {
            "date_created": "1970-10-07T14:02:42-04:00",
            "description": "warmth moan cooties harriet mimicking laban",
            "name": "lesser",
            "prototype": null,
            "restricts": [
                2
            ]
        },
        "model": "metadata.datatype",
        "pk": 9
    },
    {
        "fields": {
            "date_created": "2011-10-09T22:48:58-04:00",
            "description": "writs rascal palliate shawna photosensitive gaze",
            "name": "underestimates",
            "prototype": null,
            "restricts": [
                5
            ]
        },
        "model": "metadata.datatype",
        "pk": 10
    },
    {
        "fields": {},
        "model": "metadata.compounddatatype",
        "pk": 4
    },
    {
        "fields": {},
        "model": "metadata.compounddatatype",
        "pk": 5
    },
    {
        "fields": {},
        "model": "metadata.compounddatatype",
        "pk": 6
    },
    {
        "fields": {
            "column_idx": 1,
            "column_name": "extemporizes",
            "compounddatatype": 4,
            "datatype": 8
        },
        "model": "metadata.compounddatatypemember",
        "pk": 5
    },
    {
        "fields": {
            "column_idx": 2,
            "column_name": "defoliate",
            "compounddatatype": 4,
            "datatype": 4
        },
        "model": "metadata.compounddatatypemember",
        "pk": 6
    },
    {
        "fields": {
            "column_idx": 3,
            "column_name": "theron",
            "compounddatatype": 4,
            "datatype": 8
        },
        "model": "metadata.compounddatatypemember",
        "pk": 7
    },
    {
        "fields": {
            "column_idx": 1,
            "column_name": "fleece",
            "compounddatatype": 5,
            "datatype": 4
        },
        "model": "metadata.compounddatatypemember",
        "pk": 8
    },
    {
        "fields": {
            "column_idx": 2,
            "column_name": "slanted",
            "compounddatatype": 5,
            "datatype": 9
        },
        "model": "metadata.compounddatatypemember",
        "pk": 9
    },
    {
        "fields": {
            "column_idx": 3,
            "column_name": "devolves",
            "compounddatatype": 5,
            "datatype": 6
        },
        "model": "metadata.compounddatatypemember",
        "pk": 10
    },
    {
        "fields": {
            "column_idx": 4,
            "column_name": "louver",
            "compounddatatype": 5,
            "datatype": 10
        },
        "model": "metadata.compounddatatypemember",
        "pk": 11
    },
    {
        "fields": {
            "column_idx": 1,
            "column_name": "swap",
            "compounddatatype": 6,
            "datatype": 2
        },
        "model": "metadata.compounddatatypemember",
        "pk": 12
    },
    {
        "fields": {
            "column_idx": 2,
            "column_name": "anchorage",
            "compounddatatype": 6,
            "datatype": 3
        },
        "model": "metadata.compounddatatypemember",
        "pk": 13
    },
    {
        "fields": {
            "column_idx": 3,
            "column_name": "serener",
            "compounddatatype": 6,
            "datatype": 2
        },
        "model": "metadata.compounddatatypemember",
        "pk": 14
    },
    {
        "fields": {
            "column_idx": 4,
            "column_name": "hakka",
            "compounddatatype": 6,
            "datatype": 9
        },
        "model": "metadata.compounddatatypemember",
        "pk": 15
    },
    {
        "fields": {
            "description": "restive hypnotized nasal pudgy civilities cantilevering",
            "filename": "grieg.sh",
            "name": "grieg"
        },
        "model": "method.coderesource",
        "pk": 1
    },
    {
        "fields": {
            "description": "teasers insects apron gyrated met thawing",
            "filename": "punchy.sh",
            "name": "punchy"
        },
        "model": "method.coderesource",
        "pk": 2
    },
    {
        "fields": {
            "description": "gearshift enchanters slumbrous emancipation huber new",
            "filename": "blotched.sh",
            "name": "blotched"
        },
        "model": "method.coderesource",
        "pk": 3
    },
    {
        "fields": {
            "description": "incorruptible suspected salvo fortnights paterson opportunities",
            "filename": "fryers.sh",
            "name": "fryers"
        },
        "model": "method.coderesource",
        "pk": 4
    },
    {
        "fields": {
            "description": "craves remained sarnoff patinae did welcomes",
            "filename": "coffee.sh",
            "name": "coffee"
        },
        "model": "method.coderesource",
        "pk": 5
    },
    {
        "fields": {
            "description": "knifed wrists vitals stereoscopes obey mentions",
            "filename": "carolina.sh",
            "name": "carolina"
        },
        "model": "method.coderesource",
        "pk": 6
    },
    {
        "fields": {
            "description": "built plant simpletons napier snoops communicating",
            "filename": "hacking.sh",
            "name": "hacking"
        },
        "model": "method.coderesource",
        "pk": 7
    },
    {
        "fields": {
            "description": "cardozo biked introspective caricaturing discriminated shad",
            "filename": "fallibility.sh",
            "name": "fallibility"
        },
        "model": "method.coderesource",
        "pk": 8
    },
    {
        "fields": {
            "description": "regents fugitive outcast sourer greenish irremediably",
            "filename": "retaliation.sh",
            "name": "retaliation"
        },
        "model": "method.coderesource",
        "pk": 9
    },
    {
        "fields": {
            "description": "muskmelons unlawful commutation referenda timbered nanook",
            "filename": "hexagons.sh",
            "name": "hexagons"
        },
        "model": "method.coderesource",
        "pk": 10
    },
    {
        "fields": {
            "MD5_checksum": "bf2e58839f6afafdb4a5e9010c7f2990",
            "coderesource": 1,
            "content_file": "CodeResources/grieg-1.sh",
            "revision_DateTime": "1971-03-15T16:34:01-05:00",
            "revision_desc": "irritating pennants cages stormiest upperclassmen compressed",
            "revision_name": "baobab",
            "revision_number": 1
        },
        "model": "method.coderesourcerevision",
        "pk": 1
    },
    {
        "fields": {
            "MD5_checksum": "688bc9455e3956d3c9a27e65bc461766",
            "coderesource": 1,
            "content_file": "CodeResources/grieg-2.sh",
            "revision_DateTime": "1975-04-30T15:10:55-04:00",
            "revision_desc": "ironed frankly layered workaholic manifolds lugubrious",
            "revision_name": "pathetically",
            "revision_number": 2
        },
        "model": "method.coderesourcerevision",
        "pk": 2
    },
    {
        "fields": {
            "MD5_checksum": "9504e690c877ea44571af6e8e97a10d1",
            "coderesource": 1,
            "content_file": "CodeResources/grieg-3.sh",
            "revision_DateTime": "2020-01-29T11:23:04-05:00",
            "revision_desc": "wichita aluminum labials reverent finalize schooldays",
            "revision_name": "sivan",
            "revision_number": 3
        },
        "model": "method.coderesourcerevision",
        "pk": 3
    },
    {
        "fields": {
            "MD5_checksum": "0d2e427399d0343054eb3e938dc6a36e",
            "coderesource": 2,
            "content_file": "CodeResources/punchy-1.sh",
            "revision_DateTime": "1994-04-09T16:50:28-04:00",
            "revision_desc": "snootiest emerald elongate octets planted di",
            "revision_name": "maximization",
            "revision_number": 1
        },
        "model": "method.coderesourcerevision",
        "pk": 4
    },
    {
        "fields": {
            "MD5_checksum": "28b947e800bc301accb04cb7a40f5c7b",
            "coderesource": 3,
            "content_file": "CodeResources/blotched-1.sh",
            "revision_DateTime": "2027-06-09T21:13:11-04:00",
            "revision_desc": "clogs amorality transacts addicting manned fondled",
            "revision_name": "bloodmobiles",
            "revision_number": 1
        },
        "model": "method.coderesourcerevision",
        "pk": 5
    },
    {
        "fields": {
            "MD5_checksum": "b4176cba8340f61a5e200a8f9b293254",
            "coderesource": 4,
            "content_file": "CodeResources/fryers-1.sh",
            "revision_DateTime": "1975-10-12T09:00:36-04:00",
            "revision_desc": "natives rectifiable drouth miler bulldoze scopes",
            "revision_name": "hence",
            "revision_number": 1
        },
        "model": "method.coderesourcerevision",
        "pk": 6
    },
    {
        "fields": {
            "MD5_checksum": "2c5b3033ff9f5fb3fb618bbc1167d8de",
            "coderesource": 4,
            "content_file": "CodeResources/fryers-2.sh",
            "revision_DateTime": "2017-07-18T05:22:34-04:00",
            "revision_desc": "draftee composted overenthusiastic superintendents profound doze",
            "revision_name": "fee",
            "revision_number": 2
        },
        "model": "method.coderesourcerevision",
        "pk": 7
    },
    {
        "fields": {
            "MD5_checksum": "77d4469f7464dc8f092d203fbdfd76ed",
            "coderesource": 5,
            "content_file": "CodeResources/coffee-1.sh",
            "revision_DateTime": "1996-01-29T01:05:38-05:00",
            "revision_desc": "affirmations leopards reproofed embalmer hobos dreamless",
            "revision_name": "genies",
            "revision_number": 1
        },
        "model": "method.coderesourcerevision",
        "pk": 8
    },
    {
        "fields": {
            "MD5_checksum": "688bc9455e3956d3c9a27e65bc461766",
            "coderesource": 6,
            "content_file": "CodeResources/carolina-1.sh",
            "revision_DateTime": "1972-05-20T23:41:23-04:00",
            "revision_desc": "remarked saddening muteness barley coins pheromones",
            "revision_name": "respective",
            "revision_number": 1
        },
        "model": "method.coderesourcerevision",
        "pk": 9
    },
    {
        "fields": {
            "MD5_checksum": "7bcb3253573de6c725a49c5d4728c09a",
            "coderesource": 7,
            "content_file": "CodeResources/hacking-1.sh",
            "revision_DateTime": "1989-08-05T00:08:54-04:00",
            "revision_desc": "tells madrid handkerchief etymologies headlong demising",
            "revision_name": "steele",
            "revision_number": 1
        },
        "model": "method.coderesourcerevision",
        "pk": 10
    },
    {
        "fields": {
            "MD5_checksum": "46d640f8b26a351a5f02ab79e738f644",
            "coderesource": 7,
            "content_file": "CodeResources/hacking-2.sh",
            "revision_DateTime": "2009-02-14T06:15:19-05:00",
            "revision_desc": "saving cathedral appurtenance psychoanalyzing taper patrice",
            "revision_name": "mitterrand",
            "revision_number": 2
        },
        "model": "method.coderesourcerevision",
        "pk": 11
    },
    {
        "fields": {
            "MD5_checksum": "de840e1cfad75417c84d1ac1dc3c433c",
            "coderesource": 8,
            "content_file": "CodeResources/fallibility-1.sh",
            "revision_DateTime": "1982-02-09T16:49:11-05:00",
            "revision_desc": "enabling myna cerf disbarring specced envies",
            "revision_name": "upend",
            "revision_number": 1
        },
        "model": "method.coderesourcerevision",
        "pk": 12
    },
    {
        "fields": {
            "MD5_checksum": "70564b9100a3f00d6701133699bc0a4d",
            "coderesource": 8,
            "content_file": "CodeResources/fallibility-2.sh",
            "revision_DateTime": "2010-09-06T01:50:20-04:00",
            "revision_desc": "knocked olympia proofed pictorially understood crispness",
            "revision_name": "cramming",
            "revision_number": 2
        },
        "model": "method.coderesourcerevision",
        "pk": 13
    },
    {
        "fields": {
            "MD5_checksum": "f828d487ea0fc101cef0203a7e6a1bc6",
            "coderesource": 8,
            "content_file": "CodeResources/fallibility-3.sh",
            "revision_DateTime": "2021-06-15T02:26:38-04:00",
            "revision_desc": "exhibitionist narration rosanna sheik salutation teazels",
            "revision_name": "greyest",
            "revision_number": 3
        },
        "model": "method.coderesourcerevision",
        "pk": 14
    },
    {
        "fields": {
            "MD5_checksum": "a2fbd4d03a038baec88166f1f1c08cff",
            "coderesource": 9,
            "content_file": "CodeResources/retaliation-1.sh",
            "revision_DateTime": "1982-10-12T16:07:40-04:00",
            "revision_desc": "grit stuyvesant armenian permeate rooks octette",
            "revision_name": "deon",
            "revision_number": 1
        },
        "model": "method.coderesourcerevision",
        "pk": 15
    },
    {
        "fields": {
            "MD5_checksum": "6b542dbf7ab819e062b5c67c38acbf90",
            "coderesource": 9,
            "content_file": "CodeResources/retaliation-2.sh",
            "revision_DateTime": "1996-09-10T13:59:52-04:00",
            "revision_desc": "turkmenistan puzzle heralding marketable gingerly lupines",
            "revision_name": "brie",
            "revision_number": 2
        },
        "model": "method.coderesourcerevision",
        "pk": 16
    },
    {
        "fields": {
            "MD5_checksum": "11ebe691c2a8a029503a07effd404238",
            "coderesource": 9,
            "content_file": "CodeResources/retaliation-3.sh",
            "revision_DateTime": "2007-07-05T17:51:12-04:00",
            "revision_desc": "numb thousand thriftiness batches imports macrocosm",
            "revision_name": "gimme",
            "revision_number": 3
        },
        "model": "method.coderesourcerevision",
        "pk": 17
    },
    {
        "fields": {
            "MD5_checksum": "6bea328d03d7469aa9ce91a579df6852",
            "coderesource": 10,
            "content_file": "CodeResources/hexagons-1.sh",
            "revision_DateTime": "1974-09-10T11:39:47-04:00",
            "revision_desc": "teas cortexes relaying birdied champagne janell",
            "revision_name": "mackenzie",
            "revision_number": 1
        },
        "model": "method.coderesourcerevision",
        "pk": 18
    },
    {
        "fields": {
            "description": "orated",
            "name": "pintoes"
        },
        "model": "method.methodfamily",
        "pk": 1
    },
    {
        "fields": {
            "description": "nonhazardous",
            "name": "consigns"
        },
        "model": "method.methodfamily",
        "pk": 2
    },
    {
        "fields": {
            "description": "deal",
            "name": "carbides"
        },
        "model": "method.methodfamily",
        "pk": 3
    },
    {
        "fields": {
            "description": "jun",
            "name": "byelorussia"
        },
        "model": "method.methodfamily",
        "pk": 4
    },
    {
        "fields": {
            "description": "necrophilia",
            "name": "petrochemical"
        },
        "model": "method.methodfamily",
        "pk": 5
    },
    {
        "fields": {
            "description": "insect",
            "name": "halleluiah"
        },
        "model": "method.methodfamily",
        "pk": 6
    },
    {
        "fields": {
            "description": "slues",
            "name": "scones"
        },
        "model": "method.methodfamily",
        "pk": 7
    },
    {
        "fields": {
            "description": "adorably",
            "name": "paycheck"
        },
        "model": "method.methodfamily",
        "pk": 8
    },
    {
        "fields": {
            "description": "occupancy",
            "name": "sidestroking"
        },
        "model": "method.methodfamily",
        "pk": 9
    },
    {
        "fields": {
            "description": "document",
            "name": "spicier"
        },
        "model": "method.methodfamily",
        "pk": 10
    },
    {
        "fields": {
            "driver": 1,
            "family": 1,
            "random": false,
            "revision_DateTime": "1971-03-15T16:34:01-05:00",
            "revision_desc": "inkiness ineligible quantity couches turbots rigidly",
            "revision_name": "coruscate",
            "revision_parent": null
        },
        "model": "method.method",
        "pk": 1
    },
    {
        "fields": {
            "driver": 2,
            "family": 1,
            "random": false,
            "revision_DateTime": "1975-04-30T15:10:55-04:00",
            "revision_desc": "pacifists graybeard winnings deems daintily scads",
            "revision_name": "poignantly",
            "revision_parent": 1
        },
        "model": "method.method",
        "pk": 2
    },
    {
        "fields": {
            "driver": 3,
            "family": 1,
            "random": false,
            "revision_DateTime": "2020-01-29T11:23:04-05:00",
            "revision_desc": "sic escape anchorites slicer properer dahlia",
            "revision_name": "toddles",
            "revision_parent": 1
        },
        "model": "method.method",
        "pk": 3
    },
    {
        "fields": {
            "driver": 4,
            "family": 2,
            "random": false,
            "revision_DateTime": "1994-04-09T16:50:28-04:00",
            "revision_desc": "athlete robotic takeaways dados pennsylvania arm",
            "revision_name": "granules",
            "revision_parent": null
        },
        "model": "method.method",
        "pk": 4
    },
    {
        "fields": {
            "driver": 5,
            "family": 3,
            "random": false,
            "revision_DateTime": "2027-06-09T21:13:11-04:00",
            "revision_desc": "kicking subterfuges safflower uniqueness redevelops ramadan",
            "revision_name": "dieted",
            "revision_parent": null
        },
        "model": "method.method",
        "pk": 5
    },
    {
        "fields": {
            "driver": 6,
            "family": 4,
            "random": false,
            "revision_DateTime": "1975-10-12T09:00:36-04:00",
            "revision_desc": "bobsled misdeal vociferation hegemony encircled stodginess",
            "revision_name": "gyp",
            "revision_parent": null
        },
        "model": "method.method",
        "pk": 6
    },
    {
        "fields": {
            "driver": 7,
            "family": 4,
            "random": false,
            "revision_DateTime": "2017-07-18T05:22:34-04:00",
            "revision_desc": "restructurings phoenicia torque brave fleeced iffier",
            "revision_name": "grizzly",
            "revision_parent": 6
        },
        "model": "method.method",
        "pk": 7
    },
    {
        "fields": {
            "driver": 8,
            "family": 5,
            "random": false,
            "revision_DateTime": "1996-01-29T01:05:38-05:00",
            "revision_desc": "wackiest trick sups wages twofold dimple",
            "revision_name": "bewildered",
            "revision_parent": null
        },
        "model": "method.method",
        "pk": 8
    },
    {
        "fields": {
            "driver": 9,
            "family": 6,
            "random": false,
            "revision_DateTime": "1972-05-20T23:41:23-04:00",
            "revision_desc": "underarms stalemated wrong vanderbilt militarily dante",
            "revision_name": "cuba",
            "revision_parent": null
        },
        "model": "method.method",
        "pk": 9
    },
    {
        "fields": {
            "driver": 10,
            "family": 7,
            "random": false,
            "revision_DateTime": "1989-08-05T00:08:54-04:00",
            "revision_desc": "trough mandrakes silvan jigs creaking sperms",
            "revision_name": "fascinate",
            "revision_parent": null
        },
        "model": "method.method",
        "pk": 10
    },
    {
        "fields": {
            "driver": 11,
            "family": 7,
            "random": false,
            "revision_DateTime": "2009-02-14T06:15:19-05:00",
            "revision_desc": "overprinted conventionality appealing impinged boondoggling pacesetter",
            "revision_name": "blinking",
            "revision_parent": 10
        },
        "model": "method.method",
        "pk": 11
    },
    {
        "fields": {
            "driver": 12,
            "family": 8,
            "random": false,
            "revision_DateTime": "1982-02-09T16:49:11-05:00",
            "revision_desc": "catafalques enthroning permissibly unfolded beriberi cushioning",
            "revision_name": "kilos",
            "revision_parent": null
        },
        "model": "method.method",
        "pk": 12
    },
    {
        "fields": {
            "driver": 13,
            "family": 8,
            "random": false,
            "revision_DateTime": "2010-09-06T01:50:20-04:00",
            "revision_desc": "fruition sobered fallaciously venues scrod commentary",
            "revision_name": "poaching",
            "revision_parent": 12
        },
        "model": "method.method",
        "pk": 13
    },
    {
        "fields": {
            "driver": 14,
            "family": 8,
            "random": false,
            "revision_DateTime": "2021-06-15T02:26:38-04:00",
            "revision_desc": "kleptomaniac parallelism transmits multiplexes hickeys unexplained",
            "revision_name": "sailfish",
            "revision_parent": 12
        },
        "model": "method.method",
        "pk": 14
    },
    {
        "fields": {
            "driver": 15,
            "family": 9,
            "random": false,
            "revision_DateTime": "1982-10-12T16:07:40-04:00",
            "revision_desc": "footed extraordinary mislay recouping hashed peroxiding",
            "revision_name": "edifice",
            "revision_parent": null
        },
        "model": "method.method",
        "pk": 15
    },
    {
        "fields": {
            "driver": 16,
            "family": 9,
            "random": false,
            "revision_DateTime": "1996-09-10T13:59:52-04:00",
            "revision_desc": "shuck gabble skimped whammies anthropocentric ballot",
            "revision_name": "century",
            "revision_parent": 15
        },
        "model": "method.method",
        "pk": 16
    },
    {
        "fields": {
            "driver": 17,
            "family": 9,
            "random": false,
            "revision_DateTime": "2007-07-05T17:51:12-04:00",
            "revision_desc": "novelle disobeying outgoes retreaded wanderlusts cindy",
            "revision_name": "marisa",
            "revision_parent": 15
        },
        "model": "method.method",
        "pk": 17
    },
    {
        "fields": {
            "driver": 18,
            "family": 10,
            "random": false,
            "revision_DateTime": "1974-09-10T11:39:47-04:00",
            "revision_desc": "synchronized assemblers ladybugs capaciously trigonometric salyut",
            "revision_name": "rivals",
            "revision_parent": null
        },
        "model": "method.method",
        "pk": 18
    },
    {
        "fields": {
            "content_type": 4,
            "dataset_idx": 1,
            "dataset_name": "ferociously",
            "object_id": 1
        },
        "model": "transformation.transformationinput",
        "pk": 1
    },
    {
        "fields": {
            "content_type": 4,
            "dataset_idx": 2,
            "dataset_name": "resins",
            "object_id": 1
        },
        "model": "transformation.transformationinput",
        "pk": 2
    },
    {
        "fields": {
            "content_type": 4,
            "dataset_idx": 1,
            "dataset_name": "crimean",
            "object_id": 2
        },
        "model": "transformation.transformationinput",
        "pk": 3
    },
    {
        "fields": {
            "content_type": 4,
            "dataset_idx": 2,
            "dataset_name": "flagship",
            "object_id": 2
        },
        "model": "transformation.transformationinput",
        "pk": 4
    },
    {
        "fields": {
            "content_type": 4,
            "dataset_idx": 1,
            "dataset_name": "admixtures",
            "object_id": 3
        },
        "model": "transformation.transformationinput",
        "pk": 5
    },
    {
        "fields": {
            "content_type": 4,
            "dataset_idx": 2,
            "dataset_name": "horsetail",
            "object_id": 3
        },
        "model": "transformation.transformationinput",
        "pk": 6
    },
    {
        "fields": {
            "content_type": 4,
            "dataset_idx": 1,
            "dataset_name": "hillbilly",
            "object_id": 4
        },
        "model": "transformation.transformationinput",
        "pk": 7
    },
    {
        "fields": {
            "content_type": 4,
            "dataset_idx": 1,
            "dataset_name": "quintessential",
            "object_id": 5
        },
        "model": "transformation.transformationinput",
        "pk": 8
    },
    {
        "fields": {
            "content_type": 4,
            "dataset_idx": 1,
            "dataset_name": "sidebar",
            "object_id": 6
        },
        "model": "transformation.transformationinput",
        "pk": 9
    },
    {
        "fields": {
            "content_type": 4,
            "dataset_idx": 1,
            "dataset_name": "billow",
            "object_id": 7
        },
        "model": "transformation.transformationinput",
        "pk": 10
    },
    {
        "fields": {
            "content_type": 4,
            "dataset_idx": 1,
            "dataset_name": "foggiest",
            "object_id": 8
        },
        "model": "transformation.transformationinput",
        "pk": 11
    },
    {
        "fields": {
            "content_type": 4,
            "dataset_idx": 2,
            "dataset_name": "triumphant",
            "object_id": 8
        },
        "model": "transformation.transformationinput",
        "pk": 12
    },
    {
        "fields": {
            "content_type": 4,
            "dataset_idx": 1,
            "dataset_name": "rescission",
            "object_id": 9
        },
        "model": "transformation.transformationinput",
        "pk": 13
    },
    {
        "fields": {
            "content_type": 4,
            "dataset_idx": 2,
            "dataset_name": "zeta",
            "object_id": 9
        },
        "model": "transformation.transformationinput",
        "pk": 14
    },
    {
        "fields": {
            "content_type": 4,
            "dataset_idx": 1,
            "dataset_name": "dock",
            "object_id": 10
        },
        "model": "transformation.transformationinput",
        "pk": 15
    },
    {
        "fields": {
            "content_type": 4,
            "dataset_idx": 2,
            "dataset_name": "cracks",
            "object_id": 10
        },
        "model": "transformation.transformationinput",
        "pk": 16
    },
    {
        "fields": {
            "content_type": 4,
            "dataset_idx": 1,
            "dataset_name": "leaching",
            "object_id": 11
        },
        "model": "transformation.transformationinput",
        "pk": 17
    },
    {
        "fields": {
            "content_type": 4,
            "dataset_idx": 2,
            "dataset_name": "militaries",
            "object_id": 11
        },
        "model": "transformation.transformationinput",
        "pk": 18
    },
    {
        "fields": {
            "content_type": 4,
            "dataset_idx": 1,
            "dataset_name": "shale",
            "object_id": 12
        },
        "model": "transformation.transformationinput",
        "pk": 19
    },
    {
        "fields": {
            "content_type": 4,
            "dataset_idx": 1,
            "dataset_name": "clacks",
            "object_id": 13
        },
        "model": "transformation.transformationinput",
        "pk": 20
    },
    {
        "fields": {
            "content_type": 4,
            "dataset_idx": 1,
            "dataset_name": "suriname",
            "object_id": 14
        },
        "model": "transformation.transformationinput",
        "pk": 21
    },
    {
        "fields": {
            "content_type": 4,
            "dataset_idx": 1,
            "dataset_name": "janitors",
            "object_id": 15
        },
        "model": "transformation.transformationinput",
        "pk": 22
    },
    {
        "fields": {
            "content_type": 4,
            "dataset_idx": 2,
            "dataset_name": "bowlers",
            "object_id": 15
        },
        "model": "transformation.transformationinput",
        "pk": 23
    },
    {
        "fields": {
            "content_type": 4,
            "dataset_idx": 1,
            "dataset_name": "simpatico",
            "object_id": 16
        },
        "model": "transformation.transformationinput",
        "pk": 24
    },
    {
        "fields": {
            "content_type": 4,
            "dataset_idx": 2,
            "dataset_name": "turntables",
            "object_id": 16
        },
        "model": "transformation.transformationinput",
        "pk": 25
    },
    {
        "fields": {
            "content_type": 4,
            "dataset_idx": 1,
            "dataset_name": "bow",
            "object_id": 17
        },
        "model": "transformation.transformationinput",
        "pk": 26
    },
    {
        "fields": {
            "content_type": 4,
            "dataset_idx": 2,
            "dataset_name": "slumber",
            "object_id": 17
        },
        "model": "transformation.transformationinput",
        "pk": 27
    },
    {
        "fields": {
            "content_type": 4,
            "dataset_idx": 1,
            "dataset_name": "boeotian",
            "object_id": 18
        },
        "model": "transformation.transformationinput",
        "pk": 28
    },
    {
        "fields": {
            "content_type": 4,
            "dataset_idx": 1,
            "dataset_name": "gladiolas",
            "object_id": 1
        },
        "model": "transformation.transformationoutput",
        "pk": 1
    },
    {
        "fields": {
            "content_type": 4,
            "dataset_idx": 1,
            "dataset_name": "tugboat",
            "object_id": 2
        },
        "model": "transformation.transformationoutput",
        "pk": 2
    },
    {
        "fields": {
            "content_type": 4,
            "dataset_idx": 1,
            "dataset_name": "mouthwashes",
            "object_id": 3
        },
        "model": "transformation.transformationoutput",
        "pk": 3
    },
    {
        "fields": {
            "content_type": 4,
            "dataset_idx": 1,
            "dataset_name": "overreacts",
            "object_id": 4
        },
        "model": "transformation.transformationoutput",
        "pk": 4
    },
    {
        "fields": {
            "content_type": 4,
            "dataset_idx": 1,
            "dataset_name": "redoubt",
            "object_id": 5
        },
        "model": "transformation.transformationoutput",
        "pk": 5
    },
    {
        "fields": {
            "content_type": 4,
            "dataset_idx": 1,
            "dataset_name": "godchild",
            "object_id": 6
        },
        "model": "transformation.transformationoutput",
        "pk": 6
    },
    {
        "fields": {
            "content_type": 4,
            "dataset_idx": 2,
            "dataset_name": "bursted",
            "object_id": 6
        },
        "model": "transformation.transformationoutput",
        "pk": 7
    },
    {
        "fields": {
            "content_type": 4,
            "dataset_idx": 1,
            "dataset_name": "addition",
            "object_id": 7
        },
        "model": "transformation.transformationoutput",
        "pk": 8
    },
    {
        "fields": {
            "content_type": 4,
            "dataset_idx": 2,
            "dataset_name": "towel",
            "object_id": 7
        },
        "model": "transformation.transformationoutput",
        "pk": 9
    },
    {
        "fields": {
            "content_type": 4,
            "dataset_idx": 1,
            "dataset_name": "ortiz",
            "object_id": 8
        },
        "model": "transformation.transformationoutput",
        "pk": 10
    },
    {
        "fields": {
            "content_type": 4,
            "dataset_idx": 1,
            "dataset_name": "abel",
            "object_id": 9
        },
        "model": "transformation.transformationoutput",
        "pk": 11
    },
    {
        "fields": {
            "content_type": 4,
            "dataset_idx": 1,
            "dataset_name": "dissatisfied",
            "object_id": 10
        },
        "model": "transformation.transformationoutput",
        "pk": 12
    },
    {
        "fields": {
            "content_type": 4,
            "dataset_idx": 2,
            "dataset_name": "recommendation",
            "object_id": 10
        },
        "model": "transformation.transformationoutput",
        "pk": 13
    },
    {
        "fields": {
            "content_type": 4,
            "dataset_idx": 1,
            "dataset_name": "prepares",
            "object_id": 11
        },
        "model": "transformation.transformationoutput",
        "pk": 14
    },
    {
        "fields": {
            "content_type": 4,
            "dataset_idx": 2,
            "dataset_name": "participial",
            "object_id": 11
        },
        "model": "transformation.transformationoutput",
        "pk": 15
    },
    {
        "fields": {
            "content_type": 4,
            "dataset_idx": 1,
            "dataset_name": "killjoy",
            "object_id": 12
        },
        "model": "transformation.transformationoutput",
        "pk": 16
    },
    {
        "fields": {
            "content_type": 4,
            "dataset_idx": 1,
            "dataset_name": "preconceive",
            "object_id": 13
        },
        "model": "transformation.transformationoutput",
        "pk": 17
    },
    {
        "fields": {
            "content_type": 4,
            "dataset_idx": 1,
            "dataset_name": "soldier",
            "object_id": 14
        },
        "model": "transformation.transformationoutput",
        "pk": 18
    },
    {
        "fields": {
            "content_type": 4,
            "dataset_idx": 1,
            "dataset_name": "thriftily",
            "object_id": 15
        },
        "model": "transformation.transformationoutput",
        "pk": 19
    },
    {
        "fields": {
            "content_type": 4,
            "dataset_idx": 2,
            "dataset_name": "pertaining",
            "object_id": 15
        },
        "model": "transformation.transformationoutput",
        "pk": 20
    },
    {
        "fields": {
            "content_type": 4,
            "dataset_idx": 1,
            "dataset_name": "orthopedists",
            "object_id": 16
        },
        "model": "transformation.transformationoutput",
        "pk": 21
    },
    {
        "fields": {
            "content_type": 4,
            "dataset_idx": 2,
            "dataset_name": "toothpick",
            "object_id": 16
        },
        "model": "transformation.transformationoutput",
        "pk": 22
    },
    {
        "fields": {
            "content_type": 4,
            "dataset_idx": 1,
            "dataset_name": "howitzers",
            "object_id": 17
        },
        "model": "transformation.transformationoutput",
        "pk": 23
    },
    {
        "fields": {
            "content_type": 4,
            "dataset_idx": 2,
            "dataset_name": "murdoch",
            "object_id": 17
        },
        "model": "transformation.transformationoutput",
        "pk": 24
    },
    {
        "fields": {
            "content_type": 4,
            "dataset_idx": 1,
            "dataset_name": "sects",
            "object_id": 18
        },
        "model": "transformation.transformationoutput",
        "pk": 25
    },
    {
        "fields": {
            "compounddatatype": 6,
            "content_type": 5,
            "object_id": 1
        },
        "model": "transformation.xputstructure",
        "pk": 1
    },
    {
        "fields": {
            "compounddatatype": 4,
            "content_type": 5,
            "object_id": 2
        },
        "model": "transformation.xputstructure",
        "pk": 2
    },
    {
        "fields": {
            "compounddatatype": 4,
            "content_type": 6,
            "object_id": 1
        },
        "model": "transformation.xputstructure",
        "pk": 3
    },
    {
        "fields": {
            "compounddatatype": 6,
            "content_type": 5,
            "object_id": 3
        },
        "model": "transformation.xputstructure",
        "pk": 4
    },
    {
        "fields": {
            "compounddatatype": 4,
            "content_type": 5,
            "object_id": 4
        },
        "model": "transformation.xputstructure",
        "pk": 5
    },
    {
        "fields": {
            "compounddatatype": 4,
            "content_type": 6,
            "object_id": 2
        },
        "model": "transformation.xputstructure",
        "pk": 6
    },
    {
        "fields": {
            "compounddatatype": 6,
            "content_type": 5,
            "object_id": 5
        },
        "model": "transformation.xputstructure",
        "pk": 7
    },
    {
        "fields": {
            "compounddatatype": 4,
            "content_type": 5,
            "object_id": 6
        },
        "model": "transformation.xputstructure",
        "pk": 8
    },
    {
        "fields": {
            "compounddatatype": 4,
            "content_type": 6,
            "object_id": 3
        },
        "model": "transformation.xputstructure",
        "pk": 9
    },
    {
        "fields": {
            "compounddatatype": 4,
            "content_type": 5,
            "object_id": 7
        },
        "model": "transformation.xputstructure",
        "pk": 10
    },
    {
        "fields": {
            "compounddatatype": 6,
            "content_type": 6,
            "object_id": 4
        },
        "model": "transformation.xputstructure",
        "pk": 11
    },
    {
        "fields": {
            "compounddatatype": 4,
            "content_type": 5,
            "object_id": 8
        },
        "model": "transformation.xputstructure",
        "pk": 12
    },
    {
        "fields": {
            "compounddatatype": 5,
            "content_type": 6,
            "object_id": 5
        },
        "model": "transformation.xputstructure",
        "pk": 13
    },
    {
        "fields": {
            "compounddatatype": 4,
            "content_type": 5,
            "object_id": 9
        },
        "model": "transformation.xputstructure",
        "pk": 14
    },
    {
        "fields": {
            "compounddatatype": 4,
            "content_type": 6,
            "object_id": 6
        },
        "model": "transformation.xputstructure",
        "pk": 15
    },
    {
        "fields": {
            "compounddatatype": 5,
            "content_type": 6,
            "object_id": 7
        },
        "model": "transformation.xputstructure",
        "pk": 16
    },
    {
        "fields": {
            "compounddatatype": 4,
            "content_type": 5,
            "object_id": 10
        },
        "model": "transformation.xputstructure",
        "pk": 17
    },
    {
        "fields": {
            "compounddatatype": 4,
            "content_type": 6,
            "object_id": 8
        },
        "model": "transformation.xputstructure",
        "pk": 18
    },
    {
        "fields": {
            "compounddatatype": 5,
            "content_type": 6,
            "object_id": 9
        },
        "model": "transformation.xputstructure",
        "pk": 19
    },
    {
        "fields": {
            "compounddatatype": 5,
            "content_type": 5,
            "object_id": 11
        },
        "model": "transformation.xputstructure",
        "pk": 20
    },
    {
        "fields": {
            "compounddatatype": 4,
            "content_type": 5,
            "object_id": 12
        },
        "model": "transformation.xputstructure",
        "pk": 21
    },
    {
        "fields": {
            "compounddatatype": 4,
            "content_type": 6,
            "object_id": 10
        },
        "model": "transformation.xputstructure",
        "pk": 22
    },
    {
        "fields": {
            "compounddatatype": 6,
            "content_type": 5,
            "object_id": 13
        },
        "model": "transformation.xputstructure",
        "pk": 23
    },
    {
        "fields": {
            "compounddatatype": 5,
            "content_type": 5,
            "object_id": 14
        },
        "model": "transformation.xputstructure",
        "pk": 24
    },
    {
        "fields": {
            "compounddatatype": 4,
            "content_type": 6,
            "object_id": 11
        },
        "model": "transformation.xputstructure",
        "pk": 25
    },
    {
        "fields": {
            "compounddatatype": 5,
            "content_type": 5,
            "object_id": 15
        },
        "model": "transformation.xputstructure",
        "pk": 26
    },
    {
        "fields": {
            "compounddatatype": 4,
            "content_type": 5,
            "object_id": 16
        },
        "model": "transformation.xputstructure",
        "pk": 27
    },
    {
        "fields": {
            "compounddatatype": 6,
            "content_type": 6,
            "object_id": 12
        },
        "model": "transformation.xputstructure",
        "pk": 28
    },
    {
        "fields": {
            "compounddatatype": 4,
            "content_type": 6,
            "object_id": 13
        },
        "model": "transformation.xputstructure",
        "pk": 29
    },
    {
        "fields": {
            "compounddatatype": 5,
            "content_type": 5,
            "object_id": 17
        },
        "model": "transformation.xputstructure",
        "pk": 30
    },
    {
        "fields": {
            "compounddatatype": 4,
            "content_type": 5,
            "object_id": 18
        },
        "model": "transformation.xputstructure",
        "pk": 31
    },
    {
        "fields": {
            "compounddatatype": 6,
            "content_type": 6,
            "object_id": 14
        },
        "model": "transformation.xputstructure",
        "pk": 32
    },
    {
        "fields": {
            "compounddatatype": 4,
            "content_type": 6,
            "object_id": 15
        },
        "model": "transformation.xputstructure",
        "pk": 33
    },
    {
        "fields": {
            "compounddatatype": 6,
            "content_type": 5,
            "object_id": 19
        },
        "model": "transformation.xputstructure",
        "pk": 34
    },
    {
        "fields": {
            "compounddatatype": 5,
            "content_type": 6,
            "object_id": 16
        },
        "model": "transformation.xputstructure",
        "pk": 35
    },
    {
        "fields": {
            "compounddatatype": 6,
            "content_type": 5,
            "object_id": 20
        },
        "model": "transformation.xputstructure",
        "pk": 36
    },
    {
        "fields": {
            "compounddatatype": 5,
            "content_type": 6,
            "object_id": 17
        },
        "model": "transformation.xputstructure",
        "pk": 37
    },
    {
        "fields": {
            "compounddatatype": 6,
            "content_type": 5,
            "object_id": 21
        },
        "model": "transformation.xputstructure",
        "pk": 38
    },
    {
        "fields": {
            "compounddatatype": 5,
            "content_type": 6,
            "object_id": 18
        },
        "model": "transformation.xputstructure",
        "pk": 39
    },
    {
        "fields": {
            "compounddatatype": 4,
            "content_type": 5,
            "object_id": 22
        },
        "model": "transformation.xputstructure",
        "pk": 40
    },
    {
        "fields": {
            "compounddatatype": 5,
            "content_type": 5,
            "object_id": 23
        },
        "model": "transformation.xputstructure",
        "pk": 41
    },
    {
        "fields": {
            "compounddatatype": 5,
            "content_type": 6,
            "object_id": 19
        },
        "model": "transformation.xputstructure",
        "pk": 42
    },
    {
        "fields": {
            "compounddatatype": 4,
            "content_type": 6,
            "object_id": 20
        },
        "model": "transformation.xputstructure",
        "pk": 43
    },
    {
        "fields": {
            "compounddatatype": 4,
            "content_type": 5,
            "object_id": 24
        },
        "model": "transformation.xputstructure",
        "pk": 44
    },
    {
        "fields": {
            "compounddatatype": 5,
            "content_type": 5,
            "object_id": 25
        },
        "model": "transformation.xputstructure",
        "pk": 45
    },
    {
        "fields": {
            "compounddatatype": 5,
            "content_type": 6,
            "object_id": 21
        },
        "model": "transformation.xputstructure",
        "pk": 46
    },
    {
        "fields": {
            "compounddatatype": 4,
            "content_type": 6,
            "object_id": 22
        },
        "model": "transformation.xputstructure",
        "pk": 47
    },
    {
        "fields": {
            "compounddatatype": 4,
            "content_type": 5,
            "object_id": 26
        },
        "model": "transformation.xputstructure",
        "pk": 48
    },
    {
        "fields": {
            "compounddatatype": 5,
            "content_type": 5,
            "object_id": 27
        },
        "model": "transformation.xputstructure",
        "pk": 49
    },
    {
        "fields": {
            "compounddatatype": 5,
            "content_type": 6,
            "object_id": 23
        },
        "model": "transformation.xputstructure",
        "pk": 50
    },
    {
        "fields": {
            "compounddatatype": 4,
            "content_type": 6,
            "object_id": 24
        },
        "model": "transformation.xputstructure",
        "pk": 51
    },
    {
        "fields": {
            "compounddatatype": 4,
            "content_type": 5,
            "object_id": 28
        },
        "model": "transformation.xputstructure",
        "pk": 52
    },
    {
        "fields": {
            "compounddatatype": 6,
            "content_type": 6,
            "object_id": 25
        },
        "model": "transformation.xputstructure",
        "pk": 53
    },
    {
        "fields": {
            "MD5_checksum": "efa71e2b1e227e95bda89bf9900685a9"
        },
        "model": "librarian.symbolicdataset",
        "pk": 1
    },
    {
        "fields": {
            "MD5_checksum": "dce6d28afea21878bbaec75d464badb3"
        },
        "model": "librarian.symbolicdataset",
        "pk": 2
    },
    {
        "fields": {
            "MD5_checksum": "8ffde6c00cc6c3fe14e1f54290877229"
        },
        "model": "librarian.symbolicdataset",
        "pk": 3
    },
    {
        "fields": {
            "MD5_checksum": "90c24a5e0320e822a3b8c4e3d510870a"
        },
        "model": "librarian.symbolicdataset",
        "pk": 4
    },
    {
        "fields": {
            "MD5_checksum": "2a39ab3b30259d45406f4720037bfea2"
        },
        "model": "librarian.symbolicdataset",
        "pk": 5
    },
    {
        "fields": {
            "MD5_checksum": "fcd7d1894bd0b87d01d12743a50dfb09"
        },
        "model": "librarian.symbolicdataset",
        "pk": 6
    },
    {
        "fields": {
            "MD5_checksum": "9fcdd7f23007366e17f024aa6d12de07"
        },
        "model": "librarian.symbolicdataset",
        "pk": 7
    },
    {
        "fields": {
            "MD5_checksum": "379d9024d497975ce3ed24ea010254c2"
        },
        "model": "librarian.symbolicdataset",
        "pk": 8
    },
    {
        "fields": {
            "MD5_checksum": "13163259b508ef6fae246ad2d4bcaa66"
        },
        "model": "librarian.symbolicdataset",
        "pk": 9
    },
    {
        "fields": {
            "MD5_checksum": "cc966894e0db8b6a787005a0c30efbdb"
        },
        "model": "librarian.symbolicdataset",
        "pk": 10
    },
    {
        "fields": {
            "content_type": null,
            "dataset_file": "Datasets/obliterating.csv",
            "date_created": "2031-07-15T14:18:36-04:00",
            "description": "velveeta crux sunders mi perverseness severing",
            "name": "obliterating",
            "object_id": null,
            "symbolicdataset": 1,
            "user": 1
        },
        "model": "archive.dataset",
        "pk": 1
    },
    {
        "fields": {
            "content_type": null,
            "dataset_file": "Datasets/correspondent.csv",
            "date_created": "2018-06-30T13:29:46-04:00",
            "description": "kuwait buchanan where verbenas addles zinged",
            "name": "correspondent",
            "object_id": null,
            "symbolicdataset": 2,
            "user": 1
        },
        "model": "archive.dataset",
        "pk": 2
    },
    {
        "fields": {
            "content_type": null,
            "dataset_file": "Datasets/mournfully.csv",
            "date_created": "1983-02-10T05:52:36-05:00",
            "description": "catnap shooed sunroof tired pustules mousier",
            "name": "mournfully",
            "object_id": null,
            "symbolicdataset": 3,
            "user": 1
        },
        "model": "archive.dataset",
        "pk": 3
    },
    {
        "fields": {
            "content_type": null,
            "dataset_file": "Datasets/congratulation.csv",
            "date_created": "1980-11-08T01:27:37-05:00",
            "description": "retainer makes pushtu brutish footman traced",
            "name": "congratulation",
            "object_id": null,
            "symbolicdataset": 4,
            "user": 1
        },
        "model": "archive.dataset",
        "pk": 4
    },
    {
        "fields": {
            "content_type": null,
            "dataset_file": "Datasets/scepter.csv",
            "date_created": "1994-07-26T18:44:51-04:00",
            "description": "clients sanders airworthiest immodesty stuccos revived",
            "name": "scepter",
            "object_id": null,
            "symbolicdataset": 5,
            "user": 1
        },
        "model": "archive.dataset",
        "pk": 5
    },
    {
        "fields": {
            "content_type": null,
            "dataset_file": "Datasets/close.csv",
            "date_created": "1982-04-06T23:21:47-05:00",
            "description": "dioxins josephus enormously portsmouth broad dirtiness",
            "name": "close",
            "object_id": null,
            "symbolicdataset": 6,
            "user": 1
        },
        "model": "archive.dataset",
        "pk": 6
    },
    {
        "fields": {
            "content_type": null,
            "dataset_file": "Datasets/differentiated.csv",
            "date_created": "2023-09-26T14:06:49-04:00",
            "description": "quadrupeds sabotaged sternness basin early spreeing",
            "name": "differentiated",
            "object_id": null,
            "symbolicdataset": 7,
            "user": 1
        },
        "model": "archive.dataset",
        "pk": 7
    },
    {
        "fields": {
            "content_type": null,
            "dataset_file": "Datasets/ticks.csv",
            "date_created": "2026-07-11T23:12:27-04:00",
            "description": "bushiest investigation payoff acrobatic babiest stronghold",
            "name": "ticks",
            "object_id": null,
            "symbolicdataset": 8,
            "user": 1
        },
        "model": "archive.dataset",
        "pk": 8
    },
    {
        "fields": {
            "content_type": null,
            "dataset_file": "Datasets/sad.csv",
            "date_created": "1972-06-06T12:33:56-04:00",
            "description": "squeakier intertwining distending jokers snacked coifed",
            "name": "sad",
            "object_id": null,
            "symbolicdataset": 9,
            "user": 1
        },
        "model": "archive.dataset",
        "pk": 9
    },
    {
        "fields": {
            "content_type": null,
            "dataset_file": "Datasets/paramedic.csv",
            "date_created": "2014-07-04T18:28:29-04:00",
            "description": "intoxicants knuckled burned nonrepresentational johnnie microscopes",
            "name": "paramedic",
            "object_id": null,
            "symbolicdataset": 10,
            "user": 1
        },
        "model": "archive.dataset",
        "pk": 10
    },
    {
        "fields": {
            "compounddatatype": 5,
            "num_rows": 56,
            "symbolicdataset": 1
        },
        "model": "librarian.datasetstructure",
        "pk": 1
    },
    {
        "fields": {
            "compounddatatype": 5,
            "num_rows": 49,
            "symbolicdataset": 2
        },
        "model": "librarian.datasetstructure",
        "pk": 2
    },
    {
        "fields": {
            "compounddatatype": 4,
            "num_rows": 81,
            "symbolicdataset": 3
        },
        "model": "librarian.datasetstructure",
        "pk": 3
    },
    {
        "fields": {
            "compounddatatype": 6,
            "num_rows": 17,
            "symbolicdataset": 4
        },
        "model": "librarian.datasetstructure",
        "pk": 4
    },
    {
        "fields": {
            "compounddatatype": 6,
            "num_rows": 74,
            "symbolicdataset": 5
        },
        "model": "librarian.datasetstructure",
        "pk": 5
    },
    {
        "fields": {
            "compounddatatype": 4,
            "num_rows": 63,
            "symbolicdataset": 6
        },
        "model": "librarian.datasetstructure",
        "pk": 6
    },
    {
        "fields": {
            "compounddatatype": 4,
            "num_rows": 56,
            "symbolicdataset": 7
        },
        "model": "librarian.datasetstructure",
        "pk": 7
    },
    {
        "fields": {
            "compounddatatype": 6,
            "num_rows": 7,
            "symbolicdataset": 8
        },
        "model": "librarian.datasetstructure",
        "pk": 8
    },
    {
        "fields": {
            "compounddatatype": 6,
            "num_rows": 60,
            "symbolicdataset": 9
        },
        "model": "librarian.datasetstructure",
        "pk": 9
    },
    {
        "fields": {
            "compounddatatype": 4,
            "num_rows": 60,
            "symbolicdataset": 10
        },
        "model": "librarian.datasetstructure",
        "pk": 10
    }
]
